-- ========================================================
-- 👑 COMPLETE DATABASE CLONE (CLEAN SLATE MODE)
-- Source: https://fjkasgelauwnsfoqecov.supabase.co
-- Generated on: 13.05.2026 13:14:12
-- ========================================================

BEGIN;

-- 🛑 Bypass integrity checks
SET session_replication_role = 'replica';

-- 1. EXTENSIONS
CREATE EXTENSION IF NOT EXISTS "pg_stat_statements";
CREATE EXTENSION IF NOT EXISTS "uuid-ossp";
CREATE EXTENSION IF NOT EXISTS "pgcrypto";
CREATE EXTENSION IF NOT EXISTS "supabase_vault";

-- 2. TYPES

-- TABLE STRUCTURE: public.cart_items
DROP TABLE IF EXISTS public."cart_items" CASCADE;
CREATE TABLE public."cart_items" (
    "id" uuid DEFAULT gen_random_uuid() NOT NULL,
    "company_id" uuid NOT NULL,
    "product_id" uuid NOT NULL,
    "quantity" integer DEFAULT 1 NOT NULL,
    "unselected" boolean DEFAULT false,
    "created_at" timestamp with time zone DEFAULT now(),
    "updated_at" timestamp with time zone DEFAULT now()
);

-- TABLE STRUCTURE: public.products
DROP TABLE IF EXISTS public."products" CASCADE;
CREATE TABLE public."products" (
    "id" uuid DEFAULT gen_random_uuid() NOT NULL,
    "code" text NOT NULL,
    "name" text NOT NULL,
    "brand" text,
    "category" text,
    "description" text,
    "image_url" text,
    "list_price" numeric DEFAULT 0 NOT NULL,
    "stock_quantity" integer DEFAULT 0 NOT NULL,
    "unit" text DEFAULT 'adet'::text,
    "is_active" boolean DEFAULT true,
    "created_at" timestamp with time zone DEFAULT now(),
    "product_number" text,
    "stock_merkez" integer DEFAULT 0,
    "stock_depo" integer DEFAULT 0,
    "currency" text DEFAULT 'TRY'::text,
    "discount_rate" numeric DEFAULT 0,
    "box_quantity" integer DEFAULT 1,
    "oem_no" text,
    "car_brand" text,
    "car_model" text,
    "cost_price" numeric DEFAULT 0,
    "profit_margin" numeric DEFAULT 0,
    "is_campaign" boolean DEFAULT false,
    "supplier_brand" text,
    "is_fixed_price" boolean DEFAULT false,
    "cart_discount_rate" numeric DEFAULT 0,
    "fixed_price_value" numeric DEFAULT 0,
    "fixed_price_currency" character varying DEFAULT 'TRY'::character varying,
    "fixed_usd_rate" numeric
);

-- TABLE STRUCTURE: public.account_transactions
DROP TABLE IF EXISTS public."account_transactions" CASCADE;
CREATE TABLE public."account_transactions" (
    "id" uuid DEFAULT gen_random_uuid() NOT NULL,
    "created_at" timestamp with time zone DEFAULT now() NOT NULL,
    "company_id" uuid NOT NULL,
    "transaction_type" text,
    "document_no" text,
    "description" text,
    "debt" numeric DEFAULT '0'::numeric,
    "credit" numeric DEFAULT '0'::numeric,
    "balance_after" numeric,
    "due_date" timestamp with time zone,
    "order_id" uuid
);

-- TABLE STRUCTURE: public.site_settings
DROP TABLE IF EXISTS public."site_settings" CASCADE;
CREATE TABLE public."site_settings" (
    "setting_key" text NOT NULL,
    "setting_value" jsonb DEFAULT '{}'::jsonb,
    "updated_at" timestamp with time zone DEFAULT now()
);

-- TABLE STRUCTURE: public.user_activities
DROP TABLE IF EXISTS public."user_activities" CASCADE;
CREATE TABLE public."user_activities" (
    "id" uuid DEFAULT gen_random_uuid() NOT NULL,
    "company_id" uuid,
    "action_type" text NOT NULL,
    "details" jsonb DEFAULT '{}'::jsonb,
    "created_at" timestamp with time zone DEFAULT now()
);

-- TABLE STRUCTURE: public.suggestions
DROP TABLE IF EXISTS public."suggestions" CASCADE;
CREATE TABLE public."suggestions" (
    "id" uuid DEFAULT gen_random_uuid() NOT NULL,
    "company_id" uuid,
    "user_id" uuid,
    "subject" text NOT NULL,
    "message" text NOT NULL,
    "created_at" timestamp with time zone DEFAULT now()
);

-- TABLE STRUCTURE: public.profiles
DROP TABLE IF EXISTS public."profiles" CASCADE;
CREATE TABLE public."profiles" (
    "id" uuid NOT NULL,
    "company_id" uuid,
    "full_name" text,
    "is_admin" boolean DEFAULT false,
    "created_at" timestamp with time zone DEFAULT now()
);

-- TABLE STRUCTURE: public.product_prices
DROP TABLE IF EXISTS public."product_prices" CASCADE;
CREATE TABLE public."product_prices" (
    "id" uuid DEFAULT gen_random_uuid() NOT NULL,
    "product_id" uuid,
    "price_group_id" uuid,
    "custom_price" numeric
);

-- TABLE STRUCTURE: public.price_groups
DROP TABLE IF EXISTS public."price_groups" CASCADE;
CREATE TABLE public."price_groups" (
    "id" uuid DEFAULT gen_random_uuid() NOT NULL,
    "name" text NOT NULL,
    "discount_percent" numeric DEFAULT 0,
    "created_at" timestamp with time zone DEFAULT now(),
    "rules" jsonb DEFAULT '{}'::jsonb
);

-- TABLE STRUCTURE: public.stock_movements
DROP TABLE IF EXISTS public."stock_movements" CASCADE;
CREATE TABLE public."stock_movements" (
    "id" uuid DEFAULT gen_random_uuid() NOT NULL,
    "product_id" uuid,
    "type" text NOT NULL,
    "quantity" integer NOT NULL,
    "note" text,
    "created_by" uuid,
    "created_at" timestamp with time zone DEFAULT now()
);

-- TABLE STRUCTURE: public.orders
DROP TABLE IF EXISTS public."orders" CASCADE;
CREATE TABLE public."orders" (
    "id" uuid DEFAULT gen_random_uuid() NOT NULL,
    "company_id" uuid,
    "status" text DEFAULT 'pending'::text,
    "shipping_address" text,
    "note" text,
    "total_amount" numeric DEFAULT 0,
    "created_at" timestamp with time zone DEFAULT now(),
    "updated_at" timestamp with time zone DEFAULT now(),
    "shipping_company" text,
    "tracking_number" text,
    "shipping_origin" text,
    "is_stock_reduced" boolean DEFAULT false
);

-- TABLE STRUCTURE: public.order_items
DROP TABLE IF EXISTS public."order_items" CASCADE;
CREATE TABLE public."order_items" (
    "id" uuid DEFAULT gen_random_uuid() NOT NULL,
    "order_id" uuid,
    "product_id" uuid,
    "quantity" integer NOT NULL,
    "unit_price" numeric NOT NULL,
    "total_price" numeric NOT NULL,
    "shipping_company" text,
    "tracking_number" text,
    "shipping_origin" text
);

-- TABLE STRUCTURE: public.invoices
DROP TABLE IF EXISTS public."invoices" CASCADE;
CREATE TABLE public."invoices" (
    "id" uuid DEFAULT gen_random_uuid() NOT NULL,
    "company_id" uuid,
    "order_id" uuid,
    "invoice_number" text NOT NULL,
    "status" text DEFAULT 'unpaid'::text,
    "issue_date" date DEFAULT CURRENT_DATE,
    "due_date" date,
    "subtotal" numeric DEFAULT 0,
    "tax_percent" numeric DEFAULT 18,
    "tax_amount" numeric DEFAULT 0,
    "total_amount" numeric DEFAULT 0,
    "paid_amount" numeric DEFAULT 0,
    "note" text,
    "created_at" timestamp with time zone DEFAULT now(),
    "oem_nos" text
);

-- TABLE STRUCTURE: public.invoice_items
DROP TABLE IF EXISTS public."invoice_items" CASCADE;
CREATE TABLE public."invoice_items" (
    "id" uuid DEFAULT gen_random_uuid() NOT NULL,
    "invoice_id" uuid,
    "product_id" uuid,
    "description" text,
    "quantity" integer NOT NULL,
    "unit_price" numeric NOT NULL,
    "total_price" numeric NOT NULL
);

-- TABLE STRUCTURE: public.product_follows
DROP TABLE IF EXISTS public."product_follows" CASCADE;
CREATE TABLE public."product_follows" (
    "id" uuid DEFAULT gen_random_uuid() NOT NULL,
    "user_id" uuid,
    "product_id" uuid,
    "created_at" timestamp with time zone DEFAULT now()
);

-- TABLE STRUCTURE: public.companies
DROP TABLE IF EXISTS public."companies" CASCADE;
CREATE TABLE public."companies" (
    "id" uuid DEFAULT gen_random_uuid() NOT NULL,
    "name" text NOT NULL,
    "tax_number" text NOT NULL,
    "address" text,
    "phone" text,
    "email" text,
    "contact_person" text,
    "status" text DEFAULT 'pending'::text,
    "price_group_id" uuid,
    "credit_limit" numeric DEFAULT 0,
    "current_balance" numeric DEFAULT 0,
    "created_at" timestamp with time zone DEFAULT now(),
    "tax_office" text,
    "city" text,
    "district" text,
    "branch" text,
    "dealer_code" text,
    "user_code" text,
    "is_prepayment_locked" boolean DEFAULT false,
    "risk_limit" numeric DEFAULT 0
);

-- TABLE STRUCTURE: public.banners
DROP TABLE IF EXISTS public."banners" CASCADE;
CREATE TABLE public."banners" (
    "id" uuid DEFAULT uuid_generate_v4() NOT NULL,
    "image_url" text NOT NULL,
    "is_active" boolean DEFAULT true,
    "created_at" timestamp with time zone DEFAULT now(),
    "display_order" integer DEFAULT 0
);

-- TABLE STRUCTURE: public.representative_assignments
DROP TABLE IF EXISTS public."representative_assignments" CASCADE;
CREATE TABLE public."representative_assignments" (
    "id" uuid DEFAULT gen_random_uuid() NOT NULL,
    "representative_id" uuid,
    "company_id" uuid,
    "created_at" timestamp with time zone DEFAULT now()
);

-- TABLE STRUCTURE: public.customer_representatives
DROP TABLE IF EXISTS public."customer_representatives" CASCADE;
CREATE TABLE public."customer_representatives" (
    "id" uuid DEFAULT gen_random_uuid() NOT NULL,
    "first_name" text NOT NULL,
    "last_name" text NOT NULL,
    "tc_no" text,
    "phone" text,
    "email" text,
    "position" text,
    "is_active" boolean DEFAULT true,
    "created_at" timestamp with time zone DEFAULT now(),
    "updated_at" timestamp with time zone DEFAULT now(),
    "dealer_code" text,
    "user_code" text,
    "password" text
);

-- TABLE STRUCTURE: public.company_extra_discounts
DROP TABLE IF EXISTS public."company_extra_discounts" CASCADE;
CREATE TABLE public."company_extra_discounts" (
    "id" uuid DEFAULT gen_random_uuid() NOT NULL,
    "company_id" uuid,
    "product_id" uuid,
    "discount_rate" numeric DEFAULT 0 NOT NULL,
    "created_at" timestamp with time zone DEFAULT now(),
    "is_used" boolean DEFAULT false,
    "used_at" timestamp with time zone
);

-- DATA: auth.users (76 rows)
INSERT INTO auth."users" ("instance_id", "id", "aud", "role", "email", "encrypted_password", "email_confirmed_at", "invited_at", "confirmation_token", "confirmation_sent_at", "recovery_token", "recovery_sent_at", "email_change_token_new", "email_change", "email_change_sent_at", "last_sign_in_at", "raw_app_meta_data", "raw_user_meta_data", "is_super_admin", "created_at", "updated_at", "phone", "phone_confirmed_at", "phone_change", "phone_change_token", "phone_change_sent_at", "email_change_token_current", "email_change_confirm_status", "banned_until", "reauthentication_token", "reauthentication_sent_at", "is_sso_user", "deleted_at", "is_anonymous") VALUES
('00000000-0000-0000-0000-000000000000', '5ddb1bf6-57ed-4fde-8af1-3ede452d277b', 'authenticated', 'authenticated', 'ist-1019@ist-1019.com', '$2a$10$V6lfHweg8Jf16Sdnn2uDQu0ZPFjPZUyeWNGiIP3kPLyLFm2TUR7rS', '2026-04-08T20:14:28.552524+00:00', NULL, '', NULL, '', NULL, '', '', NULL, '2026-04-23T11:32:57.477674+00:00', '{"provider":"email","providers":["email"]}'::jsonb, '{"full_name":"ÖMER KAYA","email_verified":true}'::jsonb, NULL, '2026-04-08T20:14:28.541548+00:00', '2026-04-23T13:49:38.277813+00:00', NULL, NULL, '', '', NULL, '', 0, NULL, '', NULL, FALSE, NULL, FALSE),
('00000000-0000-0000-0000-000000000000', '4301787d-b914-4651-91bd-6ae462cd2620', 'authenticated', 'authenticated', 'ant-1001@ant-1001.com', '$2a$10$N9ZhOOtF6yF7tOJ35M6FQ.fLm2XjQzvtgzgQcMrObnSifBAKA5roC', '2026-04-03T12:05:17.368802+00:00', NULL, '', NULL, '', NULL, '', '', NULL, '2026-04-03T12:54:32.416083+00:00', '{"provider":"email","providers":["email"]}'::jsonb, '{"full_name":"BURAK BEY","email_verified":true}'::jsonb, NULL, '2026-04-03T12:05:17.320091+00:00', '2026-04-03T12:54:32.476618+00:00', NULL, NULL, '', '', NULL, '', 0, NULL, '', NULL, FALSE, NULL, FALSE),
('00000000-0000-0000-0000-000000000000', '094af071-6965-4938-ad96-bf982eeadcb9', 'authenticated', 'authenticated', 'tok-1001@tok-1001.com', '$2a$10$CcpCVgDgRh0/GOXycRWbyu7gyROTKsJoOOGAfmv7/BD9Yjyx57m/O', '2026-04-04T14:55:35.613724+00:00', NULL, '', NULL, '', NULL, '', '', NULL, '2026-04-04T15:09:50.579009+00:00', '{"provider":"email","providers":["email"]}'::jsonb, '{"full_name":"MUSFAFA ÖZLÜCE","email_verified":true}'::jsonb, NULL, '2026-04-04T14:55:35.598878+00:00', '2026-04-04T15:09:50.581013+00:00', NULL, NULL, '', '', NULL, '', 0, NULL, '', NULL, FALSE, NULL, FALSE),
('00000000-0000-0000-0000-000000000000', '8066d766-65c7-41af-adcf-2ed15201210c', 'authenticated', 'authenticated', 'ank-1004@ank-1004.com', '$2a$10$Vg6kCBaHB.Lmx/6xigGmdue1p1dhyCIGFRKpAqx2lsJesUxToD9UO', '2026-04-22T16:40:25.891062+00:00', NULL, '', NULL, '', NULL, '', '', NULL, '2026-04-22T16:44:27.894033+00:00', '{"provider":"email","providers":["email"]}'::jsonb, '{"full_name":"KEMAL VURUŞKA","email_verified":true}'::jsonb, NULL, '2026-04-22T16:40:25.840378+00:00', '2026-04-23T08:08:24.812668+00:00', NULL, NULL, '', '', NULL, '', 0, NULL, '', NULL, FALSE, NULL, FALSE),
('00000000-0000-0000-0000-000000000000', '5e798186-4b05-4ff1-b785-d6686b6673d9', 'authenticated', 'authenticated', 'san-1001@san-1001.com', '$2a$10$rTOr50vsa0fkuSKjxp168esHtPbbizJhGvKYbhTttN5bfMqGxbutC', '2026-04-01T16:12:48.279586+00:00', NULL, '', NULL, '', NULL, '', '', NULL, '2026-04-01T16:23:20.878025+00:00', '{"provider":"email","providers":["email"]}'::jsonb, '{"full_name":"BURAK YÜRÜR","email_verified":true}'::jsonb, NULL, '2026-04-01T16:12:48.242199+00:00', '2026-04-02T07:22:26.5558+00:00', NULL, NULL, '', '', NULL, '', 0, NULL, '', NULL, FALSE, NULL, FALSE),
('00000000-0000-0000-0000-000000000000', 'a932098c-e06a-47ce-a091-fddf73034228', 'authenticated', 'authenticated', 'kil-1001@kil-1001.com', '$2a$10$180exicVhsiW3HlGF65yqONSIxbHKqr6AWJ6grCD.SiniVqldWvn2', '2026-04-14T12:47:29.911037+00:00', NULL, '', NULL, '', NULL, '', '', NULL, '2026-04-17T09:24:38.789535+00:00', '{"provider":"email","providers":["email"]}'::jsonb, '{"full_name":"SIDDIK KIRICI","email_verified":true}'::jsonb, NULL, '2026-04-14T12:47:29.879613+00:00', '2026-05-13T06:35:12.675925+00:00', NULL, NULL, '', '', NULL, '', 0, NULL, '', NULL, FALSE, NULL, FALSE),
('00000000-0000-0000-0000-000000000000', '8b0ee5d1-6277-42f1-b375-f791873e6702', 'authenticated', 'authenticated', 'dzc-1000@dzc-1000.com', '$2a$10$kug4d0jTrHpwz5ExLtiYH.mg1x4F/ZUDk3whalm4L.EwYLop.OvUm', '2026-03-23T10:39:14.928781+00:00', NULL, '', NULL, '', NULL, '', '', NULL, '2026-03-23T13:56:21.330003+00:00', '{"provider":"email","providers":["email"]}'::jsonb, '{"full_name":"SERTAN TUNÇEL","email_verified":true}'::jsonb, NULL, '2026-03-23T10:39:14.904514+00:00', '2026-05-07T10:28:22.223375+00:00', NULL, NULL, '', '', NULL, '', 0, NULL, '', NULL, FALSE, NULL, FALSE),
('00000000-0000-0000-0000-000000000000', 'e363c7fc-cbc2-4b6b-bf8b-505c26121f50', 'authenticated', 'authenticated', 'srn-1000@srn-1000.com', '$2a$10$ufFnbO2LRzGgB.0Ph1UKouOpHqmTGD7drlNsSFnJ/xlrJIyqPMwxS', '2026-03-23T08:43:52.264144+00:00', NULL, '', NULL, '', NULL, '', '', NULL, '2026-05-01T18:21:41.95864+00:00', '{"provider":"email","providers":["email"]}'::jsonb, '{"full_name":"YUSUF KOCAKAPLAN","email_verified":true}'::jsonb, NULL, '2026-03-23T08:43:52.237549+00:00', '2026-05-06T14:35:28.923321+00:00', NULL, NULL, '', '', NULL, '', 0, NULL, '', NULL, FALSE, NULL, FALSE),
('00000000-0000-0000-0000-000000000000', '10ab8eca-9cfa-49a1-ab8a-8ccd9b31c9e0', 'authenticated', 'authenticated', 'ist-1021@ist-1021.com', '$2a$10$qMekjhXfVWWvmYoTI4ToZOKx47TIqZMnptFRSLTJZBhqJdZDs9V2q', '2026-04-09T09:16:46.18551+00:00', NULL, '', NULL, '', NULL, '', '', NULL, '2026-04-09T11:05:04.623068+00:00', '{"provider":"email","providers":["email"]}'::jsonb, '{"full_name":"SERCAN TÜRKERİ","email_verified":true}'::jsonb, NULL, '2026-04-09T09:16:46.15877+00:00', '2026-05-12T11:47:36.137054+00:00', NULL, NULL, '', '', NULL, '', 0, NULL, '', NULL, FALSE, NULL, FALSE),
('00000000-0000-0000-0000-000000000000', '3705b643-bdb3-4e08-a5b8-f762eeaedd05', 'authenticated', 'authenticated', 'abc-1001@abc-1001.com', '$2a$10$leTO6mgN25l0/XHtxiw2nu2eP0vzt7U8N20VC302Na02JchiUm4Jq', '2026-04-07T09:13:31.069248+00:00', NULL, '', NULL, '', NULL, '', '', NULL, '2026-04-07T17:10:20.946985+00:00', '{"provider":"email","providers":["email"]}'::jsonb, '{"full_name":"abc","email_verified":true}'::jsonb, NULL, '2026-04-07T09:13:30.915265+00:00', '2026-04-07T17:10:20.96125+00:00', NULL, NULL, '', '', NULL, '', 0, NULL, '', NULL, FALSE, NULL, FALSE),
('00000000-0000-0000-0000-000000000000', '7d40e177-9e29-4f2e-8c1b-ecd1eb997159', 'authenticated', 'authenticated', 'brs-1000@brs-1000.com', '$2a$10$cSA6EB8dM2P0gtjZbzu4Regl8s.1aIoPYbL01fj1zcASYPWNmrzCS', '2026-03-23T09:03:05.048446+00:00', NULL, '', NULL, '', NULL, '', '', NULL, '2026-04-07T08:14:28.064601+00:00', '{"provider":"email","providers":["email"]}'::jsonb, '{"full_name":"ALİ SUNAL YILMAZ","email_verified":true}'::jsonb, NULL, '2026-03-23T09:03:05.000703+00:00', '2026-05-06T14:35:41.269284+00:00', NULL, NULL, '', '', NULL, '', 0, NULL, '', NULL, FALSE, NULL, FALSE),
('00000000-0000-0000-0000-000000000000', '28944f68-a4b8-46e9-91ec-3c9c51be5448', 'authenticated', 'authenticated', 'ada-1003@ada-1003.com', '$2a$10$RmedF0wZzQhpiTFqsNAOq.au5krzzrhbfjrIwM7WPhyKg957Zbsti', '2026-05-08T17:12:26.449621+00:00', NULL, '', NULL, '', NULL, '', '', NULL, '2026-05-08T19:59:32.574627+00:00', '{"provider":"email","providers":["email"]}'::jsonb, '{"full_name":"ALİ BAKAÇHAN","email_verified":true}'::jsonb, NULL, '2026-05-08T17:12:26.377482+00:00', '2026-05-08T19:59:32.656864+00:00', NULL, NULL, '', '', NULL, '', 0, NULL, '', NULL, FALSE, NULL, FALSE),
('00000000-0000-0000-0000-000000000000', 'd490a75e-54f3-40d1-b4f0-de5a6b71b18b', 'authenticated', 'authenticated', 'ord-1001@ord-1001.com', '$2a$10$2zXg3Np1Bc89Kp6epSVUmOyZ0Y0zmaH0pxW9qsgd94.pBF8jDZf0K', '2026-04-10T20:50:25.539579+00:00', NULL, '', NULL, '', NULL, '', '', NULL, '2026-04-13T14:40:46.921882+00:00', '{"provider":"email","providers":["email"]}'::jsonb, '{"full_name":"SERKAN BEY","email_verified":true}'::jsonb, NULL, '2026-04-10T20:50:25.516412+00:00', '2026-04-13T14:40:46.967971+00:00', NULL, NULL, '', '', NULL, '', 0, NULL, '', NULL, FALSE, NULL, FALSE),
('00000000-0000-0000-0000-000000000000', '8646d9c3-e462-4e22-a45f-6a92cb11feec', 'authenticated', 'authenticated', 'ank-1002@ank-1002.com', '$2a$10$elnAdErWXz9QyG8Xm14zn.LSHqclPMyJ0243LFPq/J5ozOYqvUFZ.', '2026-04-08T11:59:18.115603+00:00', NULL, '', NULL, '', NULL, '', '', NULL, '2026-04-08T12:19:34.865355+00:00', '{"provider":"email","providers":["email"]}'::jsonb, '{"full_name":"ERDİNÇ TÜRKMEN","email_verified":true}'::jsonb, NULL, '2026-04-08T11:59:18.078237+00:00', '2026-04-27T07:07:21.945208+00:00', NULL, NULL, '', '', NULL, '', 0, NULL, '', NULL, FALSE, NULL, FALSE),
('00000000-0000-0000-0000-000000000000', '6f5d1fe2-0201-4109-b6c9-e373d120d462', 'authenticated', 'authenticated', 'bur-1004@bur-1004.com', '$2a$10$seSSiPfpz23krJqfjU/9X.u8Xj2rtiurp7MrLcgtVFsM.JZTpQIwS', '2026-05-12T18:04:55.516882+00:00', NULL, '', NULL, '', NULL, '', '', NULL, '2026-05-12T18:28:53.335776+00:00', '{"provider":"email","providers":["email"]}'::jsonb, '{"full_name":"OSMAN ZEKİ DEMİR","email_verified":true}'::jsonb, NULL, '2026-05-12T18:04:55.457609+00:00', '2026-05-12T18:28:53.386034+00:00', NULL, NULL, '', '', NULL, '', 0, NULL, '', NULL, FALSE, NULL, FALSE),
('00000000-0000-0000-0000-000000000000', 'bae1c313-4f09-4e53-9406-c4a04dbf8a5c', 'authenticated', 'authenticated', 'mug-1001@mug-1001.com', '$2a$10$ZC0cL1uGxCHpP0v02xMYyuDHNWDH5RXtaRc7tUHKO9nepgIf.l00e', '2026-04-16T18:03:07.229293+00:00', NULL, '', NULL, '', NULL, '', '', NULL, '2026-05-06T11:43:54.59327+00:00', '{"provider":"email","providers":["email"]}'::jsonb, '{"full_name":"SEFER DOLDURAN","email_verified":true}'::jsonb, NULL, '2026-04-16T18:03:07.182353+00:00', '2026-05-12T15:14:13.853715+00:00', NULL, NULL, '', '', NULL, '', 0, NULL, '', NULL, FALSE, NULL, FALSE),
('00000000-0000-0000-0000-000000000000', '427ddd91-2a9a-44c0-8644-34d73680b54b', 'authenticated', 'authenticated', 'ist-1012@ist-1012.com', '$2a$10$w9PboCcoM8PAW44RCIQeDe.JOA3wvpgO7jjrIE2cw1VVS8ddAHlsu', '2026-04-02T09:10:58.265291+00:00', NULL, '', NULL, '', NULL, '', '', NULL, '2026-04-03T07:08:40.38203+00:00', '{"provider":"email","providers":["email"]}'::jsonb, '{"full_name":"İSRAFİL GÜNEŞ","email_verified":true}'::jsonb, NULL, '2026-04-02T09:10:58.229863+00:00', '2026-05-12T16:52:55.985667+00:00', NULL, NULL, '', '', NULL, '', 0, NULL, '', NULL, FALSE, NULL, FALSE),
('00000000-0000-0000-0000-000000000000', '09bbfe10-e0cf-4dd9-b42e-37b58a027988', 'authenticated', 'authenticated', 'ist-1022@ist-1022.com', '$2a$10$RnymllahfsiYDoJ6kI2MuO0FAdLelC0UpmIzonDG4sgE135Sytp2e', '2026-04-10T10:40:09.75438+00:00', NULL, '', NULL, '', NULL, '', '', NULL, '2026-05-11T07:37:36.677575+00:00', '{"provider":"email","providers":["email"]}'::jsonb, '{"full_name":"KERİM BEY","email_verified":true}'::jsonb, NULL, '2026-04-10T10:40:09.732764+00:00', '2026-05-11T07:37:36.682148+00:00', NULL, NULL, '', '', NULL, '', 0, NULL, '', NULL, FALSE, NULL, FALSE),
('00000000-0000-0000-0000-000000000000', '2f828aec-4fd8-497b-95a5-279accb7415d', 'authenticated', 'authenticated', 'hty-1000@hty-1000.com', '$2a$10$tOBKw08AYa5D9nB2q8Z3Ie9ej7G/tTLpB0EcM47XV258e0hylOThu', '2026-03-24T13:04:41.098056+00:00', NULL, '', NULL, '', NULL, '', '', NULL, '2026-03-31T11:17:23.480632+00:00', '{"provider":"email","providers":["email"]}'::jsonb, '{"full_name":"HAMDİN GÜMÜŞ","email_verified":true}'::jsonb, NULL, '2026-03-24T13:04:41.08806+00:00', '2026-03-31T11:17:23.483211+00:00', NULL, NULL, '', '', NULL, '', 0, NULL, '', NULL, FALSE, NULL, FALSE),
('00000000-0000-0000-0000-000000000000', '47fe9f38-2206-4585-abd8-80efd6fc7019', 'authenticated', 'authenticated', 'ama-1001@ama-1001.com', '$2a$10$8OUinQxKaKwlU7U6z2sdvu4rQlb3rYTxDLPXZggtX1t9OF5IuaKx.', '2026-04-03T18:02:50.848616+00:00', NULL, '', NULL, '', NULL, '', '', NULL, '2026-04-03T18:04:35.645258+00:00', '{"provider":"email","providers":["email"]}'::jsonb, '{"full_name":"EMRE BEY","email_verified":true}'::jsonb, NULL, '2026-04-03T18:02:50.807679+00:00', '2026-04-03T18:04:35.68203+00:00', NULL, NULL, '', '', NULL, '', 0, NULL, '', NULL, FALSE, NULL, FALSE),
('00000000-0000-0000-0000-000000000000', '89971aff-b029-435f-b56e-0bd3efd30ba7', 'authenticated', 'authenticated', 'ist-1024@ist-1024.com', '$2a$10$N8ioeu6Haly4RUNgP6RJR.Q0/ZRcN2AtaGxeWnDY0mRBY7YaN4qUK', '2026-04-17T09:02:43.860373+00:00', NULL, '', NULL, '', NULL, '', '', NULL, '2026-05-01T06:25:27.91956+00:00', '{"provider":"email","providers":["email"]}'::jsonb, '{"full_name":"ALİ BEY","email_verified":true}'::jsonb, NULL, '2026-04-17T09:02:43.820502+00:00', '2026-05-12T06:05:58.758846+00:00', NULL, NULL, '', '', NULL, '', 0, NULL, '', NULL, FALSE, NULL, FALSE),
('00000000-0000-0000-0000-000000000000', 'f46b9002-bbd0-4423-9d9c-ccff436df0b9', 'authenticated', 'authenticated', 'ist-1011@ist-1011.com', '$2a$10$56C.7vCX0okAANM06mxgYOWh5SlRZ1LoqHA5B543ND7aIMPUtU9a.', '2026-04-01T16:20:33.467086+00:00', NULL, '', NULL, '', NULL, '', '', NULL, '2026-04-06T13:47:27.28004+00:00', '{"provider":"email","providers":["email"]}'::jsonb, '{"full_name":"ÜMİT KARATAŞ","email_verified":true}'::jsonb, NULL, '2026-04-01T16:20:33.442312+00:00', '2026-04-06T13:47:27.339357+00:00', NULL, NULL, '', '', NULL, '', 0, NULL, '', NULL, FALSE, NULL, FALSE),
('00000000-0000-0000-0000-000000000000', '8c397daf-9c3b-4e67-aecd-a564153eb698', 'authenticated', 'authenticated', 'ist-1003@ist-1003.com', '$2a$10$/oqTlFs7.j/WtjEK36qbEOfWRz/st4uc.bcTMg3Vu1rrAcyCkVK1O', '2026-03-23T16:58:01.722823+00:00', NULL, '', NULL, '', NULL, '', '', NULL, '2026-04-18T10:52:45.805142+00:00', '{"provider":"email","providers":["email"]}'::jsonb, '{"full_name":"ERDİNÇ GÖKÇE","email_verified":true}'::jsonb, NULL, '2026-03-23T16:58:01.710127+00:00', '2026-04-21T10:39:39.951002+00:00', NULL, NULL, '', '', NULL, '', 0, NULL, '', NULL, FALSE, NULL, FALSE),
('00000000-0000-0000-0000-000000000000', '5ffbae96-3007-480f-bcf2-089088ecbe5d', 'authenticated', 'authenticated', 'ist-1017@ist-1017.com', '$2a$10$B55CNinNs5SOkkhzqfoUvOLNX1rL7PXL/ogd6OxGr7PeNXknm1vey', '2026-04-08T12:03:27.772079+00:00', NULL, '', NULL, '', NULL, '', '', NULL, NULL, '{"provider":"email","providers":["email"]}'::jsonb, '{"full_name":"ALİ GÖKGEZ","email_verified":true}'::jsonb, NULL, '2026-04-08T12:03:27.730411+00:00', '2026-04-08T12:03:27.773084+00:00', NULL, NULL, '', '', NULL, '', 0, NULL, '', NULL, FALSE, NULL, FALSE),
('00000000-0000-0000-0000-000000000000', '2a8a651b-7c67-4bc1-8d54-a730fa6ad4ee', 'authenticated', 'authenticated', 'ank-1003@ank-1003.com', '$2a$10$n.zErZNAng2u7Ti/I4/UVOj314gRSpY/szXxMQETnfr6DIGdO2SGC', '2026-04-10T12:30:40.373744+00:00', NULL, '', NULL, '', NULL, '', '', NULL, '2026-04-10T12:45:04.773422+00:00', '{"provider":"email","providers":["email"]}'::jsonb, '{"full_name":"OĞUZ BEY","email_verified":true}'::jsonb, NULL, '2026-04-10T12:30:40.347139+00:00', '2026-05-02T07:52:22.776087+00:00', NULL, NULL, '', '', NULL, '', 0, NULL, '', NULL, FALSE, NULL, FALSE),
('00000000-0000-0000-0000-000000000000', '0add6e4a-0e12-419c-9dbd-b44212bc5a78', 'authenticated', 'authenticated', 'ist-1013@ist-1013.com', '$2a$10$IiZ4gZQFw7VWezqKViEMsOh1/XGpQeZyBlDRB2mZo5i6OcZkK2.xq', '2026-04-02T20:12:53.356663+00:00', NULL, '', NULL, '', NULL, '', '', NULL, '2026-04-02T20:53:27.396782+00:00', '{"provider":"email","providers":["email"]}'::jsonb, '{"full_name":"MUSTAFA ÖZDEMİR","email_verified":true}'::jsonb, NULL, '2026-04-02T20:12:53.309602+00:00', '2026-04-10T09:59:35.46495+00:00', NULL, NULL, '', '', NULL, '', 0, NULL, '', NULL, FALSE, NULL, FALSE),
('00000000-0000-0000-0000-000000000000', '40033e13-f9bc-4460-86f3-61aeacb9c28d', 'authenticated', 'authenticated', 'ist-1005@ist-1005.com', '$2a$10$Dw2hafkE8.Zqx4H/gFGy6ejisqr4MW5Mn9fnyfYMIDXVLCSC.HOM6', '2026-03-25T10:22:47.37105+00:00', NULL, '', NULL, '', NULL, '', '', NULL, '2026-03-25T10:44:09.373011+00:00', '{"provider":"email","providers":["email"]}'::jsonb, '{"full_name":"DENİZ BEY","email_verified":true}'::jsonb, NULL, '2026-03-25T10:22:47.319331+00:00', '2026-05-08T09:15:40.938605+00:00', NULL, NULL, '', '', NULL, '', 0, NULL, '', NULL, FALSE, NULL, FALSE),
('00000000-0000-0000-0000-000000000000', 'c0d42c1f-1cba-4885-8249-acc013eecee0', 'authenticated', 'authenticated', 'qnb@qnb.com', '$2a$10$43ek4SrLGgv4YXRi8RxUS.k5/P21Mcahrn4DrNjiN1AN0308tINBq', '2026-04-29T20:08:19.319751+00:00', NULL, '', NULL, '', NULL, '', '', NULL, '2026-04-30T07:53:17.794533+00:00', '{"provider":"email","providers":["email"]}'::jsonb, '{"full_name":"QNB","email_verified":true}'::jsonb, NULL, '2026-04-29T20:08:19.286012+00:00', '2026-04-30T13:57:48.457941+00:00', NULL, NULL, '', '', NULL, '', 0, NULL, '', NULL, FALSE, NULL, FALSE),
('00000000-0000-0000-0000-000000000000', '5b4edce0-c704-4292-a8c6-103c89eebf44', 'authenticated', 'authenticated', 'hat-1001@hat-1001.com', '$2a$10$4kiE8shCstmThTqpSQWoVuWA72HA5NmouNwmoMn2bihQsTj7Ro67e', '2026-04-07T12:14:49.390833+00:00', NULL, '', NULL, '', NULL, '', '', NULL, '2026-05-11T07:52:57.76167+00:00', '{"provider":"email","providers":["email"]}'::jsonb, '{"full_name":"FERHAT BEY","email_verified":true}'::jsonb, NULL, '2026-04-07T12:14:49.327819+00:00', '2026-05-11T07:52:57.791719+00:00', NULL, NULL, '', '', NULL, '', 0, NULL, '', NULL, FALSE, NULL, FALSE),
('00000000-0000-0000-0000-000000000000', '4a18a469-aeaf-48ea-9918-80e292e82346', 'authenticated', 'authenticated', 'hat-1002@hat-1002.com', '$2a$10$P6wG2mgsa5g41DRH/D2WoeGgHtT1q21PJhvQVMHNuVEr8VFp9UHZe', '2026-04-15T08:34:33.770861+00:00', NULL, '', NULL, '', NULL, '', '', NULL, NULL, '{"provider":"email","providers":["email"]}'::jsonb, '{"full_name":"ÖZGÜR BOZKURT","email_verified":true}'::jsonb, NULL, '2026-04-15T08:34:33.722566+00:00', '2026-04-15T08:34:33.771871+00:00', NULL, NULL, '', '', NULL, '', 0, NULL, '', NULL, FALSE, NULL, FALSE),
('00000000-0000-0000-0000-000000000000', '822afa8d-aded-43ea-82fa-4def98ea3ae3', 'authenticated', 'authenticated', 'agr-1001@agr-1001.com', '$2a$10$JEgZAw2K.7JsQfBa27TKheW0AhviA3x64mtDiArQ814Uy19C6DDcG', '2026-04-09T09:44:36.465705+00:00', NULL, '', NULL, '', NULL, '', '', NULL, '2026-05-11T11:46:53.70695+00:00', '{"provider":"email","providers":["email"]}'::jsonb, '{"full_name":"HAZAR KAYA","email_verified":true}'::jsonb, NULL, '2026-04-09T09:44:36.410991+00:00', '2026-05-11T11:46:53.755426+00:00', NULL, NULL, '', '', NULL, '', 0, NULL, '', NULL, FALSE, NULL, FALSE),
('00000000-0000-0000-0000-000000000000', 'fa1617a0-2f8d-43a4-a4b3-af4890a5082a', 'authenticated', 'authenticated', 'krm-1000@krm-1000.com', '$2a$10$bcN9MnqMZMwDKmT.zoRiyOINR4r8eN4ppd2nvVzPwzRxpH1iODTCi', '2026-03-25T11:32:29.805971+00:00', NULL, '', NULL, '', NULL, '', '', NULL, '2026-03-25T11:36:41.954736+00:00', '{"provider":"email","providers":["email"]}'::jsonb, '{"full_name":"İBRAHİM BURHAN","email_verified":true}'::jsonb, NULL, '2026-03-25T11:32:29.759955+00:00', '2026-03-27T06:56:03.859832+00:00', NULL, NULL, '', '', NULL, '', 0, NULL, '', NULL, FALSE, NULL, FALSE),
('00000000-0000-0000-0000-000000000000', '0937672b-3b2b-49a4-89ba-5bfb367a4eb7', 'authenticated', 'authenticated', 'bar-1001@bar-1001.com', '$2a$10$8yJnl/RxwWXo7ov7NJFGROKz1hIYh/zIBUrgHeqe0DZNyL6NCezD2', '2026-04-05T15:06:28.450093+00:00', NULL, '', NULL, '', NULL, '', '', NULL, '2026-04-21T21:40:56.569894+00:00', '{"provider":"email","providers":["email"]}'::jsonb, '{"full_name":"HÜSEYİN GÜMÜŞ","email_verified":true}'::jsonb, NULL, '2026-04-05T15:06:28.405913+00:00', '2026-04-26T14:44:51.965985+00:00', NULL, NULL, '', '', NULL, '', 0, NULL, '', NULL, FALSE, NULL, FALSE),
('00000000-0000-0000-0000-000000000000', 'd563f368-f2ac-40a7-891b-be9892b42b26', 'authenticated', 'authenticated', 'gaz-1001@gaz-1001.com', '$2a$10$vzoAu1Dr0PR1qmz48jc8WeHe9nFd23H4pXFAbvtE/2Oy5ZJE9kxYe', '2026-04-13T10:59:14.824372+00:00', NULL, '', NULL, '', NULL, '', '', NULL, '2026-04-27T08:08:09.359879+00:00', '{"provider":"email","providers":["email"]}'::jsonb, '{"full_name":"GAZİANTEP YEDEK PRC.","email_verified":true}'::jsonb, NULL, '2026-04-13T10:59:14.78502+00:00', '2026-05-12T08:15:28.533097+00:00', NULL, NULL, '', '', NULL, '', 0, NULL, '', NULL, FALSE, NULL, FALSE),
('00000000-0000-0000-0000-000000000000', 'e0b1bddc-aa5b-4bea-bc89-52df05520884', 'authenticated', 'authenticated', 'ada-1002@ada-1002.com', '$2a$10$yZyGi7jdpf3gCGYwfqSWbe5ExjaXNGuyElT0rdnJx4WbOdTti7HAS', '2026-04-09T07:28:01.746205+00:00', NULL, '', NULL, '', NULL, '', '', NULL, '2026-04-13T07:38:18.764367+00:00', '{"provider":"email","providers":["email"]}'::jsonb, '{"full_name":"MERTCAN ÇAKIR","email_verified":true}'::jsonb, NULL, '2026-04-09T07:28:01.71006+00:00', '2026-05-13T09:41:52.150408+00:00', NULL, NULL, '', '', NULL, '', 0, NULL, '', NULL, FALSE, NULL, FALSE),
('00000000-0000-0000-0000-000000000000', '34b4eb9b-b118-4f2f-b46c-c6883cb4df2a', 'authenticated', 'authenticated', 'ist-1001@ist-1001.com', '$2a$10$jA60uDnoz.8ixwe9JlVygOE9itqUGTxGiKeiyNJxCUfD4CSn7sdbm', '2026-03-23T16:34:15.845828+00:00', NULL, '', NULL, '', NULL, '', '', NULL, '2026-03-27T07:18:15.061641+00:00', '{"provider":"email","providers":["email"]}'::jsonb, '{"full_name":"OZAN BEY","email_verified":true}'::jsonb, NULL, '2026-03-23T16:34:15.81406+00:00', '2026-05-12T17:58:41.699742+00:00', NULL, NULL, '', '', NULL, '', 0, NULL, '', NULL, FALSE, NULL, FALSE),
('00000000-0000-0000-0000-000000000000', '471db45f-a1db-4e7f-85cc-acdfbf3ac712', 'authenticated', 'authenticated', 'b-1000@b-1000.com', '$2a$10$1NKVPpg05gOFPeVNZmjuO.diyUTSSHBE4Pa0IIMqJnEUTIajgYKy6', '2026-02-28T17:43:24.964218+00:00', NULL, '', NULL, '', NULL, '', '', NULL, '2026-05-13T10:00:48.968229+00:00', '{"provider":"email","providers":["email"]}'::jsonb, '{"email_verified":true}'::jsonb, NULL, '2026-02-28T17:43:24.932482+00:00', '2026-05-13T10:00:49.008552+00:00', NULL, NULL, '', '', NULL, '', 0, NULL, '', NULL, FALSE, NULL, FALSE),
('00000000-0000-0000-0000-000000000000', '44f519b4-5ecc-47ff-8541-efdfec521d3c', 'authenticated', 'authenticated', 'qwerty@dsadksad.com', '$2a$10$sxaOG2irDyGM0nbF2yRTHOz9R8SBaNFSzm9MC4ttfUZPRO2Ha48Q6', '2026-03-29T20:53:26.529444+00:00', NULL, '', NULL, '', NULL, '', '', NULL, '2026-03-31T11:15:38.433003+00:00', '{"provider":"email","providers":["email"]}'::jsonb, '{"role":"representative","full_name":"MURAT  ŞAŞMAZ","email_verified":true}'::jsonb, NULL, '2026-03-29T20:53:26.497118+00:00', '2026-03-31T11:15:38.461244+00:00', NULL, NULL, '', '', NULL, '', 0, NULL, '', NULL, FALSE, NULL, FALSE),
('00000000-0000-0000-0000-000000000000', 'f158975f-7a49-4583-8102-286adce4267b', 'authenticated', 'authenticated', 'brs-1001@brs-1001.com', '$2a$10$B5u8kTBbxyI3m4G2/eLSlOK4zT4iOEX80GAOIPyfaHvv8.M9fvFku', '2026-03-23T10:43:12.862623+00:00', NULL, '', NULL, '', NULL, '', '', NULL, NULL, '{"provider":"email","providers":["email"]}'::jsonb, '{"full_name":"ERSİN KEYİKÇİ","email_verified":true}'::jsonb, NULL, '2026-03-23T10:43:12.849745+00:00', '2026-03-23T10:43:12.8635+00:00', NULL, NULL, '', '', NULL, '', 0, NULL, '', NULL, FALSE, NULL, FALSE),
('00000000-0000-0000-0000-000000000000', 'd8504e2c-5599-4e6a-b8a7-49b70a89c1ac', 'authenticated', 'authenticated', 'tkr-1000@tkr-1000.com', '$2a$10$wNhcylqbwu3nQ6AAigwFW./m07lAJx4lC03bOlNGMFLdhHNGpcbi2', '2026-03-23T08:31:34.871398+00:00', NULL, '', NULL, '', NULL, '', '', NULL, '2026-03-23T08:37:14.691291+00:00', '{"provider":"email","providers":["email"]}'::jsonb, '{"full_name":"BURHAN AVCI","email_verified":true}'::jsonb, NULL, '2026-03-23T08:31:34.837921+00:00', '2026-05-12T07:58:09.776866+00:00', NULL, NULL, '', '', NULL, '', 0, NULL, '', NULL, FALSE, NULL, FALSE),
('00000000-0000-0000-0000-000000000000', '99e773e0-2e35-4c31-824c-71e5b6369c91', 'authenticated', 'authenticated', 'aks-1000@aks-1000.com', '$2a$10$AKSVzcMeQQ1iqSMByaSK.eQ7QMLZIEPevkakbVmpAJYlPSOQK3qSO', '2026-03-23T19:38:28.457541+00:00', NULL, '', NULL, '', NULL, '', '', NULL, '2026-03-24T11:42:22.53515+00:00', '{"provider":"email","providers":["email"]}'::jsonb, '{"full_name":"HALİL ARIK","email_verified":true}'::jsonb, NULL, '2026-03-23T19:38:28.420679+00:00', '2026-03-26T08:55:58.396987+00:00', NULL, NULL, '', '', NULL, '', 0, NULL, '', NULL, FALSE, NULL, FALSE),
('00000000-0000-0000-0000-000000000000', '6fffd802-274c-4b7b-a6ce-3774fe3dd6ae', 'authenticated', 'authenticated', 'ank-1000@ank-1000.com', '$2a$10$Ogf.QUV5GJnmb4sK5JaYoeQGo3K6Aq0YXBvxVcEC1U/5T1Z4jMqv2', '2026-03-25T19:02:08.807218+00:00', NULL, '', NULL, '', NULL, '', '', NULL, '2026-03-25T19:03:25.926343+00:00', '{"provider":"email","providers":["email"]}'::jsonb, '{"full_name":"GÖKHAN KAPLAN","email_verified":true}'::jsonb, NULL, '2026-03-25T19:02:08.779347+00:00', '2026-03-25T19:03:25.985581+00:00', NULL, NULL, '', '', NULL, '', 0, NULL, '', NULL, FALSE, NULL, FALSE),
('00000000-0000-0000-0000-000000000000', '1effba6f-7fc5-48b9-8017-715640ea801b', 'authenticated', 'authenticated', 'brs-1002@brs-1002.com', '$2a$10$eryn/at2Qj0KsBcHhgLx9OhTpNdB5ua31vIoCbDz5y0cJK7.BM57a', '2026-03-25T11:23:50.982153+00:00', NULL, '', NULL, '', NULL, '', '', NULL, NULL, '{"provider":"email","providers":["email"]}'::jsonb, '{"full_name":"KAMİL KURTULAN","email_verified":true}'::jsonb, NULL, '2026-03-25T11:23:50.949622+00:00', '2026-03-25T11:37:21.964577+00:00', NULL, NULL, '', '', NULL, '', 0, NULL, '', NULL, FALSE, NULL, FALSE),
('00000000-0000-0000-0000-000000000000', '48b699f4-40e1-4d53-b5c5-224a8109be73', 'authenticated', 'authenticated', 'ank-1001@ank-1001.com', '$2a$10$UPe6m4LoJtk2YyiGevUB9eQgRJMNmuEuiyeStPtxBqPUHDUGEE8gW', '2026-03-27T17:31:55.942448+00:00', NULL, '', NULL, '', NULL, '', '', NULL, '2026-03-31T16:59:41.307065+00:00', '{"provider":"email","providers":["email"]}'::jsonb, '{"full_name":"MÜCAHİT BEY","email_verified":true}'::jsonb, NULL, '2026-03-27T17:31:55.928552+00:00', '2026-03-31T18:41:24.030386+00:00', NULL, NULL, '', '', NULL, '', 0, NULL, '', NULL, FALSE, NULL, FALSE),
('00000000-0000-0000-0000-000000000000', 'e7cf9204-e930-478d-8f5a-4aaf9cbb2dda', 'authenticated', 'authenticated', 'ist-1007@ist-1007.com', '$2a$10$NV7UqO/TOKQN9NAtpDS.X.P2uyY5.f7CIjDMwOSZ8EDtqJWjHX4Hm', '2026-03-26T08:13:49.973452+00:00', NULL, '', NULL, '', NULL, '', '', NULL, '2026-03-26T09:02:58.163832+00:00', '{"provider":"email","providers":["email"]}'::jsonb, '{"full_name":"VOLKAN BAŞEĞMEZ","email_verified":true}'::jsonb, NULL, '2026-03-26T08:13:49.927926+00:00', '2026-03-26T19:56:13.701174+00:00', NULL, NULL, '', '', NULL, '', 0, NULL, '', NULL, FALSE, NULL, FALSE),
('00000000-0000-0000-0000-000000000000', 'fdb8e03e-c09f-46d3-bd52-06bd1fe024e3', 'authenticated', 'authenticated', 'ist-1008@ist-1008.com', '$2a$10$E7AfxE1iox4Tt/SqJ0oyZOdg4xj3FKughhHUjGIaGlYOMgImyy1UC', '2026-03-27T17:34:38.283531+00:00', NULL, '', NULL, '', NULL, '', '', NULL, '2026-04-02T15:14:39.255756+00:00', '{"provider":"email","providers":["email"]}'::jsonb, '{"full_name":"EMRE ÜSTÜNDAĞ","email_verified":true}'::jsonb, NULL, '2026-03-27T17:34:38.277192+00:00', '2026-04-27T15:28:48.469075+00:00', NULL, NULL, '', '', NULL, '', 0, NULL, '', NULL, FALSE, NULL, FALSE),
('00000000-0000-0000-0000-000000000000', '8a49484d-581f-44dd-8710-1fa8c41944ae', 'authenticated', 'authenticated', 'izm-1001@izm-1001.com', '$2a$10$HnRJ1ojLDr340ke3Lem00OHpK9jvW3UTdJ49FHupCA306erwpXmEm', '2026-03-30T07:40:40.121272+00:00', NULL, '', NULL, '', NULL, '', '', NULL, '2026-03-30T10:15:36.472231+00:00', '{"provider":"email","providers":["email"]}'::jsonb, '{"full_name":"Murat İpek","email_verified":true}'::jsonb, NULL, '2026-03-30T07:40:40.084131+00:00', '2026-05-04T07:32:36.444001+00:00', NULL, NULL, '', '', NULL, '', 0, NULL, '', NULL, FALSE, NULL, FALSE),
('00000000-0000-0000-0000-000000000000', '1a866c52-ae2b-4552-a931-fef885a5fedf', 'authenticated', 'authenticated', 'ist-1002@ist-1002.com', '$2a$10$eBjinkqckqE4aowNh/CTCe1TYvP0hnFC2Ax8amxIoaKKEvfET9BhK', '2026-03-23T16:53:19.260722+00:00', NULL, '', NULL, '', NULL, '', '', NULL, '2026-03-24T12:24:17.940187+00:00', '{"provider":"email","providers":["email"]}'::jsonb, '{"full_name":"ENGİN BEY","email_verified":true}'::jsonb, NULL, '2026-03-23T16:53:19.242865+00:00', '2026-05-02T16:00:50.489898+00:00', NULL, NULL, '', '', NULL, '', 0, NULL, '', NULL, FALSE, NULL, FALSE),
('00000000-0000-0000-0000-000000000000', '91ff382c-93c4-4efe-9bfe-5db48e3f048f', 'authenticated', 'authenticated', 'isp-1000@isp-1000.com', '$2a$10$/wMgB48.eP9fDD1BwB6piePARpvaNel8SRLAGct1lgIDT5N9rev32', '2026-03-24T13:01:33.109628+00:00', NULL, '', NULL, '', NULL, '', '', NULL, '2026-05-08T08:20:20.020934+00:00', '{"provider":"email","providers":["email"]}'::jsonb, '{"full_name":"VEDAT TÜRKER","email_verified":true}'::jsonb, NULL, '2026-03-24T13:01:33.07687+00:00', '2026-05-12T20:19:00.476648+00:00', NULL, NULL, '', '', NULL, '', 0, NULL, '', NULL, FALSE, NULL, FALSE),
('00000000-0000-0000-0000-000000000000', '251584a7-d204-4cb7-9cb0-eff4060b8240', 'authenticated', 'authenticated', 'ist-1010@ist-1010.com', '$2a$10$6O5OD0YHCKM2FYTlTLNHOuwdrFCmL9BB1A7wqU2s3mT8KjBWGt6ty', '2026-03-30T13:59:42.112762+00:00', NULL, '', NULL, '', NULL, '', '', NULL, '2026-03-30T14:51:46.116916+00:00', '{"provider":"email","providers":["email"]}'::jsonb, '{"full_name":"BEDİRHAN BEY","email_verified":true}'::jsonb, NULL, '2026-03-30T13:59:42.066795+00:00', '2026-05-12T14:35:21.640935+00:00', NULL, NULL, '', '', NULL, '', 0, NULL, '', NULL, FALSE, NULL, FALSE),
('00000000-0000-0000-0000-000000000000', '8e0704ee-ee99-49ed-be86-c8ccc27cd918', 'authenticated', 'authenticated', 'ist-1004@ist-1004.com', '$2a$10$eLIAF/E6/rG9Qzk/LWh3req2tiO9tpj6Zy4XAezVoae1znFDuZGta', '2026-03-24T17:07:18.188187+00:00', NULL, '', NULL, '', NULL, '', '', NULL, '2026-04-25T21:06:24.728599+00:00', '{"provider":"email","providers":["email"]}'::jsonb, '{"full_name":"CEVDET BEY","email_verified":true}'::jsonb, NULL, '2026-03-24T17:07:18.148228+00:00', '2026-05-05T23:25:55.521311+00:00', NULL, NULL, '', '', NULL, '', 0, NULL, '', NULL, FALSE, NULL, FALSE),
('00000000-0000-0000-0000-000000000000', 'd04b197a-a856-492d-a8a1-2653bd904afc', 'authenticated', 'authenticated', 'ada-1001@ada-1001.com', '$2a$10$T.O9foMOn2T7Uh5ZW1LPiODR/vtt7u8.KIDfrGNDPIoGWzeFh0HrS', '2026-03-31T16:41:05.637486+00:00', NULL, '', NULL, '', NULL, '', '', NULL, '2026-04-08T13:12:33.47486+00:00', '{"provider":"email","providers":["email"]}'::jsonb, '{"full_name":"UFUK OKAY","email_verified":true}'::jsonb, NULL, '2026-03-31T16:41:05.608054+00:00', '2026-05-06T15:09:47.85275+00:00', NULL, NULL, '', '', NULL, '', 0, NULL, '', NULL, FALSE, NULL, FALSE),
('00000000-0000-0000-0000-000000000000', '83b74096-c872-425a-918d-14191ade1909', 'authenticated', 'authenticated', 'grs-1000@grs-1000.com', '$2a$10$Lvk19DVeM/uCIFPHiiNK3.PIpJKjbo/B00OsZzowG9CCHrGGoiOfy', '2026-03-27T18:44:25.130561+00:00', NULL, '', NULL, '', NULL, '', '', NULL, '2026-04-21T10:40:11.451129+00:00', '{"provider":"email","providers":["email"]}'::jsonb, '{"full_name":"MEHMET ÇAKIR","email_verified":true}'::jsonb, NULL, '2026-03-27T18:44:25.080502+00:00', '2026-05-11T08:02:11.091228+00:00', NULL, NULL, '', '', NULL, '', 0, NULL, '', NULL, FALSE, NULL, FALSE),
('00000000-0000-0000-0000-000000000000', 'e294c245-faa6-49df-b281-c6ad0f54f653', 'authenticated', 'authenticated', 'brs-1003@brs-1003.com', '$2a$10$hLi19upAQpJNjLzq3SwH0OmV1JsFYcOgz8mnT6R6f/DUVxJNpOQdK', '2026-03-25T11:35:22.475948+00:00', NULL, '', NULL, '', NULL, '', '', NULL, '2026-03-25T11:41:33.292141+00:00', '{"provider":"email","providers":["email"]}'::jsonb, '{"full_name":"RECEP KURTULAN","email_verified":true}'::jsonb, NULL, '2026-03-25T11:35:22.426557+00:00', '2026-04-10T10:25:59.613068+00:00', NULL, NULL, '', '', NULL, '', 0, NULL, '', NULL, FALSE, NULL, FALSE),
('00000000-0000-0000-0000-000000000000', '6d5f56fc-42b4-472d-bdbb-295049a46a44', 'authenticated', 'authenticated', 'b-1001@b-1001.com', '$2a$10$f4UtGdopkW3aPnf5agLQ8.H1zf5lj8gPuNRqep6Pf5gSyPAjuR9ea', '2026-03-20T20:55:59.099814+00:00', NULL, '', NULL, '', NULL, '', '', NULL, '2026-05-13T10:06:37.514616+00:00', '{"provider":"email","providers":["email"]}'::jsonb, '{"full_name":"DENEME","email_verified":true}'::jsonb, NULL, '2026-03-20T20:55:59.075889+00:00', '2026-05-13T10:06:37.560003+00:00', NULL, NULL, '', '', NULL, '', 0, NULL, '', NULL, FALSE, NULL, FALSE),
('00000000-0000-0000-0000-000000000000', '6e9361ed-4ebb-4e5d-9e26-42df9e440ed6', 'authenticated', 'authenticated', 'koc-1000@koc-1000.com', '$2a$10$O1vJt5D51indwE9t7d8tNe4wffgY0kKB7PkzsYLIyQepnU5CYNjHK', '2026-03-26T08:17:03.037158+00:00', NULL, '', NULL, '', NULL, '', '', NULL, '2026-03-26T09:00:09.368956+00:00', '{"provider":"email","providers":["email"]}'::jsonb, '{"full_name":"BARAN YILDIRIM","email_verified":true}'::jsonb, NULL, '2026-03-26T08:17:03.032295+00:00', '2026-05-11T16:05:27.752717+00:00', NULL, NULL, '', '', NULL, '', 0, NULL, '', NULL, FALSE, NULL, FALSE),
('00000000-0000-0000-0000-000000000000', '353edf4d-ec2a-4396-b6b5-8d0d14401427', 'authenticated', 'authenticated', 'mns-1000@mns-1000.com', '$2a$10$UleJi4rwUZEaqhnWxxSOd.yZaOkOVoe48eWJ1g6Ebo1PXgwES3HzG', '2026-03-23T09:10:02.828287+00:00', NULL, '', NULL, '', NULL, '', '', NULL, '2026-03-23T12:31:55.434011+00:00', '{"provider":"email","providers":["email"]}'::jsonb, '{"full_name":"SİNEM AKÇİN","email_verified":true}'::jsonb, NULL, '2026-03-23T09:10:02.809317+00:00', '2026-05-08T09:05:38.656304+00:00', NULL, NULL, '', '', NULL, '', 0, NULL, '', NULL, FALSE, NULL, FALSE),
('00000000-0000-0000-0000-000000000000', '9a22da0f-119e-4c87-a9b5-f69790a65709', 'authenticated', 'authenticated', 'ist-1006@ist-1006.com', '$2a$10$7p8izJvJ2z3PxD4z2.Seee6uC9VtvcevFa8mmw/Wl2MN3v8lfzZIa', '2026-03-25T15:59:22.965373+00:00', NULL, '', NULL, '', NULL, '', '', NULL, '2026-03-25T16:03:55.792182+00:00', '{"provider":"email","providers":["email"]}'::jsonb, '{"full_name":"FATİH BEY","email_verified":true}'::jsonb, NULL, '2026-03-25T15:59:22.914625+00:00', '2026-03-31T15:12:24.701405+00:00', NULL, NULL, '', '', NULL, '', 0, NULL, '', NULL, FALSE, NULL, FALSE),
('00000000-0000-0000-0000-000000000000', 'dce35df8-4957-4259-8cfa-3f24a586fa11', 'authenticated', 'authenticated', 'sir-1001@sir-1001.com', '$2a$10$dJX7y/3OteuGk/mlqu/n9OCf5SzDx.MpRiGBcmeM2Zn5bciJAnE2e', '2026-04-30T07:20:55.859004+00:00', NULL, '', NULL, '', NULL, '', '', NULL, '2026-04-30T07:34:40.516533+00:00', '{"provider":"email","providers":["email"]}'::jsonb, '{"full_name":"İBRAHİM SADAK","email_verified":true}'::jsonb, NULL, '2026-04-30T07:20:55.825865+00:00', '2026-05-06T10:13:58.613197+00:00', NULL, NULL, '', '', NULL, '', 0, NULL, '', NULL, FALSE, NULL, FALSE),
('00000000-0000-0000-0000-000000000000', '8908b724-b8f4-45b3-8438-61ac803ffa02', 'authenticated', 'authenticated', 'ist-1018@ist-1018.com', '$2a$10$VxW/RYpIX/uUmgkvrc6K8.05nzAi8kDrJH8cB4BJ0S85aJiNvVgGK', '2026-04-08T20:11:59.06784+00:00', NULL, '', NULL, '', NULL, '', '', NULL, '2026-04-09T08:41:17.358912+00:00', '{"provider":"email","providers":["email"]}'::jsonb, '{"full_name":"MEHMET DİNÇ","email_verified":true}'::jsonb, NULL, '2026-04-08T20:11:59.027993+00:00', '2026-04-09T08:41:17.380976+00:00', NULL, NULL, '', '', NULL, '', 0, NULL, '', NULL, FALSE, NULL, FALSE),
('00000000-0000-0000-0000-000000000000', 'ea21de2f-79ee-4de0-bfa3-23335f9f08ec', 'authenticated', 'authenticated', 'diy-1001@diy-1001.com', '$2a$10$MrZw.x7OIZRKH5mGYxOU.eMDwSYRDoF1NrT5Q9bxGCuxKX4iOkTRO', '2026-05-07T14:32:07.529289+00:00', NULL, '', NULL, '', NULL, '', '', NULL, '2026-05-07T14:54:01.642789+00:00', '{"provider":"email","providers":["email"]}'::jsonb, '{"full_name":"VEYSEL BALMIŞ","email_verified":true}'::jsonb, NULL, '2026-05-07T14:32:07.49038+00:00', '2026-05-12T07:44:19.273677+00:00', NULL, NULL, '', '', NULL, '', 0, NULL, '', NULL, FALSE, NULL, FALSE),
('00000000-0000-0000-0000-000000000000', '41893c5b-12ad-42b7-bc2f-6d8ff1a445c1', 'authenticated', 'authenticated', 'san-1002@san-1002.com', '$2a$10$H6znMtbmHF4wod.MFlHbXu.K1wpwO.U38v5S4ZuxeSx3hn531nsNq', '2026-04-10T07:24:36.637718+00:00', NULL, '', NULL, '', NULL, '', '', NULL, '2026-04-30T16:06:00.314852+00:00', '{"provider":"email","providers":["email"]}'::jsonb, '{"full_name":"ERDİNÇ BEY","email_verified":true}'::jsonb, NULL, '2026-04-10T07:24:36.589987+00:00', '2026-04-30T16:06:00.368414+00:00', NULL, NULL, '', '', NULL, '', 0, NULL, '', NULL, FALSE, NULL, FALSE),
('00000000-0000-0000-0000-000000000000', 'c47d9583-4a8c-4d7a-9989-8632fbcd3679', 'authenticated', 'authenticated', 'koc-1001@koc-1001.com', '$2a$10$.YvQfW4bNSXCt9BCrQ.1pOV6ircvXAMCJV8tzCkmPOtFTAQzLO60q', '2026-04-10T12:36:10.235679+00:00', NULL, '', NULL, '', NULL, '', '', NULL, NULL, '{"provider":"email","providers":["email"]}'::jsonb, '{"full_name":"FATİH BARAN","email_verified":true}'::jsonb, NULL, '2026-04-10T12:36:10.220613+00:00', '2026-04-10T12:36:10.236562+00:00', NULL, NULL, '', '', NULL, '', 0, NULL, '', NULL, FALSE, NULL, FALSE),
('00000000-0000-0000-0000-000000000000', '6a2e613a-ab06-452d-b116-ecc8925a21e8', 'authenticated', 'authenticated', 'murat@murat.com', '$2a$10$Tdu9TIHpezyd4MTJJQ7m1e6FAXd9t5c1p.W5KboHi1R5xOhpr6y1K', '2026-03-23T09:40:59.116164+00:00', NULL, '', NULL, '', NULL, '', '', NULL, '2026-04-01T16:43:48.276157+00:00', '{"provider":"email","providers":["email"]}'::jsonb, '{"full_name":"MURAT ŞAŞMAZ","email_verified":true}'::jsonb, NULL, '2026-03-23T09:40:59.017035+00:00', '2026-04-03T09:04:48.129591+00:00', NULL, NULL, '', '', NULL, '', 0, NULL, '', NULL, FALSE, NULL, FALSE),
('00000000-0000-0000-0000-000000000000', 'cda42536-266b-4882-9a7c-3028a8b4bf10', 'authenticated', 'authenticated', 'ist-1020@ist-1020.com', '$2a$10$fL9PBFKWUwUtcNjgHYsvWen1xAo79fJkOJ7i8uYuc4xd9pef9AoVC', '2026-04-09T08:46:06.003668+00:00', NULL, '', NULL, '', NULL, '', '', NULL, '2026-04-09T08:52:48.525425+00:00', '{"provider":"email","providers":["email"]}'::jsonb, '{"full_name":"DENİZ BEY","email_verified":true}'::jsonb, NULL, '2026-04-09T08:46:05.97164+00:00', '2026-05-07T10:23:13.401671+00:00', NULL, NULL, '', '', NULL, '', 0, NULL, '', NULL, FALSE, NULL, FALSE),
('00000000-0000-0000-0000-000000000000', '9b436ef9-cf00-4e2f-a221-28d45646d0c5', 'authenticated', 'authenticated', 'blk-1000@blk-1000.com', '$2a$10$doBmaMSgySj/5k1XK4ivk.c4uiNiQKGSEJBqalHpQbndB/io8zvT2', '2026-03-27T17:24:41.658594+00:00', NULL, '', NULL, '', NULL, '', '', NULL, '2026-04-30T14:51:38.34865+00:00', '{"provider":"email","providers":["email"]}'::jsonb, '{"full_name":"ALİ DEVRAN ASLANTÜRK","email_verified":true}'::jsonb, NULL, '2026-03-27T17:24:41.619073+00:00', '2026-05-13T07:12:12.630306+00:00', NULL, NULL, '', '', NULL, '', 0, NULL, '', NULL, FALSE, NULL, FALSE),
('00000000-0000-0000-0000-000000000000', '26c44ad8-880f-43e8-89cd-d621bdc90f43', 'authenticated', 'authenticated', 'ist-1016@ist-1016.com', '$2a$10$KIiVRda2bhUpz0IhpiC/0ugxPpXhIUblDGtxOoiG/x46HIcq41xqC', '2026-04-08T10:49:16.567485+00:00', NULL, '', NULL, '', NULL, '', '', NULL, '2026-04-08T15:36:40.60875+00:00', '{"provider":"email","providers":["email"]}'::jsonb, '{"full_name":"RAMAZAN UĞURLU","email_verified":true}'::jsonb, NULL, '2026-04-08T10:49:16.540419+00:00', '2026-04-09T20:08:21.15657+00:00', NULL, NULL, '', '', NULL, '', 0, NULL, '', NULL, FALSE, NULL, FALSE),
('00000000-0000-0000-0000-000000000000', '66ac7d2e-9086-4e2d-9116-1deafffcf303', 'authenticated', 'authenticated', 'ist-1015@ist-1015.com', '$2a$10$/n1pVVC.0jD8kzDpi224luO/7gRkSCafnA9g0W6pIcSUm4KgYKxqa', '2026-04-06T16:58:52.00129+00:00', NULL, '', NULL, '', NULL, '', '', NULL, '2026-04-07T10:38:36.383008+00:00', '{"provider":"email","providers":["email"]}'::jsonb, '{"full_name":"İSA UĞURLU","email_verified":true}'::jsonb, NULL, '2026-04-06T16:58:51.975358+00:00', '2026-04-24T13:03:22.610787+00:00', NULL, NULL, '', '', NULL, '', 0, NULL, '', NULL, FALSE, NULL, FALSE),
('00000000-0000-0000-0000-000000000000', 'aa735f18-1f5b-4499-a7a4-4af3cb6bf0bb', 'authenticated', 'authenticated', 'osm-1001@osm-1001.com', '$2a$10$kZkANOyiZE3tWIWOQSiOj.d/aqXxuOFTaE5dCfeM5ZY/JrC48GkGK', '2026-04-18T20:40:31.281723+00:00', NULL, '', NULL, '', NULL, '', '', NULL, NULL, '{"provider":"email","providers":["email"]}'::jsonb, '{"full_name":"HALİL İBRAHİM","email_verified":true}'::jsonb, NULL, '2026-04-18T20:40:31.234825+00:00', '2026-04-18T20:40:31.282604+00:00', NULL, NULL, '', '', NULL, '', 0, NULL, '', NULL, FALSE, NULL, FALSE),
('00000000-0000-0000-0000-000000000000', '551b9b07-5ff8-49ca-955a-6bc48fbc7b24', 'authenticated', 'authenticated', 'ist-1014@ist-1014.com', '$2a$10$aD.I8PVlGUM392VT0KmNkeXNqzjYFetbfNIcMvEh3nYb9miR5GX8e', '2026-04-02T20:22:06.943255+00:00', NULL, '', NULL, '', NULL, '', '', NULL, '2026-04-03T07:12:16.454642+00:00', '{"provider":"email","providers":["email"]}'::jsonb, '{"full_name":"TAHA DURGUN","email_verified":true}'::jsonb, NULL, '2026-04-02T20:22:06.920753+00:00', '2026-05-13T07:22:43.370632+00:00', NULL, NULL, '', '', NULL, '', 0, NULL, '', NULL, FALSE, NULL, FALSE),
('00000000-0000-0000-0000-000000000000', 'd93acdf0-87cb-4664-96a9-b8117cde052e', 'authenticated', 'authenticated', 'duz-1001@duz-1001.com', '$2a$10$h7LeZ1p1/nOx3kBt99mWxuh2P3gdrCv85Gds0DJNOQBWJal8K23qi', '2026-03-30T12:11:55.349638+00:00', NULL, '', NULL, '', NULL, '', '', NULL, '2026-03-30T12:16:55.242757+00:00', '{"provider":"email","providers":["email"]}'::jsonb, '{"full_name":"OĞUZHAN BALIK","email_verified":true}'::jsonb, NULL, '2026-03-30T12:11:55.331818+00:00', '2026-04-15T08:44:11.772086+00:00', NULL, NULL, '', '', NULL, '', 0, NULL, '', NULL, FALSE, NULL, FALSE),
('00000000-0000-0000-0000-000000000000', '6deedfc7-fa80-4901-93eb-74882287e700', 'authenticated', 'authenticated', 'san-1003@san-1003.com', '$2a$10$nQA0AT5YAriTpQ7wcnS/5u4btyKM1TzsBF/68DVLN.5BTJmv1zIp2', '2026-04-16T12:14:46.573341+00:00', NULL, '', NULL, '', NULL, '', '', NULL, NULL, '{"provider":"email","providers":["email"]}'::jsonb, '{"full_name":"FURKAN BEY","email_verified":true}'::jsonb, NULL, '2026-04-16T12:14:46.537328+00:00', '2026-04-16T12:14:46.577432+00:00', NULL, NULL, '', '', NULL, '', 0, NULL, '', NULL, FALSE, NULL, FALSE),
('00000000-0000-0000-0000-000000000000', 'b5005965-98aa-4e7b-8a98-f595b4651af3', 'authenticated', 'authenticated', 'ist-1023@ist-1023.com', '$2a$10$RBFwKc43YcYaH6acgHTU1ucCI.zqndu7lfTFbOueBgoFXfGJfR2BO', '2026-04-13T12:02:42.439767+00:00', NULL, '', NULL, '', NULL, '', '', NULL, NULL, '{"provider":"email","providers":["email"]}'::jsonb, '{"full_name":"HARUN SARI","email_verified":true}'::jsonb, NULL, '2026-04-13T12:02:42.321213+00:00', '2026-04-13T12:02:42.444482+00:00', NULL, NULL, '', '', NULL, '', 0, NULL, '', NULL, FALSE, NULL, FALSE),
('00000000-0000-0000-0000-000000000000', 'a78982af-544f-45f4-8fc2-baf13a3f3c99', 'authenticated', 'authenticated', 'gzn-1000@gzn-1000.com', '$2a$10$elVSuK.Lxc98ht8y1tQmPOcH5xLiq7aZIqgpXGUcssOvmMSRVvfJe', '2026-03-23T09:18:48.432593+00:00', NULL, '', NULL, '', NULL, '', '', NULL, '2026-03-28T16:08:44.961237+00:00', '{"provider":"email","providers":["email"]}'::jsonb, '{"full_name":"RECEP TUNCAY","email_verified":true}'::jsonb, NULL, '2026-03-23T09:18:48.401773+00:00', '2026-05-13T09:42:46.751744+00:00', NULL, NULL, '', '', NULL, '', 0, NULL, '', NULL, FALSE, NULL, FALSE),
('00000000-0000-0000-0000-000000000000', 'dc5642a2-b5ad-4993-bd6f-cc131c216376', 'authenticated', 'authenticated', 'bat-1001@bat-1001.com', '$2a$10$VB4ZZamKk4eeUDE3BqNfFuEWZxJoFSO5xx5Q1kFn7D7U3VPLiuYhK', '2026-04-04T14:51:53.705233+00:00', NULL, '', NULL, '', NULL, '', '', NULL, '2026-04-04T15:07:03.790539+00:00', '{"provider":"email","providers":["email"]}'::jsonb, '{"full_name":"CENGİZ TOPÇU","email_verified":true}'::jsonb, NULL, '2026-04-04T14:51:53.693287+00:00', '2026-05-06T14:15:24.143401+00:00', NULL, NULL, '', '', NULL, '', 0, NULL, '', NULL, FALSE, NULL, FALSE),
('00000000-0000-0000-0000-000000000000', '5737b759-977c-4d13-a256-f93d66e15654', 'authenticated', 'authenticated', 'ist-1009@ist-1009.com', '$2a$10$DWlTDbfIFsfxTEKP1grYfu3sDH8Jn2pcfWZc17NmQhX7TeKLuYM6a', '2026-03-30T12:17:11.999873+00:00', NULL, '', NULL, '', NULL, '', '', NULL, '2026-03-30T12:21:46.788097+00:00', '{"provider":"email","providers":["email"]}'::jsonb, '{"full_name":"SEDAT DEPE","email_verified":true}'::jsonb, NULL, '2026-03-30T12:17:11.983926+00:00', '2026-05-06T09:49:11.685777+00:00', NULL, NULL, '', '', NULL, '', 0, NULL, '', NULL, FALSE, NULL, FALSE)
ON CONFLICT DO NOTHING;

-- DATA: auth.identities (76 rows)
INSERT INTO auth."identities" ("provider_id", "user_id", "identity_data", "provider", "last_sign_in_at", "created_at", "updated_at", "id") VALUES
('44f519b4-5ecc-47ff-8541-efdfec521d3c', '44f519b4-5ecc-47ff-8541-efdfec521d3c', '{"sub":"44f519b4-5ecc-47ff-8541-efdfec521d3c","email":"qwerty@dsadksad.com","email_verified":false,"phone_verified":false}'::jsonb, 'email', '2026-03-29T20:53:26.521594+00:00', '2026-03-29T20:53:26.521652+00:00', '2026-03-29T20:53:26.521652+00:00', '3c86ba39-cc11-4538-96e6-5ca5883f20ab'),
('471db45f-a1db-4e7f-85cc-acdfbf3ac712', '471db45f-a1db-4e7f-85cc-acdfbf3ac712', '{"sub":"471db45f-a1db-4e7f-85cc-acdfbf3ac712","email":"b-1000@b-1000.com","email_verified":false,"phone_verified":false}'::jsonb, 'email', '2026-02-28T17:43:24.948192+00:00', '2026-02-28T17:43:24.948252+00:00', '2026-02-28T17:43:24.948252+00:00', '84f918e6-99ed-4ffc-a819-ad937fa3dc90'),
('6d5f56fc-42b4-472d-bdbb-295049a46a44', '6d5f56fc-42b4-472d-bdbb-295049a46a44', '{"sub":"6d5f56fc-42b4-472d-bdbb-295049a46a44","email":"b-1001@b-1001.com","email_verified":false,"phone_verified":false}'::jsonb, 'email', '2026-03-20T20:55:59.095348+00:00', '2026-03-20T20:55:59.095406+00:00', '2026-03-20T20:55:59.095406+00:00', '8cd45090-3774-4559-bafa-b1d25bcaf13b'),
('d8504e2c-5599-4e6a-b8a7-49b70a89c1ac', 'd8504e2c-5599-4e6a-b8a7-49b70a89c1ac', '{"sub":"d8504e2c-5599-4e6a-b8a7-49b70a89c1ac","email":"tkr-1000@tkr-1000.com","email_verified":false,"phone_verified":false}'::jsonb, 'email', '2026-03-23T08:31:34.86686+00:00', '2026-03-23T08:31:34.86692+00:00', '2026-03-23T08:31:34.86692+00:00', 'bab60c68-77da-4f8a-994d-55df2edf434f'),
('7d40e177-9e29-4f2e-8c1b-ecd1eb997159', '7d40e177-9e29-4f2e-8c1b-ecd1eb997159', '{"sub":"7d40e177-9e29-4f2e-8c1b-ecd1eb997159","email":"brs-1000@brs-1000.com","email_verified":false,"phone_verified":false}'::jsonb, 'email', '2026-03-23T09:03:05.039911+00:00', '2026-03-23T09:03:05.03997+00:00', '2026-03-23T09:03:05.03997+00:00', 'cad561ae-7f55-4f94-a55b-72459a18b4e0'),
('353edf4d-ec2a-4396-b6b5-8d0d14401427', '353edf4d-ec2a-4396-b6b5-8d0d14401427', '{"sub":"353edf4d-ec2a-4396-b6b5-8d0d14401427","email":"mns-1000@mns-1000.com","email_verified":false,"phone_verified":false}'::jsonb, 'email', '2026-03-23T09:10:02.82097+00:00', '2026-03-23T09:10:02.821023+00:00', '2026-03-23T09:10:02.821023+00:00', 'd5ac9bf8-2186-4a07-bcf0-41119a1c42d9'),
('a78982af-544f-45f4-8fc2-baf13a3f3c99', 'a78982af-544f-45f4-8fc2-baf13a3f3c99', '{"sub":"a78982af-544f-45f4-8fc2-baf13a3f3c99","email":"gzn-1000@gzn-1000.com","email_verified":false,"phone_verified":false}'::jsonb, 'email', '2026-03-23T09:18:48.427701+00:00', '2026-03-23T09:18:48.427759+00:00', '2026-03-23T09:18:48.427759+00:00', '30bb31c1-93db-4b51-ab24-e43936be6de1'),
('8b0ee5d1-6277-42f1-b375-f791873e6702', '8b0ee5d1-6277-42f1-b375-f791873e6702', '{"sub":"8b0ee5d1-6277-42f1-b375-f791873e6702","email":"dzc-1000@dzc-1000.com","email_verified":false,"phone_verified":false}'::jsonb, 'email', '2026-03-23T10:39:14.924085+00:00', '2026-03-23T10:39:14.924142+00:00', '2026-03-23T10:39:14.924142+00:00', 'cc7c414b-d992-4264-a580-d0b0ce6da1fb'),
('f158975f-7a49-4583-8102-286adce4267b', 'f158975f-7a49-4583-8102-286adce4267b', '{"sub":"f158975f-7a49-4583-8102-286adce4267b","email":"brs-1001@brs-1001.com","email_verified":false,"phone_verified":false}'::jsonb, 'email', '2026-03-23T10:43:12.860557+00:00', '2026-03-23T10:43:12.860623+00:00', '2026-03-23T10:43:12.860623+00:00', 'c936b09f-861c-4ceb-8f6d-77e9f76df97c'),
('34b4eb9b-b118-4f2f-b46c-c6883cb4df2a', '34b4eb9b-b118-4f2f-b46c-c6883cb4df2a', '{"sub":"34b4eb9b-b118-4f2f-b46c-c6883cb4df2a","email":"ist-1001@ist-1001.com","email_verified":false,"phone_verified":false}'::jsonb, 'email', '2026-03-23T16:34:15.842513+00:00', '2026-03-23T16:34:15.84257+00:00', '2026-03-23T16:34:15.84257+00:00', '5153796b-d79b-465f-a350-505b62792ea4'),
('1a866c52-ae2b-4552-a931-fef885a5fedf', '1a866c52-ae2b-4552-a931-fef885a5fedf', '{"sub":"1a866c52-ae2b-4552-a931-fef885a5fedf","email":"ist-1002@ist-1002.com","email_verified":false,"phone_verified":false}'::jsonb, 'email', '2026-03-23T16:53:19.257277+00:00', '2026-03-23T16:53:19.257328+00:00', '2026-03-23T16:53:19.257328+00:00', '10e48dee-3036-493d-a504-2817564dd34f'),
('8c397daf-9c3b-4e67-aecd-a564153eb698', '8c397daf-9c3b-4e67-aecd-a564153eb698', '{"sub":"8c397daf-9c3b-4e67-aecd-a564153eb698","email":"ist-1003@ist-1003.com","email_verified":false,"phone_verified":false}'::jsonb, 'email', '2026-03-23T16:58:01.720277+00:00', '2026-03-23T16:58:01.720329+00:00', '2026-03-23T16:58:01.720329+00:00', 'fa24ef1e-bfcc-4a68-a91c-a0af74020786'),
('99e773e0-2e35-4c31-824c-71e5b6369c91', '99e773e0-2e35-4c31-824c-71e5b6369c91', '{"sub":"99e773e0-2e35-4c31-824c-71e5b6369c91","email":"aks-1000@aks-1000.com","email_verified":false,"phone_verified":false}'::jsonb, 'email', '2026-03-23T19:38:28.444218+00:00', '2026-03-23T19:38:28.444278+00:00', '2026-03-23T19:38:28.444278+00:00', '2ce3f7f7-d189-4d99-98ed-9d827dd4704b'),
('91ff382c-93c4-4efe-9bfe-5db48e3f048f', '91ff382c-93c4-4efe-9bfe-5db48e3f048f', '{"sub":"91ff382c-93c4-4efe-9bfe-5db48e3f048f","email":"isp-1000@isp-1000.com","email_verified":false,"phone_verified":false}'::jsonb, 'email', '2026-03-24T13:01:33.104405+00:00', '2026-03-24T13:01:33.104468+00:00', '2026-03-24T13:01:33.104468+00:00', 'ca6ed794-9ddd-4441-b16e-9d34254c6356'),
('2f828aec-4fd8-497b-95a5-279accb7415d', '2f828aec-4fd8-497b-95a5-279accb7415d', '{"sub":"2f828aec-4fd8-497b-95a5-279accb7415d","email":"hty-1000@hty-1000.com","email_verified":false,"phone_verified":false}'::jsonb, 'email', '2026-03-24T13:04:41.095523+00:00', '2026-03-24T13:04:41.095576+00:00', '2026-03-24T13:04:41.095576+00:00', '32760e9c-96b9-4a0a-ae98-fdd4d0bda6be'),
('8e0704ee-ee99-49ed-be86-c8ccc27cd918', '8e0704ee-ee99-49ed-be86-c8ccc27cd918', '{"sub":"8e0704ee-ee99-49ed-be86-c8ccc27cd918","email":"ist-1004@ist-1004.com","email_verified":false,"phone_verified":false}'::jsonb, 'email', '2026-03-24T17:07:18.177925+00:00', '2026-03-24T17:07:18.17798+00:00', '2026-03-24T17:07:18.17798+00:00', '5602f93c-d419-468e-a600-a96f46e4792e'),
('40033e13-f9bc-4460-86f3-61aeacb9c28d', '40033e13-f9bc-4460-86f3-61aeacb9c28d', '{"sub":"40033e13-f9bc-4460-86f3-61aeacb9c28d","email":"ist-1005@ist-1005.com","email_verified":false,"phone_verified":false}'::jsonb, 'email', '2026-03-25T10:22:47.359825+00:00', '2026-03-25T10:22:47.359886+00:00', '2026-03-25T10:22:47.359886+00:00', 'b32e1605-1919-4d9e-8f19-cf46ddb43b23'),
('83b74096-c872-425a-918d-14191ade1909', '83b74096-c872-425a-918d-14191ade1909', '{"sub":"83b74096-c872-425a-918d-14191ade1909","email":"grs-1000@grs-1000.com","email_verified":false,"phone_verified":false}'::jsonb, 'email', '2026-03-27T18:44:25.116484+00:00', '2026-03-27T18:44:25.116545+00:00', '2026-03-27T18:44:25.116545+00:00', 'b80b13a3-4cde-4d99-97a8-dcb1f51ce5d6'),
('8a49484d-581f-44dd-8710-1fa8c41944ae', '8a49484d-581f-44dd-8710-1fa8c41944ae', '{"sub":"8a49484d-581f-44dd-8710-1fa8c41944ae","email":"izm-1001@izm-1001.com","email_verified":false,"phone_verified":false}'::jsonb, 'email', '2026-03-30T07:40:40.115381+00:00', '2026-03-30T07:40:40.115436+00:00', '2026-03-30T07:40:40.115436+00:00', '5933bc25-639c-48ba-aec5-8320980c3308'),
('d93acdf0-87cb-4664-96a9-b8117cde052e', 'd93acdf0-87cb-4664-96a9-b8117cde052e', '{"sub":"d93acdf0-87cb-4664-96a9-b8117cde052e","email":"duz-1001@duz-1001.com","email_verified":false,"phone_verified":false}'::jsonb, 'email', '2026-03-30T12:11:55.344675+00:00', '2026-03-30T12:11:55.34473+00:00', '2026-03-30T12:11:55.34473+00:00', 'd31cb702-a477-43ad-8f98-7a6444e23605'),
('6a2e613a-ab06-452d-b116-ecc8925a21e8', '6a2e613a-ab06-452d-b116-ecc8925a21e8', '{"sub":"6a2e613a-ab06-452d-b116-ecc8925a21e8","email":"murat@murat.com","email_verified":false,"phone_verified":false}'::jsonb, 'email', '2026-03-23T09:40:59.095724+00:00', '2026-03-23T09:40:59.09695+00:00', '2026-03-23T09:40:59.09695+00:00', '5ea2ee9f-64ef-421e-a0a4-4ffc56457a07'),
('e363c7fc-cbc2-4b6b-bf8b-505c26121f50', 'e363c7fc-cbc2-4b6b-bf8b-505c26121f50', '{"sub":"e363c7fc-cbc2-4b6b-bf8b-505c26121f50","email":"srn-1000@srn-1000.com","email_verified":false,"phone_verified":false}'::jsonb, 'email', '2026-03-23T08:43:52.26209+00:00', '2026-03-23T08:43:52.262148+00:00', '2026-03-23T08:43:52.262148+00:00', 'c4843778-9d06-425e-9f3a-636b7701b69c'),
('1effba6f-7fc5-48b9-8017-715640ea801b', '1effba6f-7fc5-48b9-8017-715640ea801b', '{"sub":"1effba6f-7fc5-48b9-8017-715640ea801b","email":"brs-1002@brs-1002.com","email_verified":false,"phone_verified":false}'::jsonb, 'email', '2026-03-25T11:23:50.974234+00:00', '2026-03-25T11:23:50.974294+00:00', '2026-03-25T11:23:50.974294+00:00', '78f886c4-46de-4ef4-8b22-a9acde9d2eff'),
('fa1617a0-2f8d-43a4-a4b3-af4890a5082a', 'fa1617a0-2f8d-43a4-a4b3-af4890a5082a', '{"sub":"fa1617a0-2f8d-43a4-a4b3-af4890a5082a","email":"krm-1000@krm-1000.com","email_verified":false,"phone_verified":false}'::jsonb, 'email', '2026-03-25T11:32:29.796054+00:00', '2026-03-25T11:32:29.796122+00:00', '2026-03-25T11:32:29.796122+00:00', '00c5167d-c527-473a-9469-adc861c978b0'),
('e294c245-faa6-49df-b281-c6ad0f54f653', 'e294c245-faa6-49df-b281-c6ad0f54f653', '{"sub":"e294c245-faa6-49df-b281-c6ad0f54f653","email":"brs-1003@brs-1003.com","email_verified":false,"phone_verified":false}'::jsonb, 'email', '2026-03-25T11:35:22.471685+00:00', '2026-03-25T11:35:22.471753+00:00', '2026-03-25T11:35:22.471753+00:00', '934857a3-430d-4a26-bea0-e0a95a57ce07'),
('9a22da0f-119e-4c87-a9b5-f69790a65709', '9a22da0f-119e-4c87-a9b5-f69790a65709', '{"sub":"9a22da0f-119e-4c87-a9b5-f69790a65709","email":"ist-1006@ist-1006.com","email_verified":false,"phone_verified":false}'::jsonb, 'email', '2026-03-25T15:59:22.95004+00:00', '2026-03-25T15:59:22.950096+00:00', '2026-03-25T15:59:22.950096+00:00', '9a7caf5c-96d2-4273-84f1-bea69c37e34e'),
('6fffd802-274c-4b7b-a6ce-3774fe3dd6ae', '6fffd802-274c-4b7b-a6ce-3774fe3dd6ae', '{"sub":"6fffd802-274c-4b7b-a6ce-3774fe3dd6ae","email":"ank-1000@ank-1000.com","email_verified":false,"phone_verified":false}'::jsonb, 'email', '2026-03-25T19:02:08.80363+00:00', '2026-03-25T19:02:08.803691+00:00', '2026-03-25T19:02:08.803691+00:00', '199df831-1e13-475c-a801-361cc5157d12'),
('e7cf9204-e930-478d-8f5a-4aaf9cbb2dda', 'e7cf9204-e930-478d-8f5a-4aaf9cbb2dda', '{"sub":"e7cf9204-e930-478d-8f5a-4aaf9cbb2dda","email":"ist-1007@ist-1007.com","email_verified":false,"phone_verified":false}'::jsonb, 'email', '2026-03-26T08:13:49.961787+00:00', '2026-03-26T08:13:49.962484+00:00', '2026-03-26T08:13:49.962484+00:00', '0ec4e998-c4c5-4e91-9add-84da44ae5b8c'),
('6e9361ed-4ebb-4e5d-9e26-42df9e440ed6', '6e9361ed-4ebb-4e5d-9e26-42df9e440ed6', '{"sub":"6e9361ed-4ebb-4e5d-9e26-42df9e440ed6","email":"koc-1000@koc-1000.com","email_verified":false,"phone_verified":false}'::jsonb, 'email', '2026-03-26T08:17:03.035604+00:00', '2026-03-26T08:17:03.03565+00:00', '2026-03-26T08:17:03.03565+00:00', '85b75435-be26-4da2-bda7-00116438437d'),
('9b436ef9-cf00-4e2f-a221-28d45646d0c5', '9b436ef9-cf00-4e2f-a221-28d45646d0c5', '{"sub":"9b436ef9-cf00-4e2f-a221-28d45646d0c5","email":"blk-1000@blk-1000.com","email_verified":false,"phone_verified":false}'::jsonb, 'email', '2026-03-27T17:24:41.649797+00:00', '2026-03-27T17:24:41.649858+00:00', '2026-03-27T17:24:41.649858+00:00', '418d1b8d-ae2c-40d0-8cb3-9e811f599f1a'),
('48b699f4-40e1-4d53-b5c5-224a8109be73', '48b699f4-40e1-4d53-b5c5-224a8109be73', '{"sub":"48b699f4-40e1-4d53-b5c5-224a8109be73","email":"ank-1001@ank-1001.com","email_verified":false,"phone_verified":false}'::jsonb, 'email', '2026-03-27T17:31:55.93997+00:00', '2026-03-27T17:31:55.940025+00:00', '2026-03-27T17:31:55.940025+00:00', 'bbcd834f-4350-490a-829a-892862f26117'),
('fdb8e03e-c09f-46d3-bd52-06bd1fe024e3', 'fdb8e03e-c09f-46d3-bd52-06bd1fe024e3', '{"sub":"fdb8e03e-c09f-46d3-bd52-06bd1fe024e3","email":"ist-1008@ist-1008.com","email_verified":false,"phone_verified":false}'::jsonb, 'email', '2026-03-27T17:34:38.281108+00:00', '2026-03-27T17:34:38.281158+00:00', '2026-03-27T17:34:38.281158+00:00', 'ef98390a-d850-4cab-9566-7296c9d1ba7f'),
('5737b759-977c-4d13-a256-f93d66e15654', '5737b759-977c-4d13-a256-f93d66e15654', '{"sub":"5737b759-977c-4d13-a256-f93d66e15654","email":"ist-1009@ist-1009.com","email_verified":false,"phone_verified":false}'::jsonb, 'email', '2026-03-30T12:17:11.997233+00:00', '2026-03-30T12:17:11.997297+00:00', '2026-03-30T12:17:11.997297+00:00', '0b23a318-abe3-4232-9932-653f5c31bc14'),
('251584a7-d204-4cb7-9cb0-eff4060b8240', '251584a7-d204-4cb7-9cb0-eff4060b8240', '{"sub":"251584a7-d204-4cb7-9cb0-eff4060b8240","email":"ist-1010@ist-1010.com","email_verified":false,"phone_verified":false}'::jsonb, 'email', '2026-03-30T13:59:42.101144+00:00', '2026-03-30T13:59:42.101215+00:00', '2026-03-30T13:59:42.101215+00:00', '75a6c903-2277-47d2-a448-3a86cd264499'),
('d04b197a-a856-492d-a8a1-2653bd904afc', 'd04b197a-a856-492d-a8a1-2653bd904afc', '{"sub":"d04b197a-a856-492d-a8a1-2653bd904afc","email":"ada-1001@ada-1001.com","email_verified":false,"phone_verified":false}'::jsonb, 'email', '2026-03-31T16:41:05.631222+00:00', '2026-03-31T16:41:05.63128+00:00', '2026-03-31T16:41:05.63128+00:00', '521b88df-6766-431a-a0c0-9f0a79e8e574'),
('5e798186-4b05-4ff1-b785-d6686b6673d9', '5e798186-4b05-4ff1-b785-d6686b6673d9', '{"sub":"5e798186-4b05-4ff1-b785-d6686b6673d9","email":"san-1001@san-1001.com","email_verified":false,"phone_verified":false}'::jsonb, 'email', '2026-04-01T16:12:48.269723+00:00', '2026-04-01T16:12:48.269781+00:00', '2026-04-01T16:12:48.269781+00:00', 'c72649e8-db97-43e1-b9f1-18672cf9f223'),
('f46b9002-bbd0-4423-9d9c-ccff436df0b9', 'f46b9002-bbd0-4423-9d9c-ccff436df0b9', '{"sub":"f46b9002-bbd0-4423-9d9c-ccff436df0b9","email":"ist-1011@ist-1011.com","email_verified":false,"phone_verified":false}'::jsonb, 'email', '2026-04-01T16:20:33.463485+00:00', '2026-04-01T16:20:33.463556+00:00', '2026-04-01T16:20:33.463556+00:00', '1f588ee8-5f73-4d37-9cbf-d559dac0ef5c'),
('427ddd91-2a9a-44c0-8644-34d73680b54b', '427ddd91-2a9a-44c0-8644-34d73680b54b', '{"sub":"427ddd91-2a9a-44c0-8644-34d73680b54b","email":"ist-1012@ist-1012.com","email_verified":false,"phone_verified":false}'::jsonb, 'email', '2026-04-02T09:10:58.255794+00:00', '2026-04-02T09:10:58.255853+00:00', '2026-04-02T09:10:58.255853+00:00', 'a4bd71c1-1dd6-4126-b754-86d9e43c978d'),
('0add6e4a-0e12-419c-9dbd-b44212bc5a78', '0add6e4a-0e12-419c-9dbd-b44212bc5a78', '{"sub":"0add6e4a-0e12-419c-9dbd-b44212bc5a78","email":"ist-1013@ist-1013.com","email_verified":false,"phone_verified":false}'::jsonb, 'email', '2026-04-02T20:12:53.344329+00:00', '2026-04-02T20:12:53.344384+00:00', '2026-04-02T20:12:53.344384+00:00', 'b4eed482-9cc6-492d-83d4-3037fb610071'),
('551b9b07-5ff8-49ca-955a-6bc48fbc7b24', '551b9b07-5ff8-49ca-955a-6bc48fbc7b24', '{"sub":"551b9b07-5ff8-49ca-955a-6bc48fbc7b24","email":"ist-1014@ist-1014.com","email_verified":false,"phone_verified":false}'::jsonb, 'email', '2026-04-02T20:22:06.939701+00:00', '2026-04-02T20:22:06.939756+00:00', '2026-04-02T20:22:06.939756+00:00', 'c3de1aba-3c08-4bd1-89e7-2f655dd76420'),
('4301787d-b914-4651-91bd-6ae462cd2620', '4301787d-b914-4651-91bd-6ae462cd2620', '{"sub":"4301787d-b914-4651-91bd-6ae462cd2620","email":"ant-1001@ant-1001.com","email_verified":false,"phone_verified":false}'::jsonb, 'email', '2026-04-03T12:05:17.353321+00:00', '2026-04-03T12:05:17.353383+00:00', '2026-04-03T12:05:17.353383+00:00', '5cdf95e2-b7c6-4935-8906-bf4e445f3be8'),
('47fe9f38-2206-4585-abd8-80efd6fc7019', '47fe9f38-2206-4585-abd8-80efd6fc7019', '{"sub":"47fe9f38-2206-4585-abd8-80efd6fc7019","email":"ama-1001@ama-1001.com","email_verified":false,"phone_verified":false}'::jsonb, 'email', '2026-04-03T18:02:50.834124+00:00', '2026-04-03T18:02:50.834185+00:00', '2026-04-03T18:02:50.834185+00:00', '3d12ac0b-cbd8-4ebc-b748-089b893ce331'),
('094af071-6965-4938-ad96-bf982eeadcb9', '094af071-6965-4938-ad96-bf982eeadcb9', '{"sub":"094af071-6965-4938-ad96-bf982eeadcb9","email":"tok-1001@tok-1001.com","email_verified":false,"phone_verified":false}'::jsonb, 'email', '2026-04-04T14:55:35.610904+00:00', '2026-04-04T14:55:35.610967+00:00', '2026-04-04T14:55:35.610967+00:00', '06a37f5c-d1bc-4ed0-bb9c-f0a0c67f6f44'),
('0937672b-3b2b-49a4-89ba-5bfb367a4eb7', '0937672b-3b2b-49a4-89ba-5bfb367a4eb7', '{"sub":"0937672b-3b2b-49a4-89ba-5bfb367a4eb7","email":"bar-1001@bar-1001.com","email_verified":false,"phone_verified":false}'::jsonb, 'email', '2026-04-05T15:06:28.437741+00:00', '2026-04-05T15:06:28.437799+00:00', '2026-04-05T15:06:28.437799+00:00', 'ae8a0068-376a-45ac-8fe6-5457011ccdec'),
('26c44ad8-880f-43e8-89cd-d621bdc90f43', '26c44ad8-880f-43e8-89cd-d621bdc90f43', '{"sub":"26c44ad8-880f-43e8-89cd-d621bdc90f43","email":"ist-1016@ist-1016.com","email_verified":false,"phone_verified":false}'::jsonb, 'email', '2026-04-08T10:49:16.561178+00:00', '2026-04-08T10:49:16.561232+00:00', '2026-04-08T10:49:16.561232+00:00', '3bd3437b-d351-47da-8d56-294a1a7e41af'),
('66ac7d2e-9086-4e2d-9116-1deafffcf303', '66ac7d2e-9086-4e2d-9116-1deafffcf303', '{"sub":"66ac7d2e-9086-4e2d-9116-1deafffcf303","email":"ist-1015@ist-1015.com","email_verified":false,"phone_verified":false}'::jsonb, 'email', '2026-04-06T16:58:51.995561+00:00', '2026-04-06T16:58:51.995621+00:00', '2026-04-06T16:58:51.995621+00:00', 'c8ce5b3e-7c2c-4bb2-93bc-27ac69b589ea'),
('3705b643-bdb3-4e08-a5b8-f762eeaedd05', '3705b643-bdb3-4e08-a5b8-f762eeaedd05', '{"sub":"3705b643-bdb3-4e08-a5b8-f762eeaedd05","email":"abc-1001@abc-1001.com","email_verified":false,"phone_verified":false}'::jsonb, 'email', '2026-04-07T09:13:31.052115+00:00', '2026-04-07T09:13:31.052187+00:00', '2026-04-07T09:13:31.052187+00:00', 'f37e86a3-8f6b-496f-90ef-2e9da8846e2e'),
('dc5642a2-b5ad-4993-bd6f-cc131c216376', 'dc5642a2-b5ad-4993-bd6f-cc131c216376', '{"sub":"dc5642a2-b5ad-4993-bd6f-cc131c216376","email":"bat-1001@bat-1001.com","email_verified":false,"phone_verified":false}'::jsonb, 'email', '2026-04-04T14:51:53.698208+00:00', '2026-04-04T14:51:53.69826+00:00', '2026-04-04T14:51:53.69826+00:00', '090ffb53-22d8-43c9-8bdc-a36672a4e9d3'),
('5b4edce0-c704-4292-a8c6-103c89eebf44', '5b4edce0-c704-4292-a8c6-103c89eebf44', '{"sub":"5b4edce0-c704-4292-a8c6-103c89eebf44","email":"hat-1001@hat-1001.com","email_verified":false,"phone_verified":false}'::jsonb, 'email', '2026-04-07T12:14:49.375701+00:00', '2026-04-07T12:14:49.377111+00:00', '2026-04-07T12:14:49.377111+00:00', '2bcb9fd0-28c4-42af-95f3-3e33528070c7'),
('8646d9c3-e462-4e22-a45f-6a92cb11feec', '8646d9c3-e462-4e22-a45f-6a92cb11feec', '{"sub":"8646d9c3-e462-4e22-a45f-6a92cb11feec","email":"ank-1002@ank-1002.com","email_verified":false,"phone_verified":false}'::jsonb, 'email', '2026-04-08T11:59:18.100173+00:00', '2026-04-08T11:59:18.100227+00:00', '2026-04-08T11:59:18.100227+00:00', 'c6864895-60ef-4e64-8d34-7e7ff39198d3'),
('5ffbae96-3007-480f-bcf2-089088ecbe5d', '5ffbae96-3007-480f-bcf2-089088ecbe5d', '{"sub":"5ffbae96-3007-480f-bcf2-089088ecbe5d","email":"ist-1017@ist-1017.com","email_verified":false,"phone_verified":false}'::jsonb, 'email', '2026-04-08T12:03:27.760004+00:00', '2026-04-08T12:03:27.76006+00:00', '2026-04-08T12:03:27.76006+00:00', '8cc838aa-80d4-4db4-af64-811fc89cc8a0'),
('8908b724-b8f4-45b3-8438-61ac803ffa02', '8908b724-b8f4-45b3-8438-61ac803ffa02', '{"sub":"8908b724-b8f4-45b3-8438-61ac803ffa02","email":"ist-1018@ist-1018.com","email_verified":false,"phone_verified":false}'::jsonb, 'email', '2026-04-08T20:11:59.054777+00:00', '2026-04-08T20:11:59.054831+00:00', '2026-04-08T20:11:59.054831+00:00', 'f412638b-2ae3-45df-a915-9cb47e5ff4d4'),
('5ddb1bf6-57ed-4fde-8af1-3ede452d277b', '5ddb1bf6-57ed-4fde-8af1-3ede452d277b', '{"sub":"5ddb1bf6-57ed-4fde-8af1-3ede452d277b","email":"ist-1019@ist-1019.com","email_verified":false,"phone_verified":false}'::jsonb, 'email', '2026-04-08T20:14:28.548296+00:00', '2026-04-08T20:14:28.548351+00:00', '2026-04-08T20:14:28.548351+00:00', '7b2e7ac3-7d5a-4da6-8c7d-0d51798140d3'),
('e0b1bddc-aa5b-4bea-bc89-52df05520884', 'e0b1bddc-aa5b-4bea-bc89-52df05520884', '{"sub":"e0b1bddc-aa5b-4bea-bc89-52df05520884","email":"ada-1002@ada-1002.com","email_verified":false,"phone_verified":false}'::jsonb, 'email', '2026-04-09T07:28:01.739686+00:00', '2026-04-09T07:28:01.739755+00:00', '2026-04-09T07:28:01.739755+00:00', '4c3e205e-b097-4424-b4f8-ded10fa1ef66'),
('cda42536-266b-4882-9a7c-3028a8b4bf10', 'cda42536-266b-4882-9a7c-3028a8b4bf10', '{"sub":"cda42536-266b-4882-9a7c-3028a8b4bf10","email":"ist-1020@ist-1020.com","email_verified":false,"phone_verified":false}'::jsonb, 'email', '2026-04-09T08:46:05.995815+00:00', '2026-04-09T08:46:05.995874+00:00', '2026-04-09T08:46:05.995874+00:00', '6bf01a5c-60a2-45f2-80a9-34e4a6246bc5'),
('10ab8eca-9cfa-49a1-ab8a-8ccd9b31c9e0', '10ab8eca-9cfa-49a1-ab8a-8ccd9b31c9e0', '{"sub":"10ab8eca-9cfa-49a1-ab8a-8ccd9b31c9e0","email":"ist-1021@ist-1021.com","email_verified":false,"phone_verified":false}'::jsonb, 'email', '2026-04-09T09:16:46.180758+00:00', '2026-04-09T09:16:46.180817+00:00', '2026-04-09T09:16:46.180817+00:00', '1986295a-7fcf-458d-80d5-480d1c18cecd'),
('822afa8d-aded-43ea-82fa-4def98ea3ae3', '822afa8d-aded-43ea-82fa-4def98ea3ae3', '{"sub":"822afa8d-aded-43ea-82fa-4def98ea3ae3","email":"agr-1001@agr-1001.com","email_verified":false,"phone_verified":false}'::jsonb, 'email', '2026-04-09T09:44:36.448642+00:00', '2026-04-09T09:44:36.448702+00:00', '2026-04-09T09:44:36.448702+00:00', 'defd04a7-db3b-41dc-bba5-642ed0cef3f6'),
('41893c5b-12ad-42b7-bc2f-6d8ff1a445c1', '41893c5b-12ad-42b7-bc2f-6d8ff1a445c1', '{"sub":"41893c5b-12ad-42b7-bc2f-6d8ff1a445c1","email":"san-1002@san-1002.com","email_verified":false,"phone_verified":false}'::jsonb, 'email', '2026-04-10T07:24:36.628538+00:00', '2026-04-10T07:24:36.628605+00:00', '2026-04-10T07:24:36.628605+00:00', '94ca0a8a-f017-474a-a88e-3908cf28cd17'),
('09bbfe10-e0cf-4dd9-b42e-37b58a027988', '09bbfe10-e0cf-4dd9-b42e-37b58a027988', '{"sub":"09bbfe10-e0cf-4dd9-b42e-37b58a027988","email":"ist-1022@ist-1022.com","email_verified":false,"phone_verified":false}'::jsonb, 'email', '2026-04-10T10:40:09.749554+00:00', '2026-04-10T10:40:09.749609+00:00', '2026-04-10T10:40:09.749609+00:00', '89f1a57b-eb48-4d16-a5b0-202cc613fac0'),
('2a8a651b-7c67-4bc1-8d54-a730fa6ad4ee', '2a8a651b-7c67-4bc1-8d54-a730fa6ad4ee', '{"sub":"2a8a651b-7c67-4bc1-8d54-a730fa6ad4ee","email":"ank-1003@ank-1003.com","email_verified":false,"phone_verified":false}'::jsonb, 'email', '2026-04-10T12:30:40.3664+00:00', '2026-04-10T12:30:40.366454+00:00', '2026-04-10T12:30:40.366454+00:00', '5e5b5bb5-8073-48af-8f3f-2344fd051cb1'),
('c47d9583-4a8c-4d7a-9989-8632fbcd3679', 'c47d9583-4a8c-4d7a-9989-8632fbcd3679', '{"sub":"c47d9583-4a8c-4d7a-9989-8632fbcd3679","email":"koc-1001@koc-1001.com","email_verified":false,"phone_verified":false}'::jsonb, 'email', '2026-04-10T12:36:10.233844+00:00', '2026-04-10T12:36:10.233906+00:00', '2026-04-10T12:36:10.233906+00:00', 'bcb85870-2191-4a29-b5a7-d96c3ed78cc7'),
('d490a75e-54f3-40d1-b4f0-de5a6b71b18b', 'd490a75e-54f3-40d1-b4f0-de5a6b71b18b', '{"sub":"d490a75e-54f3-40d1-b4f0-de5a6b71b18b","email":"ord-1001@ord-1001.com","email_verified":false,"phone_verified":false}'::jsonb, 'email', '2026-04-10T20:50:25.534618+00:00', '2026-04-10T20:50:25.534669+00:00', '2026-04-10T20:50:25.534669+00:00', '4d949054-a088-418b-8b53-64a9ffe6a044'),
('d563f368-f2ac-40a7-891b-be9892b42b26', 'd563f368-f2ac-40a7-891b-be9892b42b26', '{"sub":"d563f368-f2ac-40a7-891b-be9892b42b26","email":"gaz-1001@gaz-1001.com","email_verified":false,"phone_verified":false}'::jsonb, 'email', '2026-04-13T10:59:14.8198+00:00', '2026-04-13T10:59:14.81986+00:00', '2026-04-13T10:59:14.81986+00:00', '7d4a8130-7533-4469-aa30-61f97cc8ffc8'),
('b5005965-98aa-4e7b-8a98-f595b4651af3', 'b5005965-98aa-4e7b-8a98-f595b4651af3', '{"sub":"b5005965-98aa-4e7b-8a98-f595b4651af3","email":"ist-1023@ist-1023.com","email_verified":false,"phone_verified":false}'::jsonb, 'email', '2026-04-13T12:02:42.412835+00:00', '2026-04-13T12:02:42.412891+00:00', '2026-04-13T12:02:42.412891+00:00', '491b4ad7-85b9-4c9a-abab-21c84075ab2d'),
('a932098c-e06a-47ce-a091-fddf73034228', 'a932098c-e06a-47ce-a091-fddf73034228', '{"sub":"a932098c-e06a-47ce-a091-fddf73034228","email":"kil-1001@kil-1001.com","email_verified":false,"phone_verified":false}'::jsonb, 'email', '2026-04-14T12:47:29.906615+00:00', '2026-04-14T12:47:29.906674+00:00', '2026-04-14T12:47:29.906674+00:00', '189f175f-5d35-436b-b082-0053f4f4fe73'),
('4a18a469-aeaf-48ea-9918-80e292e82346', '4a18a469-aeaf-48ea-9918-80e292e82346', '{"sub":"4a18a469-aeaf-48ea-9918-80e292e82346","email":"hat-1002@hat-1002.com","email_verified":false,"phone_verified":false}'::jsonb, 'email', '2026-04-15T08:34:33.758144+00:00', '2026-04-15T08:34:33.758204+00:00', '2026-04-15T08:34:33.758204+00:00', '03ec945b-63a9-48f6-af9e-7a72cd7d435a'),
('6deedfc7-fa80-4901-93eb-74882287e700', '6deedfc7-fa80-4901-93eb-74882287e700', '{"sub":"6deedfc7-fa80-4901-93eb-74882287e700","email":"san-1003@san-1003.com","email_verified":false,"phone_verified":false}'::jsonb, 'email', '2026-04-16T12:14:46.564342+00:00', '2026-04-16T12:14:46.564398+00:00', '2026-04-16T12:14:46.564398+00:00', '9094b7f0-70b2-46db-913b-4c4d297e7e64'),
('bae1c313-4f09-4e53-9406-c4a04dbf8a5c', 'bae1c313-4f09-4e53-9406-c4a04dbf8a5c', '{"sub":"bae1c313-4f09-4e53-9406-c4a04dbf8a5c","email":"mug-1001@mug-1001.com","email_verified":false,"phone_verified":false}'::jsonb, 'email', '2026-04-16T18:03:07.212146+00:00', '2026-04-16T18:03:07.2122+00:00', '2026-04-16T18:03:07.2122+00:00', 'a9fd5bb2-114f-4708-928a-406db94f62a9'),
('89971aff-b029-435f-b56e-0bd3efd30ba7', '89971aff-b029-435f-b56e-0bd3efd30ba7', '{"sub":"89971aff-b029-435f-b56e-0bd3efd30ba7","email":"ist-1024@ist-1024.com","email_verified":false,"phone_verified":false}'::jsonb, 'email', '2026-04-17T09:02:43.850051+00:00', '2026-04-17T09:02:43.850111+00:00', '2026-04-17T09:02:43.850111+00:00', '64126eee-1779-4151-9445-b89b0d4d83fe'),
('aa735f18-1f5b-4499-a7a4-4af3cb6bf0bb', 'aa735f18-1f5b-4499-a7a4-4af3cb6bf0bb', '{"sub":"aa735f18-1f5b-4499-a7a4-4af3cb6bf0bb","email":"osm-1001@osm-1001.com","email_verified":false,"phone_verified":false}'::jsonb, 'email', '2026-04-18T20:40:31.269099+00:00', '2026-04-18T20:40:31.269153+00:00', '2026-04-18T20:40:31.269153+00:00', 'c71b7da7-215c-4874-b737-372897b70d1a'),
('8066d766-65c7-41af-adcf-2ed15201210c', '8066d766-65c7-41af-adcf-2ed15201210c', '{"sub":"8066d766-65c7-41af-adcf-2ed15201210c","email":"ank-1004@ank-1004.com","email_verified":false,"phone_verified":false}'::jsonb, 'email', '2026-04-22T16:40:25.87961+00:00', '2026-04-22T16:40:25.87967+00:00', '2026-04-22T16:40:25.87967+00:00', '61ba8ef6-3462-42be-a671-0107f08ee9b3'),
('c0d42c1f-1cba-4885-8249-acc013eecee0', 'c0d42c1f-1cba-4885-8249-acc013eecee0', '{"sub":"c0d42c1f-1cba-4885-8249-acc013eecee0","email":"qnb@qnb.com","email_verified":false,"phone_verified":false}'::jsonb, 'email', '2026-04-29T20:08:19.308914+00:00', '2026-04-29T20:08:19.308981+00:00', '2026-04-29T20:08:19.308981+00:00', '5735b602-fcb3-4cf8-8cc8-e145939e77f9'),
('dce35df8-4957-4259-8cfa-3f24a586fa11', 'dce35df8-4957-4259-8cfa-3f24a586fa11', '{"sub":"dce35df8-4957-4259-8cfa-3f24a586fa11","email":"sir-1001@sir-1001.com","email_verified":false,"phone_verified":false}'::jsonb, 'email', '2026-04-30T07:20:55.85386+00:00', '2026-04-30T07:20:55.853921+00:00', '2026-04-30T07:20:55.853921+00:00', 'a6f12ddc-7d02-4560-8398-ae57af0efa28'),
('ea21de2f-79ee-4de0-bfa3-23335f9f08ec', 'ea21de2f-79ee-4de0-bfa3-23335f9f08ec', '{"sub":"ea21de2f-79ee-4de0-bfa3-23335f9f08ec","email":"diy-1001@diy-1001.com","email_verified":false,"phone_verified":false}'::jsonb, 'email', '2026-05-07T14:32:07.52203+00:00', '2026-05-07T14:32:07.522086+00:00', '2026-05-07T14:32:07.522086+00:00', '3c5afaa5-4977-4985-8c53-80daa91273eb'),
('28944f68-a4b8-46e9-91ec-3c9c51be5448', '28944f68-a4b8-46e9-91ec-3c9c51be5448', '{"sub":"28944f68-a4b8-46e9-91ec-3c9c51be5448","email":"ada-1003@ada-1003.com","email_verified":false,"phone_verified":false}'::jsonb, 'email', '2026-05-08T17:12:26.434567+00:00', '2026-05-08T17:12:26.434633+00:00', '2026-05-08T17:12:26.434633+00:00', '8faf48e9-56da-47fb-86ea-0e3d5c55dd12'),
('6f5d1fe2-0201-4109-b6c9-e373d120d462', '6f5d1fe2-0201-4109-b6c9-e373d120d462', '{"sub":"6f5d1fe2-0201-4109-b6c9-e373d120d462","email":"bur-1004@bur-1004.com","email_verified":false,"phone_verified":false}'::jsonb, 'email', '2026-05-12T18:04:55.503096+00:00', '2026-05-12T18:04:55.503155+00:00', '2026-05-12T18:04:55.503155+00:00', '4492fef0-1b93-4582-ba1a-6a5e69faa272')
ON CONFLICT DO NOTHING;

-- DATA: auth.sessions (85 rows)
INSERT INTO auth."sessions" ("id", "user_id", "created_at", "updated_at", "factor_id", "aal", "not_after", "refreshed_at", "user_agent", "ip", "tag", "oauth_client_id", "refresh_token_hmac_key", "refresh_token_counter", "scopes") VALUES
('d550b722-4d1b-425e-9538-4e19af56679b', 'c0d42c1f-1cba-4885-8249-acc013eecee0', '2026-04-30T07:53:17.795882+00:00', '2026-04-30T07:53:17.795882+00:00', NULL, 'aal1', NULL, NULL, 'Mozilla/5.0 (Windows NT 10.0; Win64; x64) AppleWebKit/537.36 (KHTML, like Gecko) Chrome/142.0.0.0 Safari/537.36', '31.210.93.19', NULL, NULL, NULL, NULL, NULL),
('5fd3cb28-7b5f-4487-95b9-daf27343bf50', 'fa1617a0-2f8d-43a4-a4b3-af4890a5082a', '2026-03-25T11:36:41.954828+00:00', '2026-03-27T06:56:03.875029+00:00', NULL, 'aal1', NULL, '2026-03-27T06:56:03.874924', 'node', '3.73.133.24', NULL, NULL, NULL, NULL, NULL),
('d9f2bf57-4b9b-4833-80f2-84ac0d339801', '7d40e177-9e29-4f2e-8c1b-ecd1eb997159', '2026-03-26T07:37:40.996175+00:00', '2026-05-06T14:35:41.273429+00:00', NULL, 'aal1', NULL, '2026-05-06T14:35:41.273329', 'Vercel Edge Functions', '18.185.112.48', NULL, NULL, NULL, NULL, NULL),
('2cc16d57-442f-4e1f-978b-71f78a7aa840', '822afa8d-aded-43ea-82fa-4def98ea3ae3', '2026-04-11T10:36:40.158199+00:00', '2026-04-12T11:07:11.097792+00:00', NULL, 'aal1', NULL, '2026-04-12T11:07:11.097686', 'node', '3.67.221.24', NULL, NULL, NULL, NULL, NULL),
('95a2c11f-dc4d-4dce-a2a8-2fcd783f6c94', 'd93acdf0-87cb-4664-96a9-b8117cde052e', '2026-03-30T12:16:55.2448+00:00', '2026-04-15T08:44:11.779292+00:00', NULL, 'aal1', NULL, '2026-04-15T08:44:11.779196', 'node', '3.68.107.42', NULL, NULL, NULL, NULL, NULL),
('5cdd246b-e3f0-4b6c-9d2f-60df8ea4c4d9', '5737b759-977c-4d13-a256-f93d66e15654', '2026-03-30T12:21:46.789303+00:00', '2026-05-06T09:49:11.687843+00:00', NULL, 'aal1', NULL, '2026-05-06T09:49:11.687746', 'Vercel Edge Functions', '63.179.255.31', NULL, NULL, NULL, NULL, NULL),
('65d44b65-b615-404c-99bd-b59fb5e92f0f', '353edf4d-ec2a-4396-b6b5-8d0d14401427', '2026-03-23T12:31:55.435572+00:00', '2026-05-08T09:05:38.65779+00:00', NULL, 'aal1', NULL, '2026-05-08T09:05:38.657697', 'Vercel Edge Functions', '3.68.102.216', NULL, NULL, NULL, NULL, NULL),
('5b18674a-fdf6-4d15-8876-5421bcdd2ceb', 'e294c245-faa6-49df-b281-c6ad0f54f653', '2026-03-25T11:41:33.294655+00:00', '2026-04-10T10:25:59.618708+00:00', NULL, 'aal1', NULL, '2026-04-10T10:25:59.618022', 'Mozilla/5.0 (Windows NT 10.0; Win64; x64) AppleWebKit/537.36 (KHTML, like Gecko) Chrome/146.0.0.0 Safari/537.36', '88.230.126.215', NULL, NULL, NULL, NULL, NULL),
('d7f93c47-bb21-4080-bed0-c6cf62c19cea', '9a22da0f-119e-4c87-a9b5-f69790a65709', '2026-03-25T16:03:55.793126+00:00', '2026-03-31T15:12:24.719318+00:00', NULL, 'aal1', NULL, '2026-03-31T15:12:24.715945', 'node', '63.178.164.217', NULL, NULL, NULL, NULL, NULL),
('a34ecc11-8f6d-4679-9aee-9d5227655f03', 'cda42536-266b-4882-9a7c-3028a8b4bf10', '2026-04-09T08:52:48.525525+00:00', '2026-05-07T11:29:20.269215+00:00', NULL, 'aal1', NULL, '2026-05-07T11:29:20.269127', 'Mozilla/5.0 (Windows NT 10.0; Win64; x64) AppleWebKit/537.36 (KHTML, like Gecko) Chrome/147.0.0.0 Safari/537.36', '88.244.209.129', NULL, NULL, NULL, NULL, NULL),
('0fa58a47-b0f3-4c51-bd1b-1fdce19d06bd', '0937672b-3b2b-49a4-89ba-5bfb367a4eb7', '2026-04-05T18:17:56.472344+00:00', '2026-04-05T20:07:18.22557+00:00', NULL, 'aal1', NULL, '2026-04-05T20:07:18.225471', 'node', '3.127.25.23', NULL, NULL, NULL, NULL, NULL),
('e737c237-3996-43e9-858b-c67b8c2696d4', '48b699f4-40e1-4d53-b5c5-224a8109be73', '2026-03-31T16:59:41.307773+00:00', '2026-03-31T18:41:24.04369+00:00', NULL, 'aal1', NULL, '2026-03-31T18:41:24.043567', 'Mozilla/5.0 (Windows NT 10.0; Win64; x64) AppleWebKit/537.36 (KHTML, like Gecko) Chrome/146.0.0.0 Safari/537.36', '85.153.229.142', NULL, NULL, NULL, NULL, NULL),
('58bbcabd-47e1-4fe1-a731-de0c3d432a77', '9b436ef9-cf00-4e2f-a221-28d45646d0c5', '2026-03-28T06:29:26.893329+00:00', '2026-04-27T13:25:39.964317+00:00', NULL, 'aal1', NULL, '2026-04-27T13:25:39.963636', 'node', '3.124.189.56', NULL, NULL, NULL, NULL, NULL),
('9d81c914-130b-42d1-918f-c380356f99e2', '471db45f-a1db-4e7f-85cc-acdfbf3ac712', '2026-05-13T10:00:48.97241+00:00', '2026-05-13T10:00:48.97241+00:00', NULL, 'aal1', NULL, NULL, 'Mozilla/5.0 (Windows NT 10.0; Win64; x64) AppleWebKit/537.36 (KHTML, like Gecko) Chrome/148.0.0.0 Safari/537.36', '78.173.132.18', NULL, NULL, NULL, NULL, NULL),
('2c3855c9-6a13-431e-bffa-5efcfe90f969', '34b4eb9b-b118-4f2f-b46c-c6883cb4df2a', '2026-03-27T07:18:15.061732+00:00', '2026-05-12T04:56:01.687055+00:00', NULL, 'aal1', NULL, '2026-05-12T04:56:01.686965', 'Vercel Edge Functions', '3.67.198.173', NULL, NULL, NULL, NULL, NULL),
('3a84ca06-f839-434d-b676-7d50608ba476', 'fdb8e03e-c09f-46d3-bd52-06bd1fe024e3', '2026-04-02T15:14:39.255859+00:00', '2026-04-27T15:28:48.486034+00:00', NULL, 'aal1', NULL, '2026-04-27T15:28:48.485933', 'node', '18.184.14.79', NULL, NULL, NULL, NULL, NULL),
('31fc4941-af91-4d6a-ba19-ba023f64275e', '8a49484d-581f-44dd-8710-1fa8c41944ae', '2026-03-30T10:15:36.47232+00:00', '2026-05-04T07:32:36.458418+00:00', NULL, 'aal1', NULL, '2026-05-04T07:32:36.45832', 'node', '3.79.45.150', NULL, NULL, NULL, NULL, NULL),
('5bc552a3-1c59-4d89-aaae-3ed12a4e9683', 'fa1617a0-2f8d-43a4-a4b3-af4890a5082a', '2026-03-25T11:34:46.980185+00:00', '2026-03-25T13:18:29.968382+00:00', NULL, 'aal1', NULL, '2026-03-25T13:18:29.968275', 'node', '63.178.18.24', NULL, NULL, NULL, NULL, NULL),
('ec1a36ea-1797-4522-a74d-81d038728907', 'c0d42c1f-1cba-4885-8249-acc013eecee0', '2026-04-30T07:41:38.680183+00:00', '2026-04-30T13:57:48.460825+00:00', NULL, 'aal1', NULL, '2026-04-30T13:57:48.460732', 'Mozilla/5.0 (Windows NT 10.0; Win64; x64) AppleWebKit/537.36 (KHTML, like Gecko) Chrome/147.0.0.0 Safari/537.36', '62.108.64.9', NULL, NULL, NULL, NULL, NULL),
('e21cce02-5c0f-4967-8a5a-f0339a0dcd38', '8e0704ee-ee99-49ed-be86-c8ccc27cd918', '2026-03-24T17:57:59.941798+00:00', '2026-04-01T23:00:12.992513+00:00', NULL, 'aal1', NULL, '2026-04-01T23:00:12.992388', 'node', '63.178.202.194', NULL, NULL, NULL, NULL, NULL),
('55d792de-c208-407c-b1a6-72f2e68f256e', 'e7cf9204-e930-478d-8f5a-4aaf9cbb2dda', '2026-03-26T09:02:58.16392+00:00', '2026-03-26T19:56:13.721659+00:00', NULL, 'aal1', NULL, '2026-03-26T19:56:13.721558', 'node', '44.202.80.191', NULL, NULL, NULL, NULL, NULL),
('0c48d6c5-3c61-4189-ac4f-9df76455c4b4', '34b4eb9b-b118-4f2f-b46c-c6883cb4df2a', '2026-03-25T16:26:12.601711+00:00', '2026-03-25T16:26:12.601711+00:00', NULL, 'aal1', NULL, NULL, 'Mozilla/5.0 (Windows NT 10.0; Win64; x64) AppleWebKit/537.36 (KHTML, like Gecko) Chrome/146.0.0.0 Safari/537.36', '178.243.223.153', NULL, NULL, NULL, NULL, NULL),
('7b21fb16-234f-493b-b476-404f873895be', '6e9361ed-4ebb-4e5d-9e26-42df9e440ed6', '2026-03-26T09:00:09.369044+00:00', '2026-05-11T16:05:27.764776+00:00', NULL, 'aal1', NULL, '2026-05-11T16:05:27.764673', 'Vercel Edge Functions', '63.182.212.143', NULL, NULL, NULL, NULL, NULL),
('ba9a0df7-701b-4410-adc9-eda26399921e', '5e798186-4b05-4ff1-b785-d6686b6673d9', '2026-04-01T16:23:20.878129+00:00', '2026-04-02T07:22:26.566616+00:00', NULL, 'aal1', NULL, '2026-04-02T07:22:26.566515', 'node', '3.76.201.50', NULL, NULL, NULL, NULL, NULL),
('45d9622c-4ce8-454e-8066-7327e595920b', '5ddb1bf6-57ed-4fde-8af1-3ede452d277b', '2026-04-23T11:32:57.47777+00:00', '2026-04-23T13:49:38.284078+00:00', NULL, 'aal1', NULL, '2026-04-23T13:49:38.283984', 'Mozilla/5.0 (Windows NT 10.0; Win64; x64) AppleWebKit/537.36 (KHTML, like Gecko) Chrome/147.0.0.0 Safari/537.36', '78.184.165.43', NULL, NULL, NULL, NULL, NULL),
('12f283c6-7188-4a8f-8f29-311fc577efc1', '8e0704ee-ee99-49ed-be86-c8ccc27cd918', '2026-03-29T20:41:29.92107+00:00', '2026-03-29T20:41:29.92107+00:00', NULL, 'aal1', NULL, NULL, 'Mozilla/5.0 (Windows NT 10.0; Win64; x64) AppleWebKit/537.36 (KHTML, like Gecko) Chrome/146.0.0.0 Safari/537.36', '94.55.60.90', NULL, NULL, NULL, NULL, NULL),
('3880679d-0ecf-4151-812e-d3feb3469585', '40033e13-f9bc-4460-86f3-61aeacb9c28d', '2026-03-25T10:44:09.379411+00:00', '2026-05-08T09:15:40.949475+00:00', NULL, 'aal1', NULL, '2026-05-08T09:15:40.949352', 'Vercel Edge Functions', '3.126.254.217', NULL, NULL, NULL, NULL, NULL),
('c514d6f6-aa48-4ea9-8528-858801400827', '09bbfe10-e0cf-4dd9-b42e-37b58a027988', '2026-04-10T11:11:00.683158+00:00', '2026-04-10T11:11:00.683158+00:00', NULL, 'aal1', NULL, NULL, 'Mozilla/5.0 (iPhone; CPU iPhone OS 18_7 like Mac OS X) AppleWebKit/605.1.15 (KHTML, like Gecko) Version/26.1 Mobile/15E148 Safari/604.1', '176.89.130.109', NULL, NULL, NULL, NULL, NULL),
('cbb45514-6b33-47eb-932a-58962761fc0c', 'd8504e2c-5599-4e6a-b8a7-49b70a89c1ac', '2026-03-23T08:37:14.69138+00:00', '2026-05-12T07:58:09.781073+00:00', NULL, 'aal1', NULL, '2026-05-12T07:58:09.780332', 'Vercel Edge Functions', '3.77.38.238', NULL, NULL, NULL, NULL, NULL),
('0a71a4e3-b0e2-4cf4-8e51-e9c8db47c316', '83b74096-c872-425a-918d-14191ade1909', '2026-03-27T18:48:24.468709+00:00', '2026-05-01T07:11:04.981001+00:00', NULL, 'aal1', NULL, '2026-05-01T07:11:04.980892', 'node', '3.67.168.86', NULL, NULL, NULL, NULL, NULL),
('c0a35e86-f7c2-48c0-a8f2-5911f691113f', '26c44ad8-880f-43e8-89cd-d621bdc90f43', '2026-04-08T15:36:40.610146+00:00', '2026-04-09T12:08:15.790308+00:00', NULL, 'aal1', NULL, '2026-04-09T12:08:15.790215', 'node', '18.197.180.77', NULL, NULL, NULL, NULL, NULL),
('75e23341-9405-468d-9cb6-cc808cea5089', '822afa8d-aded-43ea-82fa-4def98ea3ae3', '2026-04-09T09:50:25.056796+00:00', '2026-04-10T21:36:35.837695+00:00', NULL, 'aal1', NULL, '2026-04-10T21:36:35.837592', 'node', '3.72.255.190', NULL, NULL, NULL, NULL, NULL),
('459b458c-bb13-4d7d-a0d0-b7c55f58af9d', 'd563f368-f2ac-40a7-891b-be9892b42b26', '2026-04-27T08:08:09.359966+00:00', '2026-05-12T08:15:28.541283+00:00', NULL, 'aal1', NULL, '2026-05-12T08:15:28.541188', 'Vercel Edge Functions', '63.180.9.115', NULL, NULL, NULL, NULL, NULL),
('6d2f3c16-d549-496f-bcb9-ace2e0c11bb2', 'a78982af-544f-45f4-8fc2-baf13a3f3c99', '2026-03-28T16:08:44.961328+00:00', '2026-03-28T16:08:44.961328+00:00', NULL, 'aal1', NULL, NULL, 'Mozilla/5.0 (Linux; Android 10; K) AppleWebKit/537.36 (KHTML, like Gecko) Chrome/146.0.0.0 Mobile Safari/537.36', '46.197.75.123', NULL, NULL, NULL, NULL, NULL),
('8ddd4b76-1330-4ac3-bb8e-8904d9bb724b', '251584a7-d204-4cb7-9cb0-eff4060b8240', '2026-03-30T14:26:11.664331+00:00', '2026-05-12T15:25:21.771708+00:00', NULL, 'aal1', NULL, '2026-05-12T15:25:21.77161', 'Vercel Edge Functions', '63.182.250.12', NULL, NULL, NULL, NULL, NULL),
('c13621f3-b738-40db-8fba-b0e23b6357ed', '8c397daf-9c3b-4e67-aecd-a564153eb698', '2026-03-24T11:34:14.637918+00:00', '2026-04-20T06:36:03.336039+00:00', NULL, 'aal1', NULL, '2026-04-20T06:36:03.335941', 'node', '18.192.183.7', NULL, NULL, NULL, NULL, NULL),
('c823b5f1-574c-4448-bc7f-6a7b61b63303', '0add6e4a-0e12-419c-9dbd-b44212bc5a78', '2026-04-02T20:53:27.396882+00:00', '2026-05-10T17:56:29.533075+00:00', NULL, 'aal1', NULL, '2026-05-10T17:56:29.532974', 'Vercel Edge Functions', '63.176.135.56', NULL, NULL, NULL, NULL, NULL),
('8604ebd4-268b-4dee-a3af-fe7f988f9684', '8b0ee5d1-6277-42f1-b375-f791873e6702', '2026-03-23T13:56:21.330706+00:00', '2026-05-07T10:28:22.225177+00:00', NULL, 'aal1', NULL, '2026-05-07T10:28:22.225068', 'Vercel Edge Functions', '3.71.75.189', NULL, NULL, NULL, NULL, NULL),
('876591cd-70eb-4e28-a473-8a9e3a6fbf34', '822afa8d-aded-43ea-82fa-4def98ea3ae3', '2026-05-11T11:46:53.708155+00:00', '2026-05-11T11:46:53.708155+00:00', NULL, 'aal1', NULL, NULL, 'Mozilla/5.0 (Linux; Android 10; K) AppleWebKit/537.36 (KHTML, like Gecko) Chrome/147.0.0.0 Mobile Safari/537.36', '31.142.173.235', NULL, NULL, NULL, NULL, NULL),
('8bb2baaf-b787-4c99-aa07-93721e66c865', '8646d9c3-e462-4e22-a45f-6a92cb11feec', '2026-04-08T12:19:34.865445+00:00', '2026-04-27T07:07:21.946564+00:00', NULL, 'aal1', NULL, '2026-04-27T07:07:21.946475', 'node', '3.76.219.95', NULL, NULL, NULL, NULL, NULL),
('273b580a-e34c-48d9-868f-365278de1417', '66ac7d2e-9086-4e2d-9116-1deafffcf303', '2026-04-07T10:38:36.384384+00:00', '2026-04-24T13:03:22.612302+00:00', NULL, 'aal1', NULL, '2026-04-24T13:03:22.612212', 'node', '63.178.66.147', NULL, NULL, NULL, NULL, NULL),
('487e2505-9c5b-4eed-9a03-944f4c912782', '4301787d-b914-4651-91bd-6ae462cd2620', '2026-04-03T12:54:32.41624+00:00', '2026-04-03T12:54:32.41624+00:00', NULL, 'aal1', NULL, NULL, 'Mozilla/5.0 (Windows NT 10.0; Win64; x64) AppleWebKit/537.36 (KHTML, like Gecko) Chrome/146.0.0.0 Safari/537.36', '81.214.106.145', NULL, NULL, NULL, NULL, NULL),
('32766939-358f-42bb-9f1b-4707913dd87f', '10ab8eca-9cfa-49a1-ab8a-8ccd9b31c9e0', '2026-04-09T11:05:04.623182+00:00', '2026-04-09T11:05:04.623182+00:00', NULL, 'aal1', NULL, NULL, 'Mozilla/5.0 (Linux; Android 10; K) AppleWebKit/537.36 (KHTML, like Gecko) Chrome/146.0.0.0 Mobile Safari/537.36', '46.104.11.150', NULL, NULL, NULL, NULL, NULL),
('1420707e-71a9-497e-b44e-615e0c46bfd6', '251584a7-d204-4cb7-9cb0-eff4060b8240', '2026-03-30T14:51:46.118294+00:00', '2026-03-30T14:51:46.118294+00:00', NULL, 'aal1', NULL, NULL, 'Mozilla/5.0 (Windows NT 10.0; Win64; x64) AppleWebKit/537.36 (KHTML, like Gecko) Chrome/146.0.0.0 Safari/537.36', '5.25.143.196', NULL, NULL, NULL, NULL, NULL),
('7f22114c-0040-4f69-a28e-140be30ad926', '47fe9f38-2206-4585-abd8-80efd6fc7019', '2026-04-03T18:04:35.646018+00:00', '2026-04-03T18:04:35.646018+00:00', NULL, 'aal1', NULL, NULL, 'Mozilla/5.0 (iPhone; CPU iPhone OS 18_7 like Mac OS X) AppleWebKit/605.1.15 (KHTML, like Gecko) Version/26.3 Mobile/15E148 Safari/604.1', '176.55.64.138', NULL, NULL, NULL, NULL, NULL),
('db9a9812-7c91-443e-8524-0448e4b8eae9', '094af071-6965-4938-ad96-bf982eeadcb9', '2026-04-04T15:09:50.579096+00:00', '2026-04-04T15:09:50.579096+00:00', NULL, 'aal1', NULL, NULL, 'Mozilla/5.0 (Windows NT 10.0; Win64; x64) AppleWebKit/537.36 (KHTML, like Gecko) Chrome/146.0.0.0 Safari/537.36', '88.235.246.72', NULL, NULL, NULL, NULL, NULL),
('e8fd93d4-f8cd-4cf2-8ef8-a7afd7e4133d', '6d5f56fc-42b4-472d-bdbb-295049a46a44', '2026-05-13T10:06:37.51635+00:00', '2026-05-13T10:06:37.51635+00:00', NULL, 'aal1', NULL, NULL, 'Mozilla/5.0 (iPhone; CPU iPhone OS 17_6_1 like Mac OS X) AppleWebKit/605.1.15 (KHTML, like Gecko) Version/17.6 Mobile/15E148 Safari/604.1', '176.55.65.181', NULL, NULL, NULL, NULL, NULL),
('5907a5ce-0500-4fa6-8393-fd060f38272b', 'e0b1bddc-aa5b-4bea-bc89-52df05520884', '2026-04-13T07:38:18.764477+00:00', '2026-05-13T10:11:52.022934+00:00', NULL, 'aal1', NULL, '2026-05-13T10:11:52.022149', 'Vercel Edge Functions', '3.127.36.229', NULL, NULL, NULL, NULL, NULL),
('ebeafd84-70be-4235-818a-567ae23114e8', '9b436ef9-cf00-4e2f-a221-28d45646d0c5', '2026-04-30T14:51:38.350613+00:00', '2026-05-13T10:12:12.536582+00:00', NULL, 'aal1', NULL, '2026-05-13T10:12:12.535827', 'Vercel Edge Functions', '3.127.36.229', NULL, NULL, NULL, NULL, NULL),
('f1c3f0a5-7412-404c-ae7b-36d697a70def', 'dc5642a2-b5ad-4993-bd6f-cc131c216376', '2026-04-04T15:07:03.791674+00:00', '2026-05-06T14:15:24.161771+00:00', NULL, 'aal1', NULL, '2026-05-06T14:15:24.161656', 'Vercel Edge Functions', '51.102.117.90', NULL, NULL, NULL, NULL, NULL),
('f5b9ceb3-d74c-4bab-91c9-e2d8ed943bc6', 'e363c7fc-cbc2-4b6b-bf8b-505c26121f50', '2026-05-01T18:21:41.960996+00:00', '2026-05-06T14:35:28.936557+00:00', NULL, 'aal1', NULL, '2026-05-06T14:35:28.936426', 'Vercel Edge Functions', '51.102.117.90', NULL, NULL, NULL, NULL, NULL),
('2c4d8154-7a42-46df-adf3-265fbdf773cc', '427ddd91-2a9a-44c0-8644-34d73680b54b', '2026-04-03T07:08:40.382134+00:00', '2026-05-12T16:52:56.004641+00:00', NULL, 'aal1', NULL, '2026-05-12T16:52:56.003947', 'Vercel Edge Functions', '18.194.1.36', NULL, NULL, NULL, NULL, NULL),
('62ccbff9-38f9-43bf-ba7d-6851da0215ec', '1a866c52-ae2b-4552-a931-fef885a5fedf', '2026-03-24T12:24:17.940278+00:00', '2026-05-02T16:00:50.49787+00:00', NULL, 'aal1', NULL, '2026-05-02T16:00:50.497765', 'Mozilla/5.0 (Windows NT 10.0; Win64; x64) AppleWebKit/537.36 (KHTML, like Gecko) Chrome/147.0.0.0 Safari/537.36', '81.215.236.94', NULL, NULL, NULL, NULL, NULL),
('2cf9233a-a900-41e1-bc08-2b5a0e5f8353', 'd04b197a-a856-492d-a8a1-2653bd904afc', '2026-04-08T13:12:33.476501+00:00', '2026-05-06T15:09:47.861282+00:00', NULL, 'aal1', NULL, '2026-05-06T15:09:47.861186', 'Vercel Edge Functions', '18.195.215.198', NULL, NULL, NULL, NULL, NULL),
('be6a0b94-e872-44dc-bd42-6532efe80105', '26c44ad8-880f-43e8-89cd-d621bdc90f43', '2026-04-08T15:33:50.180607+00:00', '2026-04-11T20:10:38.620737+00:00', NULL, 'aal1', NULL, '2026-04-11T20:10:38.620638', 'node', '3.65.11.219', NULL, NULL, NULL, NULL, NULL),
('3f6198c8-1333-4829-92c0-c1f589fa62a7', '0937672b-3b2b-49a4-89ba-5bfb367a4eb7', '2026-04-21T21:40:56.570614+00:00', '2026-04-26T14:44:51.977429+00:00', NULL, 'aal1', NULL, '2026-04-26T14:44:51.977323', 'node', '3.68.72.192', NULL, NULL, NULL, NULL, NULL),
('c6e6c53e-082f-4d27-b499-d911c149790a', '34b4eb9b-b118-4f2f-b46c-c6883cb4df2a', '2026-03-24T08:01:51.8355+00:00', '2026-05-12T17:58:41.711523+00:00', NULL, 'aal1', NULL, '2026-05-12T17:58:41.7114', 'Vercel Edge Functions', '3.76.189.154', NULL, NULL, NULL, NULL, NULL),
('2e5776a0-7051-4a00-840e-a3f3a853cb03', 'f46b9002-bbd0-4423-9d9c-ccff436df0b9', '2026-04-06T13:47:27.280138+00:00', '2026-04-06T13:47:27.280138+00:00', NULL, 'aal1', NULL, NULL, 'Mozilla/5.0 (Windows NT 10.0; Win64; x64) AppleWebKit/537.36 (KHTML, like Gecko) Chrome/146.0.0.0 Safari/537.36', '185.49.131.207', NULL, NULL, NULL, NULL, NULL),
('adc85d5b-89a0-49e5-8884-27023cc36049', '5ddb1bf6-57ed-4fde-8af1-3ede452d277b', '2026-04-09T13:20:53.174674+00:00', '2026-04-10T14:54:11.930602+00:00', NULL, 'aal1', NULL, '2026-04-10T14:54:11.930491', 'Mozilla/5.0 (Windows NT 10.0; Win64; x64) AppleWebKit/537.36 (KHTML, like Gecko) Chrome/146.0.0.0 Safari/537.36', '88.238.193.239', NULL, NULL, NULL, NULL, NULL),
('2c912b03-578f-40d0-8ab1-204c8ca4e311', '10ab8eca-9cfa-49a1-ab8a-8ccd9b31c9e0', '2026-04-09T09:21:37.052379+00:00', '2026-05-12T11:47:36.138884+00:00', NULL, 'aal1', NULL, '2026-05-12T11:47:36.138798', 'Vercel Edge Functions', '63.177.112.57', NULL, NULL, NULL, NULL, NULL),
('db5baa9b-20ae-4995-a1e2-2ecbb9d1fb64', '8908b724-b8f4-45b3-8438-61ac803ffa02', '2026-04-09T08:41:17.359065+00:00', '2026-04-09T08:41:17.359065+00:00', NULL, 'aal1', NULL, NULL, 'Mozilla/5.0 (iPhone; CPU iPhone OS 18_7 like Mac OS X) AppleWebKit/605.1.15 (KHTML, like Gecko) Version/26.3 Mobile/15E148 Safari/604.1', '188.3.50.15', NULL, NULL, NULL, NULL, NULL),
('132931e8-6e19-49b8-abd6-e2ce10133609', '471db45f-a1db-4e7f-85cc-acdfbf3ac712', '2026-05-13T08:36:43.093631+00:00', '2026-05-13T08:36:43.093631+00:00', NULL, 'aal1', NULL, NULL, 'Mozilla/5.0 (iPhone; CPU iPhone OS 18_7 like Mac OS X) AppleWebKit/605.1.15 (KHTML, like Gecko) Version/26.4 Mobile/15E148 Safari/604.1', '78.183.107.220', NULL, NULL, NULL, NULL, NULL),
('1dcc4d01-898c-4a03-8f69-687a1795b7e5', '7d40e177-9e29-4f2e-8c1b-ecd1eb997159', '2026-04-07T08:14:28.064686+00:00', '2026-04-07T09:14:15.917039+00:00', NULL, 'aal1', NULL, '2026-04-07T09:14:15.916864', 'Mozilla/5.0 (Windows NT 10.0; Win64; x64) AppleWebKit/537.36 (KHTML, like Gecko) Chrome/146.0.0.0 Safari/537.36', '78.174.192.113', NULL, NULL, NULL, NULL, NULL),
('38f3a38a-7c61-4703-8ed2-d72c49adaf63', '2a8a651b-7c67-4bc1-8d54-a730fa6ad4ee', '2026-04-10T12:45:04.773527+00:00', '2026-05-02T07:52:22.798172+00:00', NULL, 'aal1', NULL, '2026-05-02T07:52:22.794526', 'node', '3.67.221.197', NULL, NULL, NULL, NULL, NULL),
('aad2c04e-94a6-474e-98f9-608b7791091a', 'e0b1bddc-aa5b-4bea-bc89-52df05520884', '2026-04-12T19:46:55.751717+00:00', '2026-04-13T06:19:48.956108+00:00', NULL, 'aal1', NULL, '2026-04-13T06:19:48.956013', 'node', '54.93.254.95', NULL, NULL, NULL, NULL, NULL),
('90c14c47-dba1-40fe-becb-b05c9e4f6d63', '6f5d1fe2-0201-4109-b6c9-e373d120d462', '2026-05-12T18:28:53.336903+00:00', '2026-05-12T18:28:53.336903+00:00', NULL, 'aal1', NULL, NULL, 'Mozilla/5.0 (Windows NT 10.0; Win64; x64) AppleWebKit/537.36 (KHTML, like Gecko) Chrome/148.0.0.0 Safari/537.36 Edg/148.0.0.0', '159.146.45.74', NULL, NULL, NULL, NULL, NULL),
('d1716e80-0510-4290-be80-36693249051f', '91ff382c-93c4-4efe-9bfe-5db48e3f048f', '2026-05-08T08:20:20.022711+00:00', '2026-05-13T09:49:20.310051+00:00', NULL, 'aal1', NULL, '2026-05-13T09:49:20.30996', 'Mozilla/5.0 (Windows NT 10.0; Win64; x64) AppleWebKit/537.36 (KHTML, like Gecko) Chrome/141.0.0.0 Safari/537.36', '88.225.234.119', NULL, NULL, NULL, NULL, NULL),
('7cc176f1-6e2e-427b-8d25-531d6121b8b7', 'c0d42c1f-1cba-4885-8249-acc013eecee0', '2026-04-30T07:43:54.999616+00:00', '2026-04-30T07:43:54.999616+00:00', NULL, 'aal1', NULL, NULL, 'Mozilla/5.0 (Windows NT 10.0; Win64; x64) AppleWebKit/537.36 (KHTML, like Gecko) Chrome/142.0.0.0 Safari/537.36', '31.210.93.13', NULL, NULL, NULL, NULL, NULL),
('983aa439-a189-4488-982a-aba9b60d2159', 'd490a75e-54f3-40d1-b4f0-de5a6b71b18b', '2026-04-13T14:40:46.923176+00:00', '2026-04-13T14:40:46.923176+00:00', NULL, 'aal1', NULL, NULL, 'Mozilla/5.0 (Windows NT 10.0; Win64; x64) AppleWebKit/537.36 (KHTML, like Gecko) Chrome/146.0.0.0 Safari/537.36 Edg/146.0.0.0', '5.47.103.2', NULL, NULL, NULL, NULL, NULL),
('36b92457-54b7-4b81-bb02-a7ffe9036bbf', 'a932098c-e06a-47ce-a091-fddf73034228', '2026-04-17T09:24:38.789656+00:00', '2026-05-13T09:55:30.643088+00:00', NULL, 'aal1', NULL, '2026-05-13T09:55:30.642981', 'Vercel Edge Functions', '3.127.135.110', NULL, NULL, NULL, NULL, NULL),
('f7ef3a32-174a-43a2-953d-ca42fd4aeee8', 'a78982af-544f-45f4-8fc2-baf13a3f3c99', '2026-03-25T06:26:32.239777+00:00', '2026-05-13T09:55:43.737065+00:00', NULL, 'aal1', NULL, '2026-05-13T09:55:43.734477', 'Mozilla/5.0 (Windows NT 10.0; Win64; x64) AppleWebKit/537.36 (KHTML, like Gecko) Chrome/148.0.0.0 Safari/537.36', '88.230.197.221', NULL, NULL, NULL, NULL, NULL),
('4c28f19e-acb7-4160-9ab4-af828b7c5b7e', '41893c5b-12ad-42b7-bc2f-6d8ff1a445c1', '2026-04-30T16:06:00.316535+00:00', '2026-04-30T16:06:00.316535+00:00', NULL, 'aal1', NULL, NULL, 'Mozilla/5.0 (Windows NT 10.0; Win64; x64) AppleWebKit/537.36 (KHTML, like Gecko) Chrome/147.0.0.0 Safari/537.36', '78.191.225.42', NULL, NULL, NULL, NULL, NULL),
('1d94491d-7bda-4a0e-a915-25ebde985d20', '83b74096-c872-425a-918d-14191ade1909', '2026-04-21T10:40:11.451216+00:00', '2026-05-11T14:12:20.725338+00:00', NULL, 'aal1', NULL, '2026-05-11T14:12:20.723156', 'Vercel Edge Functions', '18.153.81.121', NULL, NULL, NULL, NULL, NULL),
('40a8c020-62dd-4146-9be3-aa489685d3c2', '551b9b07-5ff8-49ca-955a-6bc48fbc7b24', '2026-04-03T07:12:16.454744+00:00', '2026-05-13T10:12:43.121864+00:00', NULL, 'aal1', NULL, '2026-05-13T10:12:43.121747', 'Vercel Edge Functions', '3.127.36.229', NULL, NULL, NULL, NULL, NULL),
('d9a8a6a0-9224-44f6-b789-e80f70c7c481', '28944f68-a4b8-46e9-91ec-3c9c51be5448', '2026-05-08T19:59:32.577496+00:00', '2026-05-08T19:59:32.577496+00:00', NULL, 'aal1', NULL, NULL, 'Mozilla/5.0 (Linux; U; Android 15; tr-tr; CPH2687 Build/AP3A.240617.008) AppleWebKit/537.36 (KHTML, like Gecko) Chrome/115.0.5970.168 Mobile Safari/537.36 HeyTapBrowser/45.14.0.1', '85.106.150.94', NULL, NULL, NULL, NULL, NULL),
('768d30d7-b92f-4865-ba75-44187007596e', '89971aff-b029-435f-b56e-0bd3efd30ba7', '2026-05-01T06:25:27.920771+00:00', '2026-05-12T06:05:58.76076+00:00', NULL, 'aal1', NULL, '2026-05-12T06:05:58.760662', 'Vercel Edge Functions', '63.178.247.52', NULL, NULL, NULL, NULL, NULL),
('ddaf20b1-6d35-455e-9c3c-77747e42f2e9', '0937672b-3b2b-49a4-89ba-5bfb367a4eb7', '2026-04-14T15:11:33.788181+00:00', '2026-04-14T18:06:52.568558+00:00', NULL, 'aal1', NULL, '2026-04-14T18:06:52.568456', 'node', '18.196.179.174', NULL, NULL, NULL, NULL, NULL),
('f8be5954-c4f7-4a88-b823-d3676c28b587', 'a932098c-e06a-47ce-a091-fddf73034228', '2026-04-14T16:15:49.230696+00:00', '2026-04-28T17:37:46.471504+00:00', NULL, 'aal1', NULL, '2026-04-28T17:37:46.471393', 'node', '18.193.108.90', NULL, NULL, NULL, NULL, NULL),
('0fd7630e-ad11-4874-a3de-0d47e683948a', 'dce35df8-4957-4259-8cfa-3f24a586fa11', '2026-04-30T07:34:40.518143+00:00', '2026-05-06T10:13:58.631508+00:00', NULL, 'aal1', NULL, '2026-05-06T10:13:58.631368', 'Vercel Edge Functions', '18.157.182.194', NULL, NULL, NULL, NULL, NULL),
('ed595dc5-107c-48d3-b900-888ab4f2a070', '8c397daf-9c3b-4e67-aecd-a564153eb698', '2026-04-18T10:52:45.807814+00:00', '2026-04-21T10:39:39.95892+00:00', NULL, 'aal1', NULL, '2026-04-21T10:39:39.958808', 'node', '63.181.3.13', NULL, NULL, NULL, NULL, NULL),
('38691618-ea16-4100-92e0-768a95b28941', '8066d766-65c7-41af-adcf-2ed15201210c', '2026-04-22T16:44:27.897165+00:00', '2026-04-23T08:08:24.82053+00:00', NULL, 'aal1', NULL, '2026-04-23T08:08:24.819399', 'node', '18.156.191.185', NULL, NULL, NULL, NULL, NULL),
('145d3875-595c-4f91-839c-e13f7848763a', 'ea21de2f-79ee-4de0-bfa3-23335f9f08ec', '2026-05-07T14:54:01.643504+00:00', '2026-05-12T07:44:19.302919+00:00', NULL, 'aal1', NULL, '2026-05-12T07:44:19.302817', 'Vercel Edge Functions', '18.197.24.138', NULL, NULL, NULL, NULL, NULL),
('911c922d-0c85-4c28-826c-9aad5421487e', 'bae1c313-4f09-4e53-9406-c4a04dbf8a5c', '2026-05-06T11:43:54.594875+00:00', '2026-05-12T15:14:13.861787+00:00', NULL, 'aal1', NULL, '2026-05-12T15:14:13.861692', 'Vercel Edge Functions', '63.182.250.12', NULL, NULL, NULL, NULL, NULL),
('ed7863f4-ea77-4603-a8a6-4c3aa33e5eac', '8e0704ee-ee99-49ed-be86-c8ccc27cd918', '2026-04-25T21:06:24.728704+00:00', '2026-05-05T23:25:55.53586+00:00', NULL, 'aal1', NULL, '2026-05-05T23:25:55.535753', 'Vercel Edge Functions', '3.64.147.58', NULL, NULL, NULL, NULL, NULL),
('da8f2367-02e6-4338-84ea-194eac3aad8a', '09bbfe10-e0cf-4dd9-b42e-37b58a027988', '2026-05-11T07:37:36.677661+00:00', '2026-05-11T07:37:36.677661+00:00', NULL, 'aal1', NULL, NULL, 'Mozilla/5.0 (iPhone; CPU iPhone OS 18_7 like Mac OS X) AppleWebKit/605.1.15 (KHTML, like Gecko) Version/26.1 Mobile/15E148 Safari/604.1', '178.243.194.9', NULL, NULL, NULL, NULL, NULL)
ON CONFLICT DO NOTHING;

-- DATA: auth.mfa_amr_claims (85 rows)
INSERT INTO auth."mfa_amr_claims" ("session_id", "created_at", "updated_at", "authentication_method", "id") VALUES
('459b458c-bb13-4d7d-a0d0-b7c55f58af9d', '2026-04-27T08:08:09.377932+00:00', '2026-04-27T08:08:09.377932+00:00', 'password', 'fecbe473-f687-4288-b187-931436c1ee81'),
('c13621f3-b738-40db-8fba-b0e23b6357ed', '2026-03-24T11:34:14.641272+00:00', '2026-03-24T11:34:14.641272+00:00', 'password', 'd070a6bb-51b7-46dd-b895-87b72957f287'),
('487e2505-9c5b-4eed-9a03-944f4c912782', '2026-04-03T12:54:32.483373+00:00', '2026-04-03T12:54:32.483373+00:00', 'password', '9e2decf9-eb2d-4453-a812-c778cbac22b1'),
('31fc4941-af91-4d6a-ba19-ba023f64275e', '2026-03-30T10:15:36.477816+00:00', '2026-03-30T10:15:36.477816+00:00', 'password', '37923dd1-021b-4d67-b158-a8ec43c9058a'),
('95a2c11f-dc4d-4dce-a2a8-2fcd783f6c94', '2026-03-30T12:16:55.301634+00:00', '2026-03-30T12:16:55.301634+00:00', 'password', '7a1ba0eb-ca8c-4249-a19e-20deb3b72441'),
('5cdd246b-e3f0-4b6c-9d2f-60df8ea4c4d9', '2026-03-30T12:21:46.827923+00:00', '2026-03-30T12:21:46.827923+00:00', 'password', 'a805c624-6333-4120-bd29-2dbd09540627'),
('7f22114c-0040-4f69-a28e-140be30ad926', '2026-04-03T18:04:35.682786+00:00', '2026-04-03T18:04:35.682786+00:00', 'password', 'c0e135b5-a0db-4a3b-bb56-abd90eb93b08'),
('d9f2bf57-4b9b-4833-80f2-84ac0d339801', '2026-03-26T07:37:41.000578+00:00', '2026-03-26T07:37:41.000578+00:00', 'password', '7bad1327-ba14-456c-8da0-bbd1f8377341'),
('db5baa9b-20ae-4995-a1e2-2ecbb9d1fb64', '2026-04-09T08:41:17.383618+00:00', '2026-04-09T08:41:17.383618+00:00', 'password', '08e7d825-eaeb-414e-98c5-18a46b5d0588'),
('f7ef3a32-174a-43a2-953d-ca42fd4aeee8', '2026-03-25T06:26:32.267662+00:00', '2026-03-25T06:26:32.267662+00:00', 'password', '731bc8c5-2766-4b24-ae2b-9abf554a27ee'),
('7b21fb16-234f-493b-b476-404f873895be', '2026-03-26T09:00:09.371941+00:00', '2026-03-26T09:00:09.371941+00:00', 'password', '125dce17-c1dc-4079-a581-8ae4ed857005'),
('62ccbff9-38f9-43bf-ba7d-6851da0215ec', '2026-03-24T12:24:17.960623+00:00', '2026-03-24T12:24:17.960623+00:00', 'password', 'aae14da8-0d6d-4399-b26c-0733aad2e832'),
('55d792de-c208-407c-b1a6-72f2e68f256e', '2026-03-26T09:02:58.168653+00:00', '2026-03-26T09:02:58.168653+00:00', 'password', '2f716bbb-c7e3-4d30-99b9-f7d5c58b69eb'),
('a34ecc11-8f6d-4679-9aee-9d5227655f03', '2026-04-09T08:52:48.548046+00:00', '2026-04-09T08:52:48.548046+00:00', 'password', '3d0903af-f693-43e7-a643-7d41ca40966d'),
('cbb45514-6b33-47eb-932a-58962761fc0c', '2026-03-23T08:37:14.696274+00:00', '2026-03-23T08:37:14.696274+00:00', 'password', '766c987b-6429-4e75-afbd-5b6e21dcbf7a'),
('e21cce02-5c0f-4967-8a5a-f0339a0dcd38', '2026-03-24T17:58:00.004914+00:00', '2026-03-24T17:58:00.004914+00:00', 'password', '2ad29a4d-083b-488d-8e62-bcede5889418'),
('8ddd4b76-1330-4ac3-bb8e-8904d9bb724b', '2026-03-30T14:26:11.694148+00:00', '2026-03-30T14:26:11.694148+00:00', 'password', '74f4e3c5-e20d-4cb9-87e0-69de60b1052d'),
('1420707e-71a9-497e-b44e-615e0c46bfd6', '2026-03-30T14:51:46.165922+00:00', '2026-03-30T14:51:46.165922+00:00', 'password', 'fa0a7243-56e8-417a-807f-0c471b750d0b'),
('2c912b03-578f-40d0-8ab1-204c8ca4e311', '2026-04-09T09:21:37.077557+00:00', '2026-04-09T09:21:37.077557+00:00', 'password', 'a3048066-1b3d-483d-a91d-1a88253c1cb4'),
('75e23341-9405-468d-9cb6-cc808cea5089', '2026-04-09T09:50:25.127231+00:00', '2026-04-09T09:50:25.127231+00:00', 'password', 'ce0c2ed1-515d-4d55-a134-381c78ab761a'),
('32766939-358f-42bb-9f1b-4707913dd87f', '2026-04-09T11:05:04.6443+00:00', '2026-04-09T11:05:04.6443+00:00', 'password', 'a0e09421-2fbe-4c29-994b-1b1cadfbf26c'),
('0fd7630e-ad11-4874-a3de-0d47e683948a', '2026-04-30T07:34:40.578868+00:00', '2026-04-30T07:34:40.578868+00:00', 'password', 'f0cc8e9e-5af7-48db-b1ac-c0f355ee9852'),
('273b580a-e34c-48d9-868f-365278de1417', '2026-04-07T10:38:36.411768+00:00', '2026-04-07T10:38:36.411768+00:00', 'password', '9047c95e-426b-4872-95df-ac40e41945c2'),
('adc85d5b-89a0-49e5-8884-27023cc36049', '2026-04-09T13:20:53.264669+00:00', '2026-04-09T13:20:53.264669+00:00', 'password', 'c9fddd16-407b-46e6-9638-ba4c56020a8b'),
('7cc176f1-6e2e-427b-8d25-531d6121b8b7', '2026-04-30T07:43:55.00893+00:00', '2026-04-30T07:43:55.00893+00:00', 'password', '40f71505-00af-4087-9c2c-45cf1a5a7042'),
('2c3855c9-6a13-431e-bffa-5efcfe90f969', '2026-03-27T07:18:15.083271+00:00', '2026-03-27T07:18:15.083271+00:00', 'password', '64e28552-e436-4390-a5bd-ce557ff0f806'),
('ebeafd84-70be-4235-818a-567ae23114e8', '2026-04-30T14:51:38.430996+00:00', '2026-04-30T14:51:38.430996+00:00', 'password', '8280df99-14de-4ddb-aec8-65da9a133631'),
('f1c3f0a5-7412-404c-ae7b-36d697a70def', '2026-04-04T15:07:03.801634+00:00', '2026-04-04T15:07:03.801634+00:00', 'password', 'f8e9d5c3-8ed6-4694-9567-5bfc82b58f5e'),
('65d44b65-b615-404c-99bd-b59fb5e92f0f', '2026-03-23T12:31:55.472852+00:00', '2026-03-23T12:31:55.472852+00:00', 'password', 'd04acf79-9b22-440e-a20a-46e29e01aedd'),
('8604ebd4-268b-4dee-a3af-fe7f988f9684', '2026-03-23T13:56:21.405974+00:00', '2026-03-23T13:56:21.405974+00:00', 'password', 'e150f5a0-7e84-4df2-93ef-88f54631ce60'),
('e737c237-3996-43e9-858b-c67b8c2696d4', '2026-03-31T16:59:41.380751+00:00', '2026-03-31T16:59:41.380751+00:00', 'password', 'cac44141-0a10-44f9-844e-1703cf1715b1'),
('3880679d-0ecf-4151-812e-d3feb3469585', '2026-03-25T10:44:09.421316+00:00', '2026-03-25T10:44:09.421316+00:00', 'password', '9339c272-3be7-40fe-8dd8-6d26a4c0822a'),
('5bc552a3-1c59-4d89-aaae-3ed12a4e9683', '2026-03-25T11:34:47.00791+00:00', '2026-03-25T11:34:47.00791+00:00', 'password', '7c54a746-71bf-4e92-bf2e-aecee5763929'),
('5fd3cb28-7b5f-4487-95b9-daf27343bf50', '2026-03-25T11:36:41.958064+00:00', '2026-03-25T11:36:41.958064+00:00', 'password', 'e33b16d5-9660-4c8e-a3b1-0a58c96d36c4'),
('5b18674a-fdf6-4d15-8876-5421bcdd2ceb', '2026-03-25T11:41:33.382309+00:00', '2026-03-25T11:41:33.382309+00:00', 'password', '2f12a914-7f17-46d3-8b93-d1eb3fb181ee'),
('db9a9812-7c91-443e-8524-0448e4b8eae9', '2026-04-04T15:09:50.581307+00:00', '2026-04-04T15:09:50.581307+00:00', 'password', '1e601c42-4bab-4861-91a8-7ace307e55c7'),
('0a71a4e3-b0e2-4cf4-8e51-e9c8db47c316', '2026-03-27T18:48:24.493822+00:00', '2026-03-27T18:48:24.493822+00:00', 'password', '10b2e7ce-2e96-4beb-a09c-98896d247fc3'),
('d7f93c47-bb21-4080-bed0-c6cf62c19cea', '2026-03-25T16:03:55.839935+00:00', '2026-03-25T16:03:55.839935+00:00', 'password', '3368f8de-b431-48f7-9124-977dba9b7858'),
('0c48d6c5-3c61-4189-ac4f-9df76455c4b4', '2026-03-25T16:26:12.669327+00:00', '2026-03-25T16:26:12.669327+00:00', 'password', '142edba3-b3ec-4cc9-8b4c-c429d3bf400f'),
('c514d6f6-aa48-4ea9-8528-858801400827', '2026-04-10T11:11:00.712506+00:00', '2026-04-10T11:11:00.712506+00:00', 'password', '7e3db5f5-44df-4812-a3e4-0f9f44babac2'),
('38f3a38a-7c61-4703-8ed2-d72c49adaf63', '2026-04-10T12:45:04.817365+00:00', '2026-04-10T12:45:04.817365+00:00', 'password', '55f68bbc-8187-47b6-b862-90081c8ca93d'),
('c6e6c53e-082f-4d27-b499-d911c149790a', '2026-03-24T08:01:51.887958+00:00', '2026-03-24T08:01:51.887958+00:00', 'password', '0055d99e-98d6-488e-9d46-7654750c1b83'),
('2cc16d57-442f-4e1f-978b-71f78a7aa840', '2026-04-11T10:36:40.230595+00:00', '2026-04-11T10:36:40.230595+00:00', 'password', 'f60c4a75-7a49-4d50-aeef-1ed810ef34fb'),
('0fa58a47-b0f3-4c51-bd1b-1fdce19d06bd', '2026-04-05T18:17:56.545041+00:00', '2026-04-05T18:17:56.545041+00:00', 'password', 'a84f5222-a6ad-446f-ba30-1f4100b56600'),
('58bbcabd-47e1-4fe1-a731-de0c3d432a77', '2026-03-28T06:29:26.976488+00:00', '2026-03-28T06:29:26.976488+00:00', 'password', 'e90245d4-ea3a-4ca3-9ac4-880f327c56a8'),
('12f283c6-7188-4a8f-8f29-311fc577efc1', '2026-03-29T20:41:29.923857+00:00', '2026-03-29T20:41:29.923857+00:00', 'password', 'a3cc384e-d9fb-4312-a4da-7373c8f9f495'),
('ba9a0df7-701b-4410-adc9-eda26399921e', '2026-04-01T16:23:20.960688+00:00', '2026-04-01T16:23:20.960688+00:00', 'password', 'e76ece31-1f6b-4914-9b71-dc83dc827244'),
('e8fd93d4-f8cd-4cf2-8ef8-a7afd7e4133d', '2026-05-13T10:06:37.566138+00:00', '2026-05-13T10:06:37.566138+00:00', 'password', '3eb06c9d-2162-4b28-850f-99f183fcbdad'),
('aad2c04e-94a6-474e-98f9-608b7791091a', '2026-04-12T19:46:55.832053+00:00', '2026-04-12T19:46:55.832053+00:00', 'password', '1714ac45-02b4-4a9d-a74d-2d84f3ed44d8'),
('ed595dc5-107c-48d3-b900-888ab4f2a070', '2026-04-18T10:52:45.845601+00:00', '2026-04-18T10:52:45.845601+00:00', 'password', '12aa441e-531b-4578-925b-3fed08f6ca2d'),
('6d2f3c16-d549-496f-bcb9-ace2e0c11bb2', '2026-03-28T16:08:44.967535+00:00', '2026-03-28T16:08:44.967535+00:00', 'password', '98162536-c9cf-49cf-bf44-112bc5437947'),
('38691618-ea16-4100-92e0-768a95b28941', '2026-04-22T16:44:27.935808+00:00', '2026-04-22T16:44:27.935808+00:00', 'password', '8828e9d7-f3ab-41cb-a4f9-68b484b28c77'),
('2e5776a0-7051-4a00-840e-a3f3a853cb03', '2026-04-06T13:47:27.346078+00:00', '2026-04-06T13:47:27.346078+00:00', 'password', '447e34f6-6aa1-4c2d-b9bf-7fea45755b36'),
('d1716e80-0510-4290-be80-36693249051f', '2026-05-08T08:20:20.07106+00:00', '2026-05-08T08:20:20.07106+00:00', 'password', '8f29bace-1c2b-417d-85a6-e98ddab21c79'),
('3a84ca06-f839-434d-b676-7d50608ba476', '2026-04-02T15:14:39.299213+00:00', '2026-04-02T15:14:39.299213+00:00', 'password', '3c33d01e-6209-45d5-a489-c81fb078aae6'),
('c823b5f1-574c-4448-bc7f-6a7b61b63303', '2026-04-02T20:53:27.473287+00:00', '2026-04-02T20:53:27.473287+00:00', 'password', '61c1c948-7887-4969-aab3-760673fc697a'),
('2c4d8154-7a42-46df-adf3-265fbdf773cc', '2026-04-03T07:08:40.455778+00:00', '2026-04-03T07:08:40.455778+00:00', 'password', 'f36ad07c-4c5f-4e02-8e65-ba4f21f0af06'),
('40a8c020-62dd-4146-9be3-aa489685d3c2', '2026-04-03T07:12:16.498961+00:00', '2026-04-03T07:12:16.498961+00:00', 'password', '19b83f0f-2e38-48ff-85e9-e3c90ed3ccd8'),
('d9a8a6a0-9224-44f6-b789-e80f70c7c481', '2026-05-08T19:59:32.664362+00:00', '2026-05-08T19:59:32.664362+00:00', 'password', '10eed116-196f-4425-bc40-9347da3eb380'),
('8bb2baaf-b787-4c99-aa07-93721e66c865', '2026-04-08T12:19:34.879269+00:00', '2026-04-08T12:19:34.879269+00:00', 'password', 'deb8098b-3f70-4fc3-9490-fa0c006f42d6'),
('2cf9233a-a900-41e1-bc08-2b5a0e5f8353', '2026-04-08T13:12:33.609844+00:00', '2026-04-08T13:12:33.609844+00:00', 'password', '63fe9e54-255b-46a8-9556-e3a33bc3ec5b'),
('be6a0b94-e872-44dc-bd42-6532efe80105', '2026-04-08T15:33:50.196936+00:00', '2026-04-08T15:33:50.196936+00:00', 'password', '522786dd-e648-4f0a-b691-7d9c671ceb3c'),
('1dcc4d01-898c-4a03-8f69-687a1795b7e5', '2026-04-07T08:14:28.103194+00:00', '2026-04-07T08:14:28.103194+00:00', 'password', '81cb61d9-1e08-4aed-9395-818a741547a8'),
('5907a5ce-0500-4fa6-8393-fd060f38272b', '2026-04-13T07:38:18.803424+00:00', '2026-04-13T07:38:18.803424+00:00', 'password', '3a4e6e6c-49bf-4144-bf55-0910ae83b286'),
('c0a35e86-f7c2-48c0-a8f2-5911f691113f', '2026-04-08T15:36:40.666763+00:00', '2026-04-08T15:36:40.666763+00:00', 'password', '8c29ecb9-d1e3-40b7-8708-4fa7b429b100'),
('da8f2367-02e6-4338-84ea-194eac3aad8a', '2026-05-11T07:37:36.682849+00:00', '2026-05-11T07:37:36.682849+00:00', 'password', '950af7f4-4aa2-496d-b112-3cbd0fd9768a'),
('876591cd-70eb-4e28-a473-8a9e3a6fbf34', '2026-05-11T11:46:53.75816+00:00', '2026-05-11T11:46:53.75816+00:00', 'password', 'c2c4d75b-0411-4c7b-8ca3-5ffda051c179'),
('983aa439-a189-4488-982a-aba9b60d2159', '2026-04-13T14:40:46.970848+00:00', '2026-04-13T14:40:46.970848+00:00', 'password', '0a278d52-39e9-4c83-8109-b770f6964ab3'),
('ec1a36ea-1797-4522-a74d-81d038728907', '2026-04-30T07:41:38.712483+00:00', '2026-04-30T07:41:38.712483+00:00', 'password', 'ecf46d1c-f058-4273-95cd-3f08a452f630'),
('d550b722-4d1b-425e-9538-4e19af56679b', '2026-04-30T07:53:17.81549+00:00', '2026-04-30T07:53:17.81549+00:00', 'password', '23e7f20a-9916-4cbc-bfbb-0856c5de7cdd'),
('4c28f19e-acb7-4160-9ab4-af828b7c5b7e', '2026-04-30T16:06:00.374778+00:00', '2026-04-30T16:06:00.374778+00:00', 'password', 'd62063fb-3057-476a-a501-d98d1477ed20'),
('768d30d7-b92f-4865-ba75-44187007596e', '2026-05-01T06:25:27.970469+00:00', '2026-05-01T06:25:27.970469+00:00', 'password', 'a8196b6c-8864-4e5a-939c-eadb862908e8'),
('90c14c47-dba1-40fe-becb-b05c9e4f6d63', '2026-05-12T18:28:53.389454+00:00', '2026-05-12T18:28:53.389454+00:00', 'password', '947020b8-614e-4a76-b06d-d0b435f1327d'),
('f5b9ceb3-d74c-4bab-91c9-e2d8ed943bc6', '2026-05-01T18:21:41.980961+00:00', '2026-05-01T18:21:41.980961+00:00', 'password', '77627b87-f1f3-4832-8eb8-9f9a84b95f67'),
('132931e8-6e19-49b8-abd6-e2ce10133609', '2026-05-13T08:36:43.136118+00:00', '2026-05-13T08:36:43.136118+00:00', 'password', '0e199b9c-e4e3-4b42-84d9-c14e24d57499'),
('9d81c914-130b-42d1-918f-c380356f99e2', '2026-05-13T10:00:49.009209+00:00', '2026-05-13T10:00:49.009209+00:00', 'password', '3a22b95e-0dbb-44ed-959b-c0a72040b016'),
('911c922d-0c85-4c28-826c-9aad5421487e', '2026-05-06T11:43:54.660036+00:00', '2026-05-06T11:43:54.660036+00:00', 'password', 'c7771bfd-e3a5-4a4f-bc73-8030dcce10ae'),
('36b92457-54b7-4b81-bb02-a7ffe9036bbf', '2026-04-17T09:24:38.848587+00:00', '2026-04-17T09:24:38.848587+00:00', 'password', '915f8061-d0e9-4f13-84bd-a6747f4852cb'),
('1d94491d-7bda-4a0e-a915-25ebde985d20', '2026-04-21T10:40:11.469911+00:00', '2026-04-21T10:40:11.469911+00:00', 'password', '5bd92ac6-db14-4a62-9266-024e2e75e74e'),
('3f6198c8-1333-4829-92c0-c1f589fa62a7', '2026-04-21T21:40:56.646221+00:00', '2026-04-21T21:40:56.646221+00:00', 'password', 'e22c3b88-318c-48d2-83bf-f3a4b1a5239a'),
('45d9622c-4ce8-454e-8066-7327e595920b', '2026-04-23T11:32:57.559935+00:00', '2026-04-23T11:32:57.559935+00:00', 'password', '74ab7d01-44d4-48d7-a466-00c03273acc4'),
('ed7863f4-ea77-4603-a8a6-4c3aa33e5eac', '2026-04-25T21:06:24.781144+00:00', '2026-04-25T21:06:24.781144+00:00', 'password', 'daabeb48-0770-439c-827c-ffb89f253dc7'),
('145d3875-595c-4f91-839c-e13f7848763a', '2026-05-07T14:54:01.658454+00:00', '2026-05-07T14:54:01.658454+00:00', 'password', '41586a4b-0071-484f-b508-3dd5b4817eb9'),
('ddaf20b1-6d35-455e-9c3c-77747e42f2e9', '2026-04-14T15:11:33.81937+00:00', '2026-04-14T15:11:33.81937+00:00', 'password', 'e87e038c-c3a2-4341-95ed-b6a2fe7684fb'),
('f8be5954-c4f7-4a88-b823-d3676c28b587', '2026-04-14T16:15:49.27507+00:00', '2026-04-14T16:15:49.27507+00:00', 'password', '3e0e48ca-e752-403d-b805-f90b1ce0dd74')
ON CONFLICT DO NOTHING;

-- DATA: public.account_transactions (126 rows)
INSERT INTO public."account_transactions" ("id", "created_at", "company_id", "transaction_type", "document_no", "description", "debt", "credit", "balance_after", "due_date", "order_id") VALUES
('3754e0b0-0056-4576-8728-d53ec428aa35', '2026-03-23T17:03:01.561945+00:00', 'e9423a1f-1f3a-4ca1-acba-7d88a2c2a8d2', 'TOPTAN SATIŞ', 'OM02026000000019', 'B2B Kurulmadan Önce olan fatura', 38259.48, 0, -38259.48, NULL, NULL),
('dc328449-5a5a-48df-add1-3fdb33e50820', '2026-03-23T17:04:30.63353+00:00', 'e9423a1f-1f3a-4ca1-acba-7d88a2c2a8d2', 'TOPTAN SATIŞ', 'OM0202600000021', 'B2B KURULMADAN ÖNCE Kİ FATURA', 14663.52, 0, -52923, NULL, NULL),
('c07b1d4a-dfeb-4176-9724-e007fa75582a', '2026-03-23T17:05:12.503957+00:00', 'e9423a1f-1f3a-4ca1-acba-7d88a2c2a8d2', 'TOPTAN SATIŞ', 'OM02026000000022', 'B2B KURULMADAN ÖNCE Kİ FATURA', 45724.39, 0, -98647.39, NULL, NULL),
('db57ce78-7feb-4744-a4e9-24bbd2e80fac', '2026-03-26T11:10:34.908947+00:00', '21d36240-e51f-4504-bc78-e44933cc1691', 'TAHSİLAT (K.KARTI)', 'OMG0000006', 'YapıKredi Link Pos', 0, 5, 5, NULL, NULL),
('e7a99268-f151-4b24-82ca-7dbd7c151879', '2026-03-26T11:10:51.07548+00:00', '21d36240-e51f-4504-bc78-e44933cc1691', 'TOPTAN SATIŞ', 'OMG0000007', 'Sipariş Tutarı', 1.32192, 0, 3.68, NULL, '5498bf4f-425e-43f6-82fa-e268d0a7933a'),
('a0a2c6ca-e92f-483d-a415-fdfb38fb80e3', '2026-03-26T20:46:05.826044+00:00', '21d36240-e51f-4504-bc78-e44933cc1691', 'TAHSİLAT (K.KARTI)', 'OMG0000009', 'YapıKredi Link Pos', 2.32, 0, 0, NULL, NULL),
('199be983-5cac-44f6-a596-93f72cf6fe2d', '2026-03-27T18:37:30.489342+00:00', '21d36240-e51f-4504-bc78-e44933cc1691', 'TOPTAN SATIŞ', 'OMG0000013', 'Sipariş Tutarı', 1.3608000000000002, 0, -6.36, NULL, 'c23b72be-a003-4990-8c4c-3b5927cbf3c3'),
('c061d71f-1a6b-43db-bc7b-7b7cc771f30c', '2026-03-27T23:48:32.236787+00:00', '21d36240-e51f-4504-bc78-e44933cc1691', 'TOPTAN SATIŞ', 'OMG0000014', 'Sipariş Tutarı', 4.0824, 0, -10.44, NULL, 'e0bf9db1-67ef-40a4-9ed9-7999d7a864a2'),
('ead7fef0-036f-4c57-8b81-0dc131661ad4', '2026-03-31T23:38:29.304573+00:00', '21d36240-e51f-4504-bc78-e44933cc1691', 'TAHSİLAT (K.KARTI)', 'OMG0000019', 'YapıKredi Link Pos', 0, 2893.55, -5, NULL, NULL),
('d382e5e8-b39b-48a1-8ad2-ca5e946fc459', '2026-03-21T16:44:39.696098+00:00', '21d36240-e51f-4504-bc78-e44933cc1691', 'TAHSİLAT (NKT/BNK)', 'MAN-479617', 'bayram harçlığı', 0, 100, 100, NULL, NULL),
('22f534bb-41c7-444c-a0f6-bbdac4b4dfe0', '2026-03-22T11:01:56.301782+00:00', '21d36240-e51f-4504-bc78-e44933cc1691', 'İPTAL / İADE', '17386201-a7a5-4e72-a9a7-d05dc1a7bf99', 'Sipariş İptali (İade)', 0, 1.2, 100, NULL, NULL),
('1cd00b7d-4514-47f3-9436-ffb1a162df1e', '2026-03-22T23:53:45.922604+00:00', '21d36240-e51f-4504-bc78-e44933cc1691', 'TOPTAN SATIŞ', 'ESKI-SİP', 'Sipariş Tutarı', 8292.28, 0, -8191.08, NULL, '71af9af4-26ce-435c-a574-05beb2eaf95a'),
('e9f79a15-41ab-4335-8a92-a9dee8e0fa77', '2026-03-23T00:30:09.293652+00:00', '21d36240-e51f-4504-bc78-e44933cc1691', 'TOPTAN SATIŞ', 'ESKI-SİP', 'Sipariş Tutarı', 1.2, 0, -8192.28, NULL, '10cc0317-1344-413c-9bc1-a2101ff0b852'),
('cbc3a2b4-c852-4ff8-817c-2a2e2f3983d5', '2026-03-26T08:59:35.581802+00:00', '21d36240-e51f-4504-bc78-e44933cc1691', 'TOPTAN SATIŞ', 'OMG0000002', 'Platform Siparişi', 1.39104, 0, -5544.57, NULL, '810921e6-d5cb-4668-9086-758782fc92e1'),
('f4ab66ff-ab73-4180-a19f-5ace160caca6', '2026-03-26T09:05:22.327838+00:00', '21d36240-e51f-4504-bc78-e44933cc1691', 'TAHSİLAT (K.KARTI)', 'OMG0000003', 'YapıKredi Link Pos', 0, 5544.57, 0, NULL, NULL),
('f2df7dcc-6b64-462e-8530-e8a897e79c0a', '2026-03-23T17:25:40.038863+00:00', 'e9423a1f-1f3a-4ca1-acba-7d88a2c2a8d2', 'TOPTAN SATIŞ', 'ESKI-SİP', 'Sipariş Tutarı', 15472.85, 0, -114120.24, NULL, 'b1f878b3-ffa3-4f75-9c30-82ff39a7c09e'),
('5b9117cd-5937-4b6d-b8ce-0cf3ed2b6807', '2026-03-26T09:32:29.110981+00:00', '21d36240-e51f-4504-bc78-e44933cc1691', 'TAHSİLAT (K.KARTI)', 'OMG0000005', 'YapıKredi Link Pos', 0, 1.39, 0, NULL, NULL),
('76ff9b47-1dfe-4403-8cc1-bc0e0d216ae4', '2026-04-01T07:17:36.893104+00:00', '475c37dd-713a-4a91-8ad3-eeee2c3b1bc3', 'TOPTAN SATIŞ', 'OMG0000021', 'Sipariş Tutarı', 6808.336395264, 0, -6808.34, NULL, 'fb08c19d-c997-4544-aeef-4c151c5b4b63'),
('9866b8b5-e7ce-4bd4-947a-15bdfbe611ba', '2026-04-01T07:17:54.42358+00:00', '475c37dd-713a-4a91-8ad3-eeee2c3b1bc3', 'İPTAL / İADE', 'OMG0000022', 'Sipariş İptali (İade)', 0, 6808.336395264, 0, NULL, NULL),
('aa302c15-66f7-4a41-8d7b-d896daba21fd', '2026-04-01T08:31:15.681094+00:00', '475c37dd-713a-4a91-8ad3-eeee2c3b1bc3', 'TOPTAN SATIŞ', 'OMG0000023', 'Sipariş Tutarı', 14017.163166719998, 0, -14017.16, NULL, '52219ba0-0cba-4290-b057-87dba21812cb'),
('81c6b756-bf6c-4d7b-82ac-d40ec1696d5a', '2026-03-31T20:03:33.570686+00:00', '21d36240-e51f-4504-bc78-e44933cc1691', 'TOPTAN SATIŞ', 'OMG0000018', 'Sipariş Tutarı', 1.33056, 0, -2898.55, NULL, 'f96a6f29-a04a-4dae-94e3-59f472c2b150'),
('1765eef3-cfcc-49a6-ae01-bcb80cbdbce8', '2026-03-21T16:29:19.169734+00:00', '21d36240-e51f-4504-bc78-e44933cc1691', 'TAHSİLAT (K.KARTI)', 'B2B_d3cb4f037a59', 'Tosla Online Ödeme', 0, 1.2, 1.2, NULL, NULL),
('dfdd4aa1-a2d8-418d-bb1a-cc379310b7e1', '2026-03-21T16:29:39.892415+00:00', '21d36240-e51f-4504-bc78-e44933cc1691', 'TOPTAN SATIŞ', 'ESKI-SİP', 'Sipariş Tutarı', 1.2, 0, 0, NULL, '17386201-a7a5-4e72-a9a7-d05dc1a7bf99'),
('39f5d723-bacc-42df-8129-e517135e85cf', '2026-03-21T16:23:46.51819+00:00', '21d36240-e51f-4504-bc78-e44933cc1691', 'TAHSİLAT (K.KARTI)', 'B2B_43d1d138416e', 'Tosla Online Ödeme', 0, 0, 0, NULL, NULL),
('f0cd6284-ebdf-4e59-8e2c-c7a23b8d8c00', '2026-03-21T17:30:31.858332+00:00', '21d36240-e51f-4504-bc78-e44933cc1691', 'TOPTAN SATIŞ', 'ESKI-SİP', 'Sipariş Tutarı', 1.2, 0, 98.8, NULL, '0505736c-da79-460c-b56c-a98c60405166'),
('39a9b19b-1204-4b12-b64e-8b6f6d80e0e9', '2026-03-21T20:26:21.343626+00:00', '21d36240-e51f-4504-bc78-e44933cc1691', 'TOPTAN SATIŞ', 'ESKI-SİP', 'Sipariş Tutarı', 1.2, 0, 97.6, NULL, '92681ee7-b7fa-4bba-8a69-09a5fb318e58'),
('595bb236-840b-4df0-989a-f165d8b253c3', '2026-03-22T09:16:10.259046+00:00', '21d36240-e51f-4504-bc78-e44933cc1691', 'İPTAL / İADE', '8d805ba5-5781-4403-8773-d7f632ced676', 'Sipariş İptali (İade)', 0, 1.1999999999999997, 98.8, NULL, NULL),
('09965cac-8948-46a4-b9ea-f16e89be2ff1', '2026-03-22T12:56:10.485917+00:00', '21d36240-e51f-4504-bc78-e44933cc1691', 'İPTAL / İADE', '0505736c-da79-460c-b56c-a98c60405166', 'Sipariş İptali (İade)', 0, 1.2, 101.2, NULL, NULL),
('fb064066-d7b8-4030-9a73-6bdfe5a38f4f', '2026-03-23T08:39:51.07068+00:00', '21d36240-e51f-4504-bc78-e44933cc1691', 'İPTAL / İADE', '71af9af4-26ce-435c-a574-05beb2eaf95a', 'Sipariş İptali (İade)', 0, 8292.28, 100, NULL, NULL),
('40572ea7-8dff-4b5e-868d-e2053493eb3a', '2026-03-23T22:21:29.686003+00:00', '21d36240-e51f-4504-bc78-e44933cc1691', 'TOPTAN SATIŞ', 'ESKI-SİP', 'Platform Siparişi', 1.1999999999999997, 0, 98.8, NULL, '03f7b7ad-3239-4830-893a-7a9d84170fdc'),
('6f018749-8254-4f94-8f98-fc7eb380675d', '2026-03-24T11:48:26.702476+00:00', '21d36240-e51f-4504-bc78-e44933cc1691', 'TOPTAN SATIŞ', 'OMG0000001', 'Platform Siparişi', 5641.9757107199985, 0, -5543.18, NULL, 'd7b3465e-bb4d-4765-a711-307152f520d7'),
('4985801d-ce79-4d56-9f71-2154e17ef850', '2026-03-26T09:11:16.414883+00:00', '21d36240-e51f-4504-bc78-e44933cc1691', 'TOPTAN SATIŞ', 'OMG0000004', 'Sipariş Tutarı', 1.39104, 0, -1.39, NULL, 'dac200c4-b62d-4838-8287-366a59835645'),
('ea8e9b5f-355c-456f-af1c-e34518c8b729', '2026-03-26T11:11:03.560382+00:00', '21d36240-e51f-4504-bc78-e44933cc1691', 'TOPTAN SATIŞ', 'OMG0000008', 'Sipariş Tutarı', 1.3608000000000002, 0, 2.32, NULL, 'df461307-26f3-4e0c-9a18-5142eca57581'),
('c9c02492-8fbf-448c-8e60-e102b139305c', '2026-03-26T20:57:39.291417+00:00', '21d36240-e51f-4504-bc78-e44933cc1691', 'TAHSİLAT (K.KARTI)', 'OMG0000010', 'YapıKredi Link Pos', 55, 0, -55, NULL, NULL),
('6f529080-1707-43d1-9c0e-ce98ce0b043b', '2026-03-26T21:11:35+00:00', '21d36240-e51f-4504-bc78-e44933cc1691', 'TAHSİLAT (K.KARTI)', 'OMG0000011', 'YapıKredi Link Pos', 0, 50, -5, NULL, NULL),
('1a868b29-4ce2-448d-893d-efdec6aeba8a', '2026-03-27T23:50:50.568918+00:00', '21d36240-e51f-4504-bc78-e44933cc1691', 'TOPTAN SATIŞ', 'OMG0000015', 'Sipariş Tutarı', 2885.4498456, 0, -2895.89, NULL, '711d05a6-dbb5-47be-85df-2bdcc0f80253'),
('b78de6ab-c684-4420-93c7-84e11d507b56', '2026-03-31T12:19:45.440717+00:00', '21d36240-e51f-4504-bc78-e44933cc1691', 'TOPTAN SATIŞ', 'OMG0000017', 'Sipariş Tutarı', 1.33056, 0, -2897.22, NULL, 'd4446e4f-2539-436b-a391-e2e5ff1738fd'),
('646a922e-6a17-4d49-9051-7b2036963124', '2026-03-31T23:44:15.842381+00:00', '21d36240-e51f-4504-bc78-e44933cc1691', 'TOPTAN SATIŞ', 'OMG0000020', 'Sipariş Tutarı', 1.2925440000000001, 0, -6.29, NULL, '68b6db90-8251-414c-8bf5-6366e47ce8a9'),
('1f4ceba6-db73-4e15-89f9-2eaf54c3d00f', '2026-04-02T09:08:10.777144+00:00', 'c0fc11cf-808c-4b2e-87fb-b9cf6d5f05ea', 'TOPTAN SATIŞ', 'OMG0000029', 'Sipariş Tutarı', 6595.509194132879, 0, 6903.49, NULL, '4773cc98-ca4e-40e1-8164-6524645d672e'),
('724082b8-15ad-4194-8869-0843b8c24768', '2026-03-20T20:56:55.162135+00:00', '21d36240-e51f-4504-bc78-e44933cc1691', 'KREDİ KARTI', 'B2B_a25e450df6ae', 'Tosla Online Ödeme', 0, 0, 0, NULL, NULL),
('8c27f9a0-27a8-4e04-930e-fc065d1a98f5', '2026-03-21T09:39:13.415917+00:00', '21d36240-e51f-4504-bc78-e44933cc1691', 'TOPTAN SATIŞ', 'ESKI-SİP', 'Sipariş Tutarı', 1.1999999999999997, 0, -1.2, NULL, '8d805ba5-5781-4403-8773-d7f632ced676'),
('73ebea87-7034-418b-8858-7e58922d4570', '2026-03-21T09:40:28.218997+00:00', '21d36240-e51f-4504-bc78-e44933cc1691', 'İPTAL / İADE', '8d805ba5-5781-4403-8773-d7f632ced676', 'Sipariş İptali (İade)', 0, 1.1999999999999997, 0, NULL, NULL),
('c4d98478-e05f-4aae-8c03-3e77760cbc70', '2026-03-30T17:41:30.644605+00:00', 'c0fc11cf-808c-4b2e-87fb-b9cf6d5f05ea', 'TAHSİLAT (NKT/BNK)', 'OMG0000016', 'B2B SİSTEMİNE GEÇİŞ YAPILDIĞI İÇİN BUNDAN ÖNCE Kİ BORÇLARI ŞUAN BURADA GÖZÜKMEMEKTEDİR. TOPLAM ÖDEME 34.800', 0, 13499, 13499, NULL, NULL),
('08f05a75-5748-49ec-9f26-4dab4d5ad904', '2026-04-02T09:16:35.984827+00:00', '1e7932bc-60a3-4fb7-966a-ccab096425a3', 'TOPTAN SATIŞ', 'OMG0000030', 'Sipariş Tutarı', 13999.99781425392, 0, -14000, NULL, 'e036cd9d-7489-40cc-b08c-bc66b6d0e32b'),
('d007482c-267c-4e2b-b84e-b19356ff57af', '2026-04-02T11:35:35.025421+00:00', '4684a203-e68d-4094-8480-1253e5999e1e', 'TOPTAN SATIŞ', 'OMG0000033', 'Sipariş Tutarı', 5871.2780447999985, 0, -5871.28, NULL, 'b1b334e2-bdbf-4fdb-ac9b-dbac72a8f8dd'),
('f913a62f-ba17-4db9-adca-f5cb4251e22d', '2026-04-02T12:54:49.456624+00:00', '21d36240-e51f-4504-bc78-e44933cc1691', 'TOPTAN SATIŞ', 'OMG0000034', 'Sipariş Tutarı', 1.2247200000000003, 0, -7.51, NULL, 'afbbaab6-ea5d-4990-b75d-42317a84a8af'),
('fe02f439-efa8-4475-81dd-9894476961e4', '2026-04-02T15:16:24.88623+00:00', '4684a203-e68d-4094-8480-1253e5999e1e', 'TAHSİLAT (K.KARTI)', 'OMG0000035', 'Tosla Online Ödeme', 0, 58.712799999999994, -5812.565244799998, NULL, NULL),
('7a19d92b-d81f-4bbd-86e0-74a4d370aa68', '2026-04-02T20:29:20.472936+00:00', '4684a203-e68d-4094-8480-1253e5999e1e', 'TAHSİLAT (NKT/BNK)', 'OMG0000036', 'Yönetici işlemi', 0, 5812.57, 0.004755200001454796, NULL, NULL),
('33a4644d-3748-4eb2-873a-5242a4da6b40', '2026-04-03T09:44:47.20689+00:00', 'e9423a1f-1f3a-4ca1-acba-7d88a2c2a8d2', 'TAHSİLAT (NKT/BNK)', 'OMG0000037', 'YapıKredi IBAN', 0, 7500, -106620.24, NULL, NULL),
('26a8c442-767d-4ba1-a6e5-37cedee109a2', '2026-04-03T09:58:44.991413+00:00', '1a05fe7d-fcb2-44c0-8d2d-bfc41f522a70', 'TAHSİLAT (K.KARTI)', 'OMG0000038', 'Tosla Online Ödeme', 0, 6750, 6750, NULL, NULL),
('bc018830-0275-4655-aa40-c5ca9afaa11d', '2026-04-15T08:40:57.469983+00:00', '3b51acf0-9ae2-4d73-8800-b49bb6d8a789', 'TOPTAN SATIŞ', 'OMG0000075', 'Sipariş Tutarı', 3760.325856, 0, -3760.33, NULL, '39c0b5ee-beb3-43e0-8802-840098b41faa'),
('7eaa879b-460b-4b17-980c-bcd80dd24a24', '2026-04-15T11:33:53.519331+00:00', '1e7932bc-60a3-4fb7-966a-ccab096425a3', 'TOPTAN SATIŞ', 'OMG0000078', 'Sipariş Tutarı', 6656.41926684, 0, -6656.42, NULL, '4bd84971-e9f0-43b2-a2f0-f3f7c123ae76'),
('6dcc7c71-d1b5-4850-a106-e065d6c74130', '2026-04-03T11:38:11.522304+00:00', '1a05fe7d-fcb2-44c0-8d2d-bfc41f522a70', 'TOPTAN SATIŞ', 'OMG0000040', 'Sipariş Tutarı', 6750.6339978, 0, -0.63, NULL, 'fc102726-ddf7-47bc-abe0-0313d4469a6e'),
('209befe8-ec7e-4064-9824-fa2c8fc5bd2d', '2026-04-04T21:41:30.223149+00:00', '21d36240-e51f-4504-bc78-e44933cc1691', 'TOPTAN SATIŞ', 'OMG0000041', 'Sipariş Tutarı', 7013.30859432, 0, -7020.82, NULL, '96578d68-e4ad-4d0e-bd00-9eb3fed3bc5c'),
('b47101a5-e723-479c-ab57-be910bc279fe', '2026-04-04T21:44:20.962641+00:00', '21d36240-e51f-4504-bc78-e44933cc1691', 'İPTAL / İADE', 'OMG0000042', 'Sipariş İptali (İade)', 0, 7013.30859432, -7.514719999999215, NULL, NULL),
('d0db6bd3-4a13-407b-b3c4-68eb1a91b85a', '2026-04-05T18:47:07.127201+00:00', '21d36240-e51f-4504-bc78-e44933cc1691', 'TOPTAN SATIŞ', 'OMG0000043', 'Sipariş Tutarı', 1.2247200000000003, 0, -8.74, NULL, '2fad05ce-3442-4191-b8b7-6ab9ebc09198'),
('707e5570-da16-4347-addf-f282fa4d5213', '2026-04-05T19:10:07.411306+00:00', '21d36240-e51f-4504-bc78-e44933cc1691', 'TOPTAN SATIŞ', 'OMG0000044', 'Sipariş Tutarı', 1.3608000000000002, 0, -10.1, NULL, '1b0cd4f3-6d0b-4181-a7cc-7d73ceb18312'),
('0e1e3052-736c-4f23-a337-fec8b2604573', '2026-04-05T19:22:39.729644+00:00', '21d36240-e51f-4504-bc78-e44933cc1691', 'TOPTAN SATIŞ', 'OMG0000045', 'Sipariş Tutarı', 1.3608000000000002, 0, -11.46, NULL, 'b20d1441-fd49-4d9f-ae22-c35729322f21'),
('819f4dfc-af8f-4cc7-8653-ae149751ffbd', '2026-04-05T20:20:52.769993+00:00', '21d36240-e51f-4504-bc78-e44933cc1691', 'TOPTAN SATIŞ', 'OMG0000046', 'Sipariş Tutarı', 8.1648, 0, -19.63, NULL, '95412284-1334-4b26-9043-4f66a3d78d39'),
('fa163c56-438d-4776-b75b-750e5e15dc35', '2026-04-06T07:58:42.568805+00:00', 'aeab2850-86c5-41ef-9c56-d0509ec4686b', 'TOPTAN SATIŞ', 'OMG0000047', 'Sipariş Tutarı', 10918.788693119997, 0, -10918.79, NULL, '55600a62-a837-4ff9-bcaa-c76d5741005f'),
('9dd71bc6-a40d-451a-96c8-4dbf171a2805', '2026-04-06T11:38:22.80949+00:00', 'e9423a1f-1f3a-4ca1-acba-7d88a2c2a8d2', 'TAHSİLAT (K.KARTI)', 'OMG0000048', 'Tosla Link Pos', 0, 29000, -77620.24, NULL, NULL),
('760b3111-00ec-47b6-9650-ffffa6b9cac5', '2026-04-06T12:28:07.3565+00:00', 'e9423a1f-1f3a-4ca1-acba-7d88a2c2a8d2', 'TOPTAN SATIŞ', 'OMG0000049', 'Sipariş Tutarı', 21174.471679199996, 0, -98794.71, NULL, '725dcdb9-602e-45e3-83a2-3c6a1f162e5b'),
('1600a1c2-cb62-4564-9066-70e6ffaaf03c', '2026-04-06T21:46:00.498251+00:00', '21d36240-e51f-4504-bc78-e44933cc1691', 'TAHSİLAT (K.KARTI)', 'OMG0000050', 'Tosla Online Ödeme', 0, 1, -18.625839999999215, NULL, NULL),
('f20bd63b-5480-4a8a-8e74-a7184d59baec', '2026-04-07T08:27:12.520296+00:00', '21d36240-e51f-4504-bc78-e44933cc1691', 'TAHSİLAT (K.KARTI)', 'OMG0000051', 'Tosla Online Ödeme', 0, 1, -17.625839999999215, NULL, NULL),
('6fb04394-c755-47b6-a875-20127cc22a28', '2026-04-07T09:30:42.400927+00:00', '21d36240-e51f-4504-bc78-e44933cc1691', 'TOPTAN SATIŞ', 'OMG0000052', 'Sipariş Tutarı', 1.512, 0, -19.14, NULL, 'b381a4c1-f937-47cf-9390-50aba7af5f95'),
('8c5ca3c8-1f4b-4870-9a18-5766904206bb', '2026-04-07T09:30:52.427994+00:00', 'fed03adb-2014-4d3c-8db6-7f9c47f1b783', 'TOPTAN SATIŞ', 'OMG0000053', 'Sipariş Tutarı', 1.68, 0, -1.68, NULL, '5de0d7ed-34bc-4af2-a8bd-d4f4810649bf'),
('2edd6436-b5a0-47a3-acd5-a5bd9fd68bdf', '2026-04-07T10:22:31.097743+00:00', 'c0fc11cf-808c-4b2e-87fb-b9cf6d5f05ea', 'TAHSİLAT (K.KARTI)', 'OMG0000054', 'Tosla Online Ödeme', 0, 6595, 13498.49, NULL, NULL),
('76842c06-5e56-4ea7-b625-d0fe5c77210d', '2026-04-07T10:26:58.988989+00:00', 'c0fc11cf-808c-4b2e-87fb-b9cf6d5f05ea', 'KREDİLİ İŞLEM (BORÇ)', 'OMG0000056', 'B2B SİSTEMİNE GEÇİLDİĞİ İÇİN HESAP DÜZELTMESİ BAKİYE SIFIR OLMALI', 13498.491, 0, -0.0010000000002037268, NULL, NULL),
('0ae9b6d1-ac42-48df-8c5d-46944acbf6a4', '2026-04-07T10:57:40.278598+00:00', 'fed03adb-2014-4d3c-8db6-7f9c47f1b783', 'İPTAL / İADE', 'OMG0000057', 'Sipariş İptali (İade)', 0, 1.68, 0, NULL, NULL),
('6d2ba409-a070-4a9d-93b5-5b029bfc0399', '2026-04-07T10:57:40.983106+00:00', 'fed03adb-2014-4d3c-8db6-7f9c47f1b783', 'İPTAL / İADE', 'OMG0000058', 'Sipariş İptali (İade)', 0, 1.68, 1.68, NULL, NULL),
('4c9c75e4-dd72-47a4-9c7c-e70d5f65e5f5', '2026-04-07T11:08:58.476199+00:00', 'fed03adb-2014-4d3c-8db6-7f9c47f1b783', 'TOPTAN SATIŞ', 'OMG0000059', 'Sipariş Tutarı', 1.68, 0, 0, NULL, '1d44af1f-8518-4cb1-a8ac-9e7d14ab29c5'),
('7b54c417-5a23-42ed-885d-c2082636c55e', '2026-04-07T12:23:11.193656+00:00', '21d36240-e51f-4504-bc78-e44933cc1691', 'TOPTAN SATIŞ', 'OMG0000060', 'Sipariş Tutarı', 1.512, 0, -20.65, NULL, 'ce59525d-73d0-4c9e-aa47-d03d18cc018c'),
('dcbb1bc2-c9e4-4bf8-ab72-597e0012d6d0', '2026-04-07T12:23:36.008417+00:00', 'fed03adb-2014-4d3c-8db6-7f9c47f1b783', 'TOPTAN SATIŞ', 'OMG0000061', 'Sipariş Tutarı', 1.68, 0, -1.68, NULL, '08120a11-1b31-4275-b01b-28da2f827ee4'),
('37c894d1-0bbe-414e-9419-f30d84a1ef88', '2026-04-07T12:24:44.956015+00:00', 'fed03adb-2014-4d3c-8db6-7f9c47f1b783', 'TOPTAN SATIŞ', 'OMG0000062', 'Sipariş Tutarı', 1.68, 0, -3.36, NULL, '2cb18cdc-3f1e-4ffa-807f-f2d233d29c6c'),
('56e4b78d-eff4-4c0b-b2a0-8c72c2f208dc', '2026-04-07T12:30:54.890928+00:00', 'fed03adb-2014-4d3c-8db6-7f9c47f1b783', 'TOPTAN SATIŞ', 'OMG0000063', 'Sipariş Tutarı', 1.68, 0, -5.04, NULL, '7ced1f7f-9994-4d42-bcf6-fb4fc31d1e44'),
('ce9ed292-e574-4a72-85b0-af4a48bd49f1', '2026-04-07T12:32:15.118436+00:00', '21d36240-e51f-4504-bc78-e44933cc1691', 'TOPTAN SATIŞ', 'OMG0000064', 'Sipariş Tutarı', 1.512, 0, -22.16, NULL, '5b73700a-9a0c-4942-a990-aba0ff8ffcf4'),
('efef4eff-35df-4065-b6e1-f5b0028bc826', '2026-04-07T12:36:22.969605+00:00', 'fed03adb-2014-4d3c-8db6-7f9c47f1b783', 'TOPTAN SATIŞ', 'OMG0000065', 'Sipariş Tutarı', 1.68, 0, -6.72, NULL, 'cde260b9-00b2-41c3-a239-71268f9be042'),
('b566fb43-e3e2-4a5b-9054-63838584646d', '2026-04-07T14:35:45.853277+00:00', 'bfcdaa09-4a36-48ba-9330-8c49cc1c1ef7', 'TOPTAN SATIŞ', 'OMG0000066', 'Sipariş Tutarı', 6250.031170198198, 0, -6250.03, NULL, '4f3f7cb9-8a7b-4f9b-b742-331fce9a3d05'),
('cefff111-c315-4d86-8c7a-2a347ae4df6d', '2026-04-07T18:47:11.117732+00:00', '21d36240-e51f-4504-bc78-e44933cc1691', 'TAHSİLAT (K.KARTI)', 'OMG0000067', 'Tosla Online Ödeme', 0, 1, -21.161839999999216, NULL, NULL),
('9e6db7e7-6fd4-4e1d-89a5-482015989aad', '2026-04-13T07:16:22.86627+00:00', 'c0fc11cf-808c-4b2e-87fb-b9cf6d5f05ea', 'TOPTAN SATIŞ', 'OMG0000068', 'Sipariş Tutarı', 13274.1470736, 0, -13274.15, NULL, '5f14bdc8-a16a-4312-a005-30e5a2514a7a'),
('51082c65-bd29-4c16-9e05-60ace9f981fc', '2026-04-13T20:52:40.366291+00:00', '21d36240-e51f-4504-bc78-e44933cc1691', 'TAHSİLAT (K.KARTI)', 'OMG0000069', 'Tosla Online Ödeme', 0, 1, -20.161839999999216, NULL, NULL),
('77bb7c16-07a7-4507-bed6-66df959e205f', '2026-04-13T21:01:18.449537+00:00', '21d36240-e51f-4504-bc78-e44933cc1691', 'TAHSİLAT (K.KARTI)', 'OMG0000070', 'Tosla Online Ödeme', 0, 1, -19.161839999999216, NULL, NULL),
('4221eef4-e8a5-499e-8f31-2cb6792b8601', '2026-04-13T23:05:02.179111+00:00', '21d36240-e51f-4504-bc78-e44933cc1691', 'TAHSİLAT (K.KARTI)', 'OMG0000071', 'Tosla Online Ödeme', 0, 1, -18.161839999999216, NULL, NULL),
('b14cface-fe4c-4c86-ab27-745bf5930459', '2026-04-13T23:08:25.68142+00:00', '21d36240-e51f-4504-bc78-e44933cc1691', 'TAHSİLAT (K.KARTI)', 'OMG0000072', 'Tosla Online Ödeme', 0, 1, -17.161839999999216, NULL, NULL),
('575d0d35-bf48-4ab6-90a1-d6567f1f6632', '2026-04-13T23:12:36.041547+00:00', '21d36240-e51f-4504-bc78-e44933cc1691', 'TAHSİLAT (K.KARTI)', 'OMG0000073', 'Tosla Online Ödeme', 0, 1, -16.161839999999216, NULL, NULL),
('01b3c437-f816-4353-83d5-ecd7d116d7a4', '2026-04-14T09:17:34.713935+00:00', '8297e8fd-a34e-437d-be8c-65228a4a2f5b', 'TOPTAN SATIŞ', 'OMG0000074', 'Sipariş Tutarı', 6499.97257728, 0, -6499.97, NULL, '18f112df-7e68-48e2-b505-dc9bbeb17429'),
('993394de-66d5-45c6-8755-8b4ee27e0cfb', '2026-04-15T11:28:49.0741+00:00', '3b51acf0-9ae2-4d73-8800-b49bb6d8a789', 'TAHSİLAT (NKT/BNK)', 'OMG0000077', 'YapıKredi IBAN', 0, 3760.326, -0.0039999999999054126, NULL, NULL),
('e449ecc2-0bde-48f9-8a44-00826fdd1816', '2026-04-16T12:51:51.697453+00:00', '8297e8fd-a34e-437d-be8c-65228a4a2f5b', 'TAHSİLAT (NKT/BNK)', 'OMG0000080', 'YapıKredi IBAN', 0, 6500, 0.027422719999776746, NULL, NULL),
('3764864d-61c6-4ee7-a293-e4909424dfcc', '2026-04-16T19:42:58.611502+00:00', '21d36240-e51f-4504-bc78-e44933cc1691', 'TOPTAN SATIŞ', 'OMG0000081', 'Sipariş Tutarı', 1.3608000000000002, 0, -17.52, NULL, '50a74a72-ac07-4265-8e2a-7485752a87b7'),
('fe38730c-3ed0-4142-bc84-ca94c902e057', '2026-04-16T19:50:35.55083+00:00', '21d36240-e51f-4504-bc78-e44933cc1691', 'TOPTAN SATIŞ', 'OMG0000082', 'Sipariş Tutarı', 1.3608000000000002, 0, -18.88, NULL, '90d89c8c-9f19-48fc-992a-6a86bdb25e84'),
('18142ca5-60c5-4910-b9e9-32e3324decd9', '2026-04-18T10:55:18.084859+00:00', 'e9423a1f-1f3a-4ca1-acba-7d88a2c2a8d2', 'TAHSİLAT (K.KARTI)', 'OMG0000084', 'Tosla Online Ödeme', 0, 8000, -90794.7116792, NULL, NULL),
('8ffba535-9535-4a55-9ca9-a80ef774ac5a', '2026-04-18T10:55:20.353365+00:00', 'e9423a1f-1f3a-4ca1-acba-7d88a2c2a8d2', 'TAHSİLAT (K.KARTI)', 'OMG0000085', 'Tosla Online Ödeme', 0, 0, -90794.7116792, NULL, NULL),
('467b628d-f666-4cee-bb75-e3b9843e727c', '2026-04-18T10:55:21.335114+00:00', 'e9423a1f-1f3a-4ca1-acba-7d88a2c2a8d2', 'TAHSİLAT (K.KARTI)', 'OMG0000086', 'Tosla Online Ödeme', 0, 0, -90794.7116792, NULL, NULL),
('9578353e-81e0-4902-b926-c5674cd941d3', '2026-04-15T13:14:24.424988+00:00', '1e7932bc-60a3-4fb7-966a-ccab096425a3', 'KREDİLİ İŞLEM (BORÇ)', 'OMG0000079', 'kargo', 435, 0, -7091.42, NULL, NULL),
('15326c6f-6794-4ac5-a535-cfa6d7530a9c', '2026-04-16T20:25:45.642552+00:00', '1e7932bc-60a3-4fb7-966a-ccab096425a3', 'TOPTAN SATIŞ', 'OMG0000083', 'Sipariş Tutarı', 13321.767332159998, 0, -20413.19, NULL, '0f5cefec-957f-4fed-b427-78261fb9b44f'),
('672dbbf7-2a04-4d16-b4cf-c95e71d94fc0', '2026-04-18T10:55:21.344851+00:00', 'e9423a1f-1f3a-4ca1-acba-7d88a2c2a8d2', 'TAHSİLAT (K.KARTI)', 'OMG0000087', 'Tosla Online Ödeme', 0, 0, -90794.7116792, NULL, NULL),
('3b0a4fdc-c36e-4051-8d07-64317fd071f3', '2026-04-18T21:55:40.432319+00:00', '21d36240-e51f-4504-bc78-e44933cc1691', 'TAHSİLAT (K.KARTI)', 'OMG0000088', 'Tosla Online Ödeme', 0, 1, -17.883439999999215, NULL, NULL),
('996ccd2c-e424-404e-a607-facf502f7531', '2026-04-26T17:51:43.748587+00:00', 'a9be0dc6-62e0-416a-8c43-30d2213ba023', 'TAHSİLAT (NKT/BNK)', 'OMG0000089', 'YapıKredi IBAN', 0, 1184, 1184, NULL, NULL),
('0d0fde99-5822-46c8-88e4-e1bfb053ccb5', '2026-04-26T17:52:50.445011+00:00', 'a9be0dc6-62e0-416a-8c43-30d2213ba023', 'TOPTAN SATIŞ', 'OMG0000090', 'Sipariş Tutarı', 1183.4130672000001, 0, 0.59, NULL, '04e51e1a-94af-46ba-a496-819bbadf475c'),
('b31d6741-a891-47a3-9e4c-d549be247d22', '2026-04-27T07:33:54.911519+00:00', '91da6ed0-f0f5-492f-a5aa-8c045f7df2f5', 'TOPTAN SATIŞ', 'OMG0000091', 'Sipariş Tutarı', 11042.678472669044, 0, -11042.68, NULL, 'a9976e70-19ce-4d26-82a9-fd8aa3939ef6')
ON CONFLICT DO NOTHING;

INSERT INTO public."account_transactions" ("id", "created_at", "company_id", "transaction_type", "document_no", "description", "debt", "credit", "balance_after", "due_date", "order_id") VALUES
('40e410bf-8b4c-46be-a922-ee0917242eab', '2026-04-03T10:46:08.155669+00:00', '1e7932bc-60a3-4fb7-966a-ccab096425a3', 'TAHSİLAT (NKT/BNK)', 'OMG0000039', 'YapıKredi IBAN', 0, 14000, 0, NULL, NULL),
('ce5fa51b-9b61-4236-ad1d-bf9e5fec1295', '2026-04-27T20:28:04.971107+00:00', '1e7932bc-60a3-4fb7-966a-ccab096425a3', 'TAHSİLAT (NKT/BNK)', 'OMG0000094', 'YapıKredi IBAN', 0, 19978, -435.1899999999987, NULL, NULL),
('dea49253-058d-42ee-8fa9-daa826f1bfe3', '2026-04-28T17:33:58.216203+00:00', '21d36240-e51f-4504-bc78-e44933cc1691', 'TAHSİLAT (K.KARTI)', 'OMG0000095', 'Tosla Online Ödeme', 0, 1, -16.883439999999215, NULL, NULL),
('a493de8b-9b1e-481b-badb-bcc268b76bfd', '2026-04-28T17:47:15.433873+00:00', '21d36240-e51f-4504-bc78-e44933cc1691', 'TAHSİLAT (K.KARTI)', 'OMG0000096', 'Tosla Online Ödeme', 0, 1, -15.883439999999215, NULL, NULL),
('87e6887e-72d0-4c91-9c6f-95f174780f4c', '2026-04-28T18:37:59.881433+00:00', '21d36240-e51f-4504-bc78-e44933cc1691', 'TAHSİLAT (NKT/BNK)', 'OMG0000097', 'deneme işlemi', 0, 15.89, 0.006560000000785493, NULL, NULL),
('63fc29a2-a14b-4fa9-ade0-c4a2bf7e77bb', '2026-04-28T18:47:48.332001+00:00', '21d36240-e51f-4504-bc78-e44933cc1691', 'TOPTAN SATIŞ', 'OMG0000098', 'Sipariş Tutarı', 1.3608000000000002, 0, -1.35, NULL, '6e19b4b7-6c5b-446d-a2d1-7d1e02fc05aa'),
('82e127bd-84db-4326-b40e-f0fdee6fcf3e', '2026-04-29T13:30:24.805838+00:00', 'c0fc11cf-808c-4b2e-87fb-b9cf6d5f05ea', 'TAHSİLAT (K.KARTI)', 'OMG0000099', 'Tosla Online Ödeme', 0, 13274.14, -0.0080735999999888, NULL, NULL),
('72b5feb9-0452-4517-bb13-8ebe982e9d02', '2026-05-01T08:08:51.953743+00:00', 'aeab2850-86c5-41ef-9c56-d0509ec4686b', 'TAHSİLAT (K.KARTI)', 'OMG0000100', 'Tosla Online Ödeme', 0, 1400, -9518.788693119997, NULL, NULL),
('5e351e22-5077-48fc-9e47-40a165c5d64c', '2026-05-01T10:29:19.595762+00:00', 'aeab2850-86c5-41ef-9c56-d0509ec4686b', 'TAHSİLAT (K.KARTI)', 'OMG0000101', 'Tosla Online Ödeme', 0, 4000, -5518.788693119997, NULL, NULL),
('ca003f89-b07b-4a0a-9422-3c7e8b4a3b9a', '2026-05-01T12:28:39.521257+00:00', 'aeab2850-86c5-41ef-9c56-d0509ec4686b', 'TAHSİLAT (K.KARTI)', 'OMG0000102', 'Tosla Online Ödeme', 0, 2250, -3268.7886931199973, NULL, NULL),
('a36a556f-2d3e-44be-877a-a9a1bca5d0d8', '2026-05-01T14:31:25.521159+00:00', 'aeab2850-86c5-41ef-9c56-d0509ec4686b', 'TAHSİLAT (K.KARTI)', 'OMG0000103', 'Tosla Online Ödeme', 0, 1900, -1368.7886931199973, NULL, NULL),
('eae1971f-2583-4866-b497-914db5d60f11', '2026-04-27T09:24:29.522828+00:00', '1ad3b2f0-81ac-4b47-a38f-16b1fa83b53f', 'TOPTAN SATIŞ', 'OMG0000092', 'Sipariş Tutarı', 10000.357967444543, 0, -10000.36, NULL, '7b5253e4-1144-4b5a-b3ef-4906c21b0de4'),
('df353e48-c0c0-48d1-88f5-f57710634ceb', '2026-05-01T18:19:06.107724+00:00', '1ad3b2f0-81ac-4b47-a38f-16b1fa83b53f', 'KREDİLİ İŞLEM (BORÇ)', 'OMG0000105', 'GEÇMİŞ HESAP BORCU - HESAPLAR KARIŞMAMASI ADINA EKLENMİŞTİR.', 1300, 0, -11300.36, NULL, NULL),
('a7702330-cd8a-4cd4-940b-20d19263a6a4', '2026-05-04T15:30:41.697193+00:00', '21d36240-e51f-4504-bc78-e44933cc1691', 'TAHSİLAT (K.KARTI)', 'OMG0000106', 'Tosla Online Ödeme', 0, 1, -0.35423999999921474, NULL, NULL),
('75ab2b39-67e7-4311-9e6c-3107ffac6677', '2026-05-06T10:24:37.565286+00:00', '1ad3b2f0-81ac-4b47-a38f-16b1fa83b53f', 'TAHSİLAT (K.KARTI)', 'OMG0000107', 'QNB Link Pos', 0, 9500, -1800.3600000000006, NULL, NULL),
('0625d035-530d-4683-bfba-67fbf034ef62', '2026-05-06T10:26:44.626277+00:00', '21d36240-e51f-4504-bc78-e44933cc1691', 'KREDİ KARTI', 'OMG0000108', 'Sanal POS Ödemesi (QNB - undefined)', 0, 1, 0.6457600000007853, NULL, NULL),
('c5e43f19-1e88-4ac1-83e2-3cce69f59059', '2026-05-06T14:38:37.409285+00:00', '1ad3b2f0-81ac-4b47-a38f-16b1fa83b53f', 'KREDİ KARTI', 'OMG0000109', 'Sanal POS Ödemesi (QNB - undefined)', 0, 4000, 2199.6399999999994, NULL, NULL),
('ce86892a-ed3f-44da-b7c6-451c9b39654f', '2026-05-06T14:43:04.11407+00:00', 'aeab2850-86c5-41ef-9c56-d0509ec4686b', 'KREDİ KARTI', 'OMG0000110', 'Sanal POS Ödemesi (QNB - undefined)', 0, 1367, -1.7886931199973333, NULL, NULL),
('c3c001ed-733f-4bfb-b2b6-425d8b4fb470', '2026-05-06T14:44:07.182435+00:00', 'aeab2850-86c5-41ef-9c56-d0509ec4686b', 'KREDİ KARTI', 'OMG0000111', 'Sanal POS Ödemesi (QNB - undefined)', 0, 2, 0.21130688000266673, NULL, NULL),
('5da857e7-7def-42d6-bfe7-c25846cc8e01', '2026-05-06T20:35:27.841739+00:00', '21d36240-e51f-4504-bc78-e44933cc1691', 'KREDİ KARTI', 'OMG0000112', 'Sanal POS Ödemesi (QNB - undefined)', 0, 1, 1.6457600000007853, NULL, NULL),
('791b98f5-c525-45af-9b4a-08455056607f', '2026-05-07T12:29:06.578327+00:00', '1ad3b2f0-81ac-4b47-a38f-16b1fa83b53f', 'TOPTAN SATIŞ', 'OMG0000113', 'Sipariş Tutarı', 3625, 0, -1425.36, NULL, '1f45b6f2-d01a-440b-b38b-0a04e1a1ab77'),
('4af7deaf-d708-4101-8d96-912edc3e1959', '2026-05-08T17:13:55.054669+00:00', '69cffa05-ea62-40bb-ae14-9fefd982fa13', 'TOPTAN SATIŞ', 'OMG0000114', 'Sipariş Tutarı', 40000, 0, -40000, NULL, 'e33c23f2-d854-4af3-b47c-d43163e6e55d'),
('5bc5512e-a1d9-46f5-ac6c-775c0d94bf3e', '2026-05-11T19:36:59.470224+00:00', '1e7932bc-60a3-4fb7-966a-ccab096425a3', 'TOPTAN SATIŞ', 'OMG0000115', 'Sipariş Tutarı', 26947.761448156416, 0, -27382.95, NULL, 'aba4ab71-9451-4921-9819-6d0be71edb9f'),
('cdca3b92-d6ae-42a5-a504-a4bbda76b937', '2026-05-12T14:59:52.760546+00:00', '21d36240-e51f-4504-bc78-e44933cc1691', 'TOPTAN SATIŞ', 'OMG0000116', 'Sipariş Tutarı', 500, 0, -498.35, NULL, '38570d8b-497b-41a9-a411-07b7d741ecbe'),
('dd7bf245-fcb4-4203-91e9-8f52d8ac94eb', '2026-05-12T15:01:03.977618+00:00', '21d36240-e51f-4504-bc78-e44933cc1691', 'TOPTAN SATIŞ', 'OMG0000117', 'Sipariş Tutarı', 7591.8152016, 0, -8090.17, NULL, 'bebcabac-8e92-43e5-b2cc-b2ddadfe49a3'),
('a12fe95d-6295-49c0-9a3d-8a7c0a5fb7b4', '2026-05-12T15:01:24.192759+00:00', '21d36240-e51f-4504-bc78-e44933cc1691', 'İPTAL / İADE', 'OMG0000118', 'Sipariş İptali (İade)', 0, 7591.8152016, -498.35423999999875, NULL, NULL)
ON CONFLICT DO NOTHING;

-- DATA: public.banners (6 rows)
INSERT INTO public."banners" ("id", "image_url", "is_active", "created_at", "display_order") VALUES
('7e7fe697-d505-49f5-bf90-5378197869d2', 'https://cdn.artpar.com/invoices_1774398348398-banner4.png', TRUE, '2026-03-25T00:25:49.065657+00:00', 14),
('36343a56-17fd-4fe1-8250-663d09ca8be3', 'https://cdn.artpar.com/invoices_1774398358050-banner2.jpg', TRUE, '2026-03-25T00:25:59.615238+00:00', 13),
('23208bd4-a481-4152-a578-8002b5a1bb4a', 'https://cdn.artpar.com/invoices_1774398363401-banner1.png', TRUE, '2026-03-25T00:26:04.083735+00:00', 12),
('eb2101e6-2fa5-4741-95b6-ec304ed42e3f', 'https://cdn.artpar.com/invoices_1774709610051-radyat-r-banner.png', TRUE, '2026-03-28T14:53:42.968179+00:00', 11),
('0c3d1bae-f558-4d68-898b-5df357782b19', 'https://cdn.artpar.com/invoices_1775643838473-beyin.jpg', TRUE, '2026-04-08T10:23:59.523425+00:00', 10),
('799dc245-85f2-4a0a-8ec2-df5649d9e4d8', 'https://cdn.artpar.com/invoices_1776109901497-egea-kampanya.jpg', TRUE, '2026-04-13T19:51:42.089185+00:00', 8)
ON CONFLICT DO NOTHING;

-- DATA: public.cart_items (18 rows)
INSERT INTO public."cart_items" ("id", "company_id", "product_id", "quantity", "unselected", "created_at", "updated_at") VALUES
('d0de305a-dd7b-4733-89c3-569b223e2d56', '6797deb1-459c-42dc-b16f-c2ea4938f847', '4d664952-8bf8-4477-bcd2-0f80ff855d5a', 1, FALSE, '2026-03-24T09:37:30.080762+00:00', '2026-03-24T09:37:48.013+00:00'),
('a37b6405-7201-490a-b836-cb7342037cee', '684405cc-0ef3-400d-a02f-8dc2f224c155', 'fbbc6d85-e505-4dee-bf2a-801fab4d34f8', 1, FALSE, '2026-04-10T09:49:42.702029+00:00', '2026-04-10T09:49:42.702029+00:00'),
('c5411aa4-59b3-45f9-a1aa-462492babebe', '6fe90dfa-91b2-4e35-82df-0292cdaac4a3', '011b3969-2f75-44b2-bef9-5aead919682f', 1, FALSE, '2026-03-31T06:05:09.293795+00:00', '2026-03-31T06:05:09.293795+00:00'),
('560cc030-8d92-47c6-afc0-80d273d2a519', '684405cc-0ef3-400d-a02f-8dc2f224c155', '989540b8-e2b1-4048-9539-93cf369ccc23', 1, FALSE, '2026-04-10T09:49:43.920171+00:00', '2026-04-10T09:49:43.920171+00:00'),
('d8f6a09b-9e4b-4a17-b999-a9b1e9635a0d', '6fe90dfa-91b2-4e35-82df-0292cdaac4a3', '0f50040a-1a18-428e-9feb-31bd1b928df6', 1, FALSE, '2026-04-14T13:52:08.631698+00:00', '2026-04-14T13:52:08.631698+00:00'),
('c5cba52d-50b0-4652-b793-e6b9823f7105', '6fe90dfa-91b2-4e35-82df-0292cdaac4a3', '89b8284d-69c8-4818-8c70-865f659c606f', 1, FALSE, '2026-04-14T13:52:21.611813+00:00', '2026-04-14T13:52:21.611813+00:00'),
('53d86c78-3b54-4b0e-9414-f6c39ec54069', '6fe90dfa-91b2-4e35-82df-0292cdaac4a3', 'f6037302-e87f-4d4f-824c-26099172da1f', 1, FALSE, '2026-04-14T13:52:24.623901+00:00', '2026-04-14T13:52:24.623901+00:00'),
('753b3c30-9897-4c4a-b699-a377810e9c43', '6fe90dfa-91b2-4e35-82df-0292cdaac4a3', '447047d0-6c21-409c-a7cc-86b92e28281d', 1, FALSE, '2026-04-14T13:52:25.125379+00:00', '2026-04-14T13:52:25.125379+00:00'),
('02889526-f5c3-4fa7-8494-c315db20d32b', '6fe90dfa-91b2-4e35-82df-0292cdaac4a3', 'ea31bd97-0c31-45e2-b624-28507fa9987d', 1, FALSE, '2026-04-14T13:53:41.759277+00:00', '2026-04-14T13:53:41.759277+00:00'),
('8f9059d7-4eef-4948-8b00-f631fd62c6c6', '475c37dd-713a-4a91-8ad3-eeee2c3b1bc3', '1459b6e8-fb8d-4331-8e2f-1d6cddb93100', 1, FALSE, '2026-04-01T16:44:35.577664+00:00', '2026-04-01T16:44:35.577664+00:00'),
('60ba9946-b40a-426d-bff1-c2dc111dfa66', '21d36240-e51f-4504-bc78-e44933cc1691', '3f42ceb6-db73-4512-af84-5bd4ee257cd8', 1, FALSE, '2026-05-12T15:56:01.718836+00:00', '2026-05-12T15:56:01.718836+00:00'),
('4f703cda-6c62-46ea-a61a-e47f2fb0cd20', '69cffa05-ea62-40bb-ae14-9fefd982fa13', '3f42ceb6-db73-4512-af84-5bd4ee257cd8', 1, FALSE, '2026-05-12T16:08:01.184829+00:00', '2026-05-12T16:08:01.184829+00:00'),
('c3983e13-e6f9-4058-b1d9-3837ead32b20', 'fed03adb-2014-4d3c-8db6-7f9c47f1b783', '4e3dcce6-ca2d-4de6-9a1e-6674890eb1ed', 1, FALSE, '2026-05-12T16:42:03.682953+00:00', '2026-05-12T16:42:03.682953+00:00'),
('9ee43977-002e-43f4-975d-47d57183f1fe', '6fe90dfa-91b2-4e35-82df-0292cdaac4a3', '27e4f04f-afe6-457e-8a02-ea31c83e9f5e', 1, FALSE, '2026-04-07T08:16:20.698211+00:00', '2026-04-07T08:16:20.698211+00:00'),
('33f2fe22-83e3-4789-a293-5e97619431ca', '6fe90dfa-91b2-4e35-82df-0292cdaac4a3', 'feb21824-664b-4257-93a9-6a23a58ffaac', 1, FALSE, '2026-04-07T08:16:23.891842+00:00', '2026-04-07T08:16:23.891842+00:00'),
('100835a6-85a1-428b-bdeb-e1cbe611c6c6', '6fe90dfa-91b2-4e35-82df-0292cdaac4a3', '88c5301f-4ad7-425b-ab7f-36cd4eca948e', 1, FALSE, '2026-03-31T06:05:01.942968+00:00', '2026-04-07T08:17:00.226115+00:00'),
('694c886e-6495-48c2-aee6-8f5d85e895e1', '7da40b47-0dc4-4cd9-8323-2fffd1702d83', 'a5a6311c-c66b-46b5-aa10-a20ccebb843f', 1, FALSE, '2026-04-07T10:40:06.861077+00:00', '2026-04-07T10:40:06.861077+00:00'),
('dbb183b3-7a7c-454b-b49f-26cfe39351a5', '0fd3de77-9227-40a6-afa8-0fc221b6b796', '4f56d6ce-9ea4-4da2-8ec8-7066f01ad76b', 1, FALSE, '2026-05-07T14:58:24.365194+00:00', '2026-05-07T14:58:24.365194+00:00')
ON CONFLICT DO NOTHING;

-- DATA: public.companies (75 rows)
INSERT INTO public."companies" ("id", "name", "tax_number", "address", "phone", "email", "contact_person", "status", "price_group_id", "credit_limit", "current_balance", "created_at", "tax_office", "city", "district", "branch", "dealer_code", "user_code", "is_prepayment_locked", "risk_limit") VALUES
('69cffa05-ea62-40bb-ae14-9fefd982fa13', 'AL.IZ OTO ÇIKMA - ALİ BAKAÇHAN', '21835036064', 'Yeşiloba Mah. 46001 Sk. No:12/A', '', 'ada-1003@ada-1003.com', 'ALİ BAKAÇHAN', 'approved', '5dc756f1-6dea-47b1-b414-10e6370b45ce', 0, -40000, '2026-05-08T17:12:26.786021+00:00', 'SEYHAN', 'ADANA', 'SEYHAN', 'OTO ÇIKMA', 'ADA-1003', 'ALİZ', FALSE, 0),
('4d23ea0b-8f17-496f-955e-3330a2d665b5', 'RAMAZAN OTO - RAMAZAN UĞURLU', '38305977574', 'İKİTELLİ OSB. MAH. ATATÜRK OTO SANAYİ SİTESİ SK. NO:668', '0543 918 20 91', 'ist-1016@ist-1016.com', 'RAMAZAN UĞURLU', 'approved', 'd3d6e3b6-34a9-4f5f-8e3b-0ecf30a904b4', 0, 0, '2026-04-08T10:49:16.721023+00:00', 'İKİTELLİ', 'İSTANBUL', 'BAŞAKŞEHİR', 'OTO ÇIKMA', 'IST-1016', 'RAMAZAN', TRUE, 0),
('29296a9f-1c92-40be-8fda-f8e21630d495', 'KNG CAR DESIGN - ALİ İLKAY AKSULU', '16826323988', 'ATAKENT MAH. DADALOĞLU CAD. DOĞAN APT. NO:38/A', '0533 094 07 11', 'ist-1018@ist-1018.com', 'MEHMET DİNÇ', 'approved', 'ad063527-816b-437e-af1f-c6179e77a778', 0, 0, '2026-04-08T20:11:59.25839+00:00', 'ALEMDAĞ', 'İSTANBUL', 'ÜMRANİYE', 'FAR TASARIM MERKEZİ', 'IST-1018', 'KNG', FALSE, 0),
('b2ccd813-75e7-40b8-80ae-37a67c28994a', 'DOĞAN OTOMOTİV - ALİ RIZA DOĞAN', '41479980776', 'DUDULLU OSB. MAH. KDS-13SK KADOSAN SOS TESİS. NO: 1/34', '', 'ist-1020@ist-1020.com', 'DENİZ BEY', 'approved', 'ad063527-816b-437e-af1f-c6179e77a778', 0, 0, '2026-04-09T08:46:06.367169+00:00', 'SARIGAZİ', 'İSTANBUL', 'ÜMRANİYE', 'PERAKENDE', 'IST-1020', 'DOGAN', FALSE, 0),
('7160086b-b76f-4480-b769-4f1237dc4cca', 'MEHTAP OTO İNŞ. İTH. İHR. SAN. VE TİC. LTD. ŞTİ.', '6141038468', 'BATIKENT MAH. ATATÜRK ÇARŞI NO:11/1', '', 'san-1002@san-1002.com', 'ERDİNÇ BEY', 'approved', 'd3d6e3b6-34a9-4f5f-8e3b-0ecf30a904b4', 0, 0, '2026-04-10T07:24:36.884519+00:00', 'ŞEHİTLİK', 'ŞANLIURFA', 'ŞEHİTLİK', 'PERAKENDE', 'SAN-1002', 'MEHTAP', TRUE, 0),
('fb4cd70f-3d9c-4018-a0e9-12d3fb4833ab', 'TUNCAY OTO ÇIKMA', '8630016866', 'SANAYİ MAH. 60077 NOLU CAD. NO:24', '', 'gzn-1000@gzn-1000.com', 'RECEP TUNCAY', 'approved', '26c6c9de-3b1f-4ec3-9d1f-b9e5d701f450', 0, 0, '2026-03-23T09:18:48.845999+00:00', 'ŞEHİTKAMİL', 'GAZİANTEP', 'ŞEHİTKAMİL', 'ÇIKMACI', 'GZN-1000', 'TUNCAYOTO', TRUE, 0),
('801483f2-1a46-4d6b-bba5-4f7e81f95316', 'RDN OTO YEDEK PARÇA - BİRGÜL BARAN', '18394855946', 'OSMANGAZİ MAH. TUZLA CAD. NO:238/B', '0501 066 42 81', 'koc-1001@koc-1001.com', 'FATİH BARAN', 'approved', 'd3d6e3b6-34a9-4f5f-8e3b-0ecf30a904b4', 0, 0, '2026-04-10T12:36:10.391475+00:00', 'ULUÇINAR', 'KOCAELİ', 'DARICA', 'PERAKENDE', 'KOC-1001', 'RDN', TRUE, 0),
('591d0f23-28ad-4f53-89aa-dfecdb988692', 'MİRAÇ OTOMOTİV - HARUN SARI', '11498477236', 'İkitelli O.S.B. Atatürk Oto Sanayi Sit. 15. Sk. No.408 ', '', 'ist-1023@ist-1023.com', 'HARUN SARI', 'approved', 'ad063527-816b-437e-af1f-c6179e77a778', 0, 0, '2026-04-13T12:02:42.64801+00:00', 'İKİTELLİ', 'İSTANBUL', 'BAŞAKŞEHİR', 'OTO ÇIKMA', 'IST-1023', 'MİRAC', FALSE, 0),
('be7ab05c-089c-4877-873f-a8cc7aa39ac7', 'ÇINAR OTO YEDEK PARÇA - HALİL SÖĞÜTOĞLU', '25076582410', 'EVREN SANAYİ SİTESİ 1. CADDE ATATÜRK ÇARŞISI NO:16', '0545 427 0505', 'san-1003@san-1003.com', 'FURKAN BEY', 'approved', 'd3d6e3b6-34a9-4f5f-8e3b-0ecf30a904b4', 0, 0, '2026-04-16T12:14:46.737215+00:00', 'ŞEHİTLİK', 'ŞANLIURFA', 'EYYÜBİYE', 'PERAKENDE', 'SAN-1003', 'CINAR', TRUE, 0),
('e9423a1f-1f3a-4ca1-acba-7d88a2c2a8d2', 'EYLÜL OTO YEDEK PARÇA - NİGAR GÖKÇE', '19295869032', 'ESENKENT MAH. ŞAH CİHAN CAD. A BLOK NO:53/B', '0532 245 54 14', 'ist-1003@ist-1003.com', 'ERDİNÇ GÖKÇE', 'approved', 'ad063527-816b-437e-af1f-c6179e77a778', 0, -90794.7116792, '2026-03-23T16:58:01.941864+00:00', 'SARIGAZİ', 'İSTANBUL', 'ÜMRANİYE', 'ÇIKMA / SIFIR', 'IST-1003', 'EYLULOTO', TRUE, 0),
('10ca831e-05ef-4082-8b34-02a305e0e653', 'QNB SANAL POS TEST HESABI', '112233445566', '', '', 'qnb@qnb.com', 'QNB', 'approved', NULL, 0, 0, '2026-04-29T20:08:19.493155+00:00', '', 'QNB', 'QNB', '', 'QNB', 'QNB', FALSE, 0),
('bfcdaa09-4a36-48ba-9330-8c49cc1c1ef7', 'MERAK MOTORLU ARAÇLAR YEDEK PARÇA TİCARET LTD.ŞTİ.', '6150876837', 'ADİL MAH. POLENEZ CAD. NO:11/4/29', '', 'ist-1004@ist-1004.com', 'CEVDET BEY', 'approved', 'ad063527-816b-437e-af1f-c6179e77a778', 0, -6250.031170198198, '2026-03-24T17:07:18.533243+00:00', 'SULTANBEYLİ', 'İSTANBUL', 'SULTANBEYLİ', 'İNTERNET SATICISI', 'IST-1004', 'MERAK', FALSE, 0),
('4cfafb75-2565-4bfe-ba56-6e30f25d6486', 'SEL OTO - SIDDIK KIRICI', '25694668084', 'MEHMET FIRAT KAZANCIOĞLU MAH. 102. SK NO:33', '0507 625 95 82', 'kil-1001@kil-1001.com', 'SIDDIK KIRICI', 'approved', 'd3d6e3b6-34a9-4f5f-8e3b-0ecf30a904b4', 0, 0, '2026-04-14T12:47:30.072934+00:00', 'KİLİS', 'KİLİS', 'MERKEZ', 'PERAKENE', 'KIL-1001', 'SEL', TRUE, 0),
('a6d7af90-4744-4f5c-a7b3-780440bde610', 'OMY OTOMOTİV LÜMİTED ŞİRKETİ', '7210628681', 'ORHANGAZİ MAH. TEKNOPARK CAD. NO:44', '05393034619', 'duz-1001@duz-1001.com', 'OĞUZHAN BALIK', 'approved', 'd3d6e3b6-34a9-4f5f-8e3b-0ecf30a904b4', 0, 0, '2026-03-30T12:11:55.528027+00:00', 'DÜZCE', 'DÜZCE', 'MERKEZ', '', 'DUZ-1001', 'OMY', TRUE, 0),
('f37295fe-8ea0-45ff-81d6-b399172d9680', 'BERKE YEDEK PARÇA OTOMOTİV SAN. TİC. LTD. ŞTİ. ', '1650749149', 'İÇERENKÖY MAH. HUZUR HOCA CAD. NO:66/B ', '05336122812', 'ist-1009@ist-1009.com', 'SEDAT DEPE', 'approved', 'd3d6e3b6-34a9-4f5f-8e3b-0ecf30a904b4', 0, 0, '2026-03-30T12:17:12.150512+00:00', 'KOZYATAĞI', 'İSTANBUL', 'ATAŞEHİR', 'PERAKENDE ', 'IST-1009', 'BERKE', TRUE, 0),
('4684a203-e68d-4094-8480-1253e5999e1e', 'MAKREN OTOMOTİV - EMRE ÜSTÜNDAĞ', '66535141540', 'AKPINAR MAH. AKŞEMSETTİN CAD. NO:38/A', '', 'ist-1008@ist-1008.com', 'EMRE ÜSTÜNDAĞ', 'approved', 'd3d6e3b6-34a9-4f5f-8e3b-0ecf30a904b4', 0, 0.004755200001454796, '2026-03-27T17:34:38.472935+00:00', 'SARIGAZİ', 'İSTANBUL', 'SANCAKTEPE', 'ARA TOPTAN', 'IST-1008', 'MAKREN', TRUE, 0),
('e9849a31-aea7-42bc-89e8-500e56fb0f5f', 'KALENDER OTO ELEKTRİK - MURAT İPEK', '34228795752', 'Osman Aksüner Mah. 5733. Sk No:5 / 1A', '05550511820', 'izm-1001@izm-1001.com', 'Murat İpek', 'approved', '5dc756f1-6dea-47b1-b414-10e6370b45ce', 0, 0, '2026-03-30T07:40:40.278989+00:00', 'Gaziemir', 'İzmir', 'Karabağlar', 'Elektrikçi', 'IZM-1001', 'KALENDER', TRUE, 0),
('90aecc6f-c79d-4be7-9eb7-09bb55ae608d', 'TÜRKMEN OTO YEDEK PARÇA - DİĞDEM TÜRKMEN', '8790937604', 'MİSKET MAH. ŞEHİT MELİH GARİP ÜNSAL CAD. NO:37/A', '', 'ank-1002@ank-1002.com', 'ERDİNÇ TÜRKMEN', 'approved', 'd3d6e3b6-34a9-4f5f-8e3b-0ecf30a904b4', 0, 0, '2026-04-08T11:59:18.467092+00:00', 'DİKİMEVİ', 'ANKARA', 'MAMAK', 'PERAKENDE', 'ANK-1002', 'TURKMEN', TRUE, 0),
('1830ccd2-9172-40f4-a4ed-bd97d3a4124d', '4CAR OTO YEDEK PARÇA OTOMOTİV SAN. TİC. LTD. ŞTİ.', '0012750301', 'SİNANPAŞA MAH. KOZAN CAD. NO:117/1AC', '0505 553 57 52', 'ada-1001@ada-1001.com', 'UFUK OKAY', 'approved', 'd3d6e3b6-34a9-4f5f-8e3b-0ecf30a904b4', 0, 0, '2026-03-31T16:41:05.998299+00:00', 'YÜREĞİR', 'ADANA', 'YÜREĞİR', 'PERAKENDE', 'ADA-1001', '4CAR', TRUE, 0),
('1011321b-3dbd-4c0f-8a53-4ae83d6defec', 'ÇANKAYA OTOMOTİV - ÖMER KAYA', '14522411718', 'CEBECİ MAH. 2450 SK. SABIR APT. NO:18', '0507 579 16 12', 'ist-1019@ist-1019.com', 'ÖMER KAYA', 'approved', 'ad063527-816b-437e-af1f-c6179e77a778', 0, 0, '2026-04-08T20:14:28.746354+00:00', 'KÜÇÜKKÖY', 'İSTANBUL', 'SULTANGAZİ', 'ARA TOPTAN / PERAKENDE / KAPORTA', 'IST-1019', 'CANKAYA', FALSE, 0),
('2830e63e-62f2-4b69-b905-2863b0b52597', 'OTO NİHAT YEDEK PARÇA SAN. VE TİC. LTD. ŞTİ.', '6490968283', '100. YIL MAH. SANAYİ CAD. NO:21/6 ', '05444847950', 'tkr-1000@tkr-1000.com', 'BURHAN AVCI', 'approved', 'd3d6e3b6-34a9-4f5f-8e3b-0ecf30a904b4', 0, 0, '2026-03-23T08:31:35.046323+00:00', 'SÜLEYMANPAŞA', 'TEKİRDAĞ', 'SÜLEYMANPAŞA', 'PERAKENDECİ', 'TKR-1000', 'OTO NİHAT', TRUE, 0),
('1700d180-3369-415d-afd0-cb131afd2d26', 'TUNÇ OTO ELEKTRİK VE AKÜ MARKET - SERTAN TUNÇEL', '37789464266', 'KÖYÜN KENDİSİ BOSTANLIK KÜME EVLER NO:176/A', '05454950601', 'dzc-1000@dzc-1000.com', 'SERTAN TUNÇEL', 'approved', '26c6c9de-3b1f-4ec3-9d1f-b9e5d701f450', 0, 0, '2026-03-23T10:39:15.101291+00:00', 'DÜZCE', 'DÜZCE', 'BOSTANLIK KÖYÜ', 'PERAKENDE', 'DZC-1000', 'TUNCOTO', TRUE, 0),
('8eeffda6-e8c5-4d5d-a9a9-dc79c89c5495', 'ARTPAR YEDEK PARÇA (MERKEZ)', '800081338', 'SOĞUKPINAR MAH. IHLAMUR CAD. NO:37 ÇEKMEKÖY / İSTANBUL', '0532 597 0664', 'b-1000@b-1000.com', 'Murat Kaan', 'approved', NULL, 0, 0, '2026-03-03T12:39:16.372374+00:00', 'Sarıgazi VD.', 'İSTANBUL', 'ÇEKMEKÖY', 'Merkez', 'B-1000', 'ADMIN', FALSE, 0),
('a09751cf-8dbc-4b5b-b868-63e5aa409ae6', 'EK TUNİNG SHOP - ERSİN KEYİKÇİ', '000000000', '', '05316862640', 'brs-1001@brs-1001.com', 'ERSİN KEYİKÇİ', 'approved', 'ad063527-816b-437e-af1f-c6179e77a778', 0, 0, '2026-03-23T10:43:13.00895+00:00', 'YOK', 'BURSA', '', 'TUNİNG', 'BRS-1001', 'EKTUNING', FALSE, 0),
('be28d9af-33cd-439a-84d2-571db56be134', 'BİRLİK FAR OTO AYDINLAMA - VOLKAN BAŞEĞMEZ', '1470128147', 'BEŞYOL MAH. 1.İNÖNÜ CAD. PAKTEN MUTLU SANAYİ NO:36 İÇ KAPI NO:153', '0541 426 96 60', 'ist-1007@ist-1007.com', 'VOLKAN BAŞEĞMEZ', 'approved', '26c6c9de-3b1f-4ec3-9d1f-b9e5d701f450', 0, 0, '2026-03-26T08:13:50.226275+00:00', 'KÜÇÜKÇEKMECE', 'İSTANBUL', 'KÜÇÜKÇEKMECE', 'FARCI', 'IST-1007', 'BİRLİK', TRUE, 0),
('9922970a-ffa4-4f1d-b49a-31a60fac03e1', 'SEVKAR OTOMOTİV - EROL SEVGİLİ', '28237431336', 'KADOSAN OTO SAN. SİT. H BLOK NO:15 Y.DUDULLU', '', 'ist-1006@ist-1006.com', 'FATİH BEY', 'approved', '26c6c9de-3b1f-4ec3-9d1f-b9e5d701f450', 0, 0, '2026-03-25T15:59:23.128786+00:00', 'SARIGAZİ', 'İSTANBUL', 'ÜMRANİYE', 'SERVİS / USTA / ELEKTRİKÇİ', 'IST-1006', 'SEVKAR', TRUE, 0),
('0fe851e5-b4e1-420a-991d-8552142a44ef', 'ÜÇEL HASAR ONARIM MERKEZİ OTO SERVİS HİZMETLERİ LİMİTED ŞİRKETİ', '9960386418', 'TATLISU MAH. ELALMIŞ CAD. NO:45', '', 'ist-1022@ist-1022.com', 'KERİM BEY', 'approved', 'ad063527-816b-437e-af1f-c6179e77a778', 0, 0, '2026-04-10T10:40:10.086536+00:00', 'ÜMRANİYE', 'İSTANBUL', 'ÜMRANİYE', 'HASAR ONARIM', 'IST-1022', 'UCEL', FALSE, 0),
('21fb9815-d071-4390-baf1-79931800714f', 'DERELİ OTOMOTİV - AHMET YÜKSEK', '33991843370', 'DUDULLU OSB. MAH. KADOSAN 13.SK KADOSAN SOSYAL TESİSLERİ NO:1/126', '05393192137', 'ist-1010@ist-1010.com', 'BEDİRHAN BEY', 'approved', '5dc756f1-6dea-47b1-b414-10e6370b45ce', 0, 0, '2026-03-30T13:59:42.480825+00:00', 'SARIGAZİ', 'İSTANBUL', 'ÜMRANİYE', 'PERAKENDE / İNTERNET', 'IST-1010', 'DERELI', TRUE, 0),
('a83c8260-f9f1-453c-8915-b129f6a6687d', 'ORTAKÖY AUTO - SERCAN TÜRKERİ', '40051038348', 'İÇERENKÖY MAH. BUKET SK. NO:31/B', '05557516015', 'ist-1021@ist-1021.com', 'SERCAN TÜRKERİ', 'approved', 'd3d6e3b6-34a9-4f5f-8e3b-0ecf30a904b4', 0, 0, '2026-04-09T09:16:46.3591+00:00', 'KOZYATAĞI', 'İSTANBUL', 'ATAŞEHİR', 'PERAKENDE / İNTERNET SATICI', 'IST-1021', 'ORTA', TRUE, 0),
('fac419f1-306d-4e8d-8104-8a127b480d68', 'EPER OTOMOTİV DIŞ TİCARET LİMİTED ŞİRKETİ', '8890375294', 'KARAPINAR MAH. 1183 SK. NO:40 CR', '', 'ord-1001@ord-1001.com', 'SERKAN BEY', 'approved', '5dc756f1-6dea-47b1-b414-10e6370b45ce', 0, 0, '2026-04-10T20:50:25.913969+00:00', 'KÖPRÜBAŞI', 'ORDU', 'ALTINORDU', 'PERAKENDE', 'ORD-1001', 'EPER', TRUE, 0),
('22496f00-c3a0-4a32-be5a-8c6dd90d648f', 'ÇAKIR OTO - MEHMET ÇAKIR', '14846171664', 'GEDİKKAYA MAH. ALİ USTA CAD. NO:33', '0544 347 59 32', 'grs-1000@grs-1000.com', 'MEHMET ÇAKIR', 'approved', 'd3d6e3b6-34a9-4f5f-8e3b-0ecf30a904b4', 0, 0, '2026-03-27T18:44:25.308789+00:00', 'GİRESUN', 'GİRESUN', 'MERKEZ', 'ELEKTRİKCİ', 'GRS-1000', 'CAKIR', TRUE, 0),
('9deaa4a8-5305-4602-8534-06363b142bb0', 'OSMANİYE FAR MERKEZİ - İBRAHİM HALİL GÜRBÜZ', '25604576836', 'ADNAN MENDERES MAH. MARANGOZLAR SK. NO:7', '0541 611 99 08', 'osm-1001@osm-1001.com', 'HALİL İBRAHİM', 'approved', 'd3d6e3b6-34a9-4f5f-8e3b-0ecf30a904b4', 0, 0, '2026-04-18T20:40:31.523662+00:00', 'OSMANİYE', 'OSMANİYE', 'MERKEZ', 'FAR ONARIM', 'OSM-1001', 'OSM', TRUE, 0),
('5b459aee-7500-4ef7-9bd2-1392238f53b9', 'BODRUM ÖZEL RENAULT SERVİSİ - SEFER DOLDURAN', '17533499720', 'TÜRKKUYUSU SANAYİ SİTESİ İNCEOĞLU HALİL EFENDİ NO:20', '0534 033 1828', 'mug-1001@mug-1001.com', 'SEFER DOLDURAN', 'approved', 'd3d6e3b6-34a9-4f5f-8e3b-0ecf30a904b4', 0, 0, '2026-04-16T18:03:07.450807+00:00', 'BODRUM', 'MUĞLA', 'BODRUM', 'ÖZEL SERVİS', 'MUG-1001', 'BODRUM', TRUE, 0),
('15561659-b05c-4045-b522-3c9a59bb4b84', 'SADAK OTO - İBRAHİM SADAK', '7360145175', '', '0542 567 02 80', 'sir-1001@sir-1001.com', 'İBRAHİM SADAK', 'approved', 'd3d6e3b6-34a9-4f5f-8e3b-0ecf30a904b4', 0, 0, '2026-04-30T07:20:56.001898+00:00', 'SİLOPİ', 'ŞIRNAK', 'SİLOPİ', 'PERAKENDE', 'SIR-1001', 'SADAK', TRUE, 0),
('9e659b51-99e8-48e7-ac3f-05a637872a83', 'ZEKİ OTOMOTİV - OSMAN ZEKİ DEMİR', '29257316252', 'ALTINŞEHİR MAH. 225 (280) SK. NO 21', '', 'bur-1004@bur-1004.com', 'OSMAN ZEKİ DEMİR', 'approved', 'd3d6e3b6-34a9-4f5f-8e3b-0ecf30a904b4', 0, 0, '2026-05-12T18:04:55.695107+00:00', 'NİLÜFER', 'BURSA', 'NİLÜFER', 'PERAKENDE', 'BUR-1004', 'ZEKİ', TRUE, 0),
('e9b42167-36ce-4469-aa37-e4e0d66418f3', 'ARIK DİZAYN OTO AKSESUAR - HALİL ARIK', '54721644890', 'TACİN CAD. TACİN MAH. NO:78/A', '05078231605', 'aks-1000@aks-1000.com', 'HALİL ARIK', 'approved', '26c6c9de-3b1f-4ec3-9d1f-b9e5d701f450', 0, 0, '2026-03-23T19:38:28.662519+00:00', 'AKSARAY', 'AKSARAY', 'MERKEZ', 'TUNİNG', 'AKS-1000', 'ARIK', TRUE, 0),
('09627bdb-0b0c-44b7-b379-b13d38353f71', 'ERSİN ELEKTRONİK SAN. TİC. LTD. ŞTİ.', '3690040252', '3. CAD. DEMETLALE MAH. NO:38 ', '0537 628 13 23', 'ank-1001@ank-1001.com', 'MÜCAHİT BEY', 'approved', 'd3d6e3b6-34a9-4f5f-8e3b-0ecf30a904b4', 0, 0, '2026-03-27T17:31:56.297428+00:00', 'YENİMAHALLE', 'ANKARA', 'YENİMAHALLE', 'ARA TOPTAN ', 'ANK-1001', 'ERSİN', TRUE, 0),
('06cd3be0-7a99-4cc8-9b9f-c7c8f8a8649e', 'BURHAN AUTO GARAGE - İBRAHİM BURHAN', '57094580086', '', '+90 535 760 56 44', 'krm-1000@krm-1000.com', 'İBRAHİM BURHAN', 'approved', '26c6c9de-3b1f-4ec3-9d1f-b9e5d701f450', 0, 0, '2026-03-25T11:32:30.018364+00:00', '', 'KARAMAN', '', 'OTO SERVİS / ELEKTRİK', 'KRM-1000', 'BURHAN', TRUE, 0),
('f9110d1b-b606-43f9-b638-cf9505fb8c43', 'GAZİOĞULLARI SERVİS VE MOTORLU ARAÇLAR TİC. LTD. ŞTİ.', '3891990207', 'ŞERİFALİ MAH. BURHAN SK. NO:60', '05378422282', 'ist-1005@ist-1005.com', 'DENİZ BEY', 'approved', 'ad063527-816b-437e-af1f-c6179e77a778', 0, 0, '2026-03-25T10:22:47.526148+00:00', 'SARIGAZİ', 'İSTANBUL', 'ÜMRANİYE', 'BOSCH CAR SERVİS', 'IST-1005', 'GAZI', FALSE, 0),
('6797deb1-459c-42dc-b16f-c2ea4938f847', 'OPPAX OTO YEDEK PARÇA ALIM SATIM İTH. İHR. TİC. LTD. ŞTİ.', '6440933277', 'CEVİZLİ MAH. 20 TEMMUZ CAD. KİBAR APT. NO:54/B', '05456772119', 'ist-1001@ist-1001.com', 'OZAN BEY', 'approved', '26c6c9de-3b1f-4ec3-9d1f-b9e5d701f450', 0, 0, '2026-03-23T16:34:16.066375+00:00', 'KARTAL', 'İSTANBUL', 'MALTEPE', 'ARA TOPTAN', 'IST-1001', 'OPPAX', TRUE, 0),
('6fe90dfa-91b2-4e35-82df-0292cdaac4a3', 'AS YILMAZ OTO 2. EL YEDEK PARÇA', 'ALİ SUNAL YILMAZ', 'KEMERÇEŞME MAH. İSTANBUL CAD. NO:104/C', '', 'brs-1000@brs-1000.com', 'ALİ SUNAL YILMAZ', 'approved', '5dc756f1-6dea-47b1-b414-10e6370b45ce', 0, 0, '2026-03-23T09:03:05.276856+00:00', 'OSMANGAZİ', 'BURSA', 'OSMANGAZİ', 'PERAKENDECİ / FARCI', 'BRS-1000', 'AS YILMAZ', TRUE, 0),
('a565e0dd-bc9d-470b-be9e-763730cbd4e2', 'ASLANTÜRK OTO YEDEK PARÇA - ALİ DEVRAN ASLANTÜRK', '16286572704', '600 EVLER MAH. 2094 SK NO:8/1', '0530 776 34 44', 'blk-1000@blk-1000.com', 'ALİ DEVRAN ASLANTÜRK', 'approved', 'd3d6e3b6-34a9-4f5f-8e3b-0ecf30a904b4', 0, 0, '2026-03-27T17:24:41.876919+00:00', 'BANDIRMA', 'BALIKESİR', 'BANDIRMA', 'PERAKENDE', 'BLK-1000', 'ASLANTÜRK', FALSE, 0),
('ed0ac39f-e76d-4f83-ae31-8bde69780376', 'RENOTO YEDEK PARÇA ', '63580026730', '75. YIL MAH. 5309 SK. NO:57/A', '05394515220', 'mns-1000@mns-1000.com', 'SİNEM AKÇİN', 'approved', '5dc756f1-6dea-47b1-b414-10e6370b45ce', 0, 0, '2026-03-23T09:10:02.971645+00:00', 'YUNUSEMRE', 'MANİSA', 'YUNUSEMRE', 'PERAKENDE', 'MNS-1000', 'RENOTO', TRUE, 0),
('06829281-78f1-4192-8da8-7020c5e042ac', 'MBY FAR DÜNYASI - BURAK YÜRÜR', '66559202500', 'BATIKENT MAH. 11 NİSAN ÇARŞISI SK. NO:5', '0530 968 44 78', 'san-1001@san-1001.com', 'BURAK YÜRÜR', 'approved', 'd3d6e3b6-34a9-4f5f-8e3b-0ecf30a904b4', 0, 0, '2026-04-01T16:12:48.49309+00:00', 'ŞEHİTLİK', 'ŞANLIURFA', 'EYYÜBİYE', 'FARCI', 'SAN-1001', 'MBY', TRUE, 0),
('3adb380a-3bbf-4c02-a872-28f373d23f99', 'OET OTOMOTİV - ARZU KARATAŞ', '35566691720', 'MİMAR SİNAN MAH. ÜSKÜDAR CAD. YEDPA TİC. MRK. H1 CD P1 PASAJ NO:60', '', 'ist-1011@ist-1011.com', 'ÜMİT KARATAŞ', 'approved', 'ad063527-816b-437e-af1f-c6179e77a778', 0, 0, '2026-04-01T16:20:33.653607+00:00', 'KOZYATAĞI', 'İSTANBUL', 'ATAŞEHİR', 'ELEKTRIKÇİ', 'IST-1011', 'OET', FALSE, 0),
('91da6ed0-f0f5-492f-a5aa-8c045f7df2f5', 'GÜMÜŞ OTO ELEKTRİK - MELEK GÜMÜŞ', '74167018598', 'DUMLUPINAR MAH. 1183 SK. NO:8', '0537 401 37 87', 'hty-1000@hty-1000.com', 'HAMDİN GÜMÜŞ', 'approved', '5dc756f1-6dea-47b1-b414-10e6370b45ce', 0, -11042.678472669044, '2026-03-24T13:04:41.270018+00:00', 'ASIM GÜNDÜZ', 'HATAY', 'İSKENDERUN', '', 'HTY-1000', 'GUMUS', FALSE, 0),
('475c37dd-713a-4a91-8ad3-eeee2c3b1bc3', 'KOREA OTOMOTİV - MURAT ŞAŞMAZ', 'MURAT', '', '', 'murat@murat.com', 'MURAT ŞAŞMAZ', 'approved', 'd3d6e3b6-34a9-4f5f-8e3b-0ecf30a904b4', 0, -14017.163166719998, '2026-03-23T09:40:59.409489+00:00', '', '', '', '', 'MURAT', 'MURAT', TRUE, 0),
('005ec7b8-9df8-48d7-8768-fba53d178b62', 'BERK OTO YEDEK PARÇA - RECEP KURTULAN', '32320232502', 'ZAFER MAH. NAMIK KEMAL CAD. NO:58', '+90 543 976 19 01', 'brs-1003@brs-1003.com', 'RECEP KURTULAN', 'rejected', '26c6c9de-3b1f-4ec3-9d1f-b9e5d701f450', 0, 0, '2026-03-25T11:35:22.63424+00:00', 'YILDIRIM', 'BURSA', 'YILDIRIM', 'PERAKENDE', 'BRS-1003', 'BERKOTO', TRUE, 0),
('684405cc-0ef3-400d-a02f-8dc2f224c155', 'SAVAŞ OTO YEDEK PARÇA - TAHA DURGUN', '17159332012', 'KAYABAŞI MAH. BOZCAADA CAD. 24. BÖLGE KAVAKLIBAHÇE M8 BLOK NO:6 L İÇ KAPI NO: 3 ', '', 'ist-1014@ist-1014.com', 'TAHA DURGUN', 'approved', 'd3d6e3b6-34a9-4f5f-8e3b-0ecf30a904b4', 0, 0, '2026-04-02T20:22:07.106224+00:00', 'BAŞAKŞEHİR', 'İSTANBUL', 'BAŞAKŞEHİR', 'İNTERNET SATICISI', 'IST-1014', 'SAVAS', TRUE, 0),
('aeab2850-86c5-41ef-9c56-d0509ec4686b', 'BAVYERA OTO YEDEK PARÇA - CENGİZ TOPÇU', '20347778660', 'GÜLTEPE MAH. YENİ SANAYİ SİTESİ NO: 1 / E ', '0530 940 2196', 'bat-1001@bat-1001.com', 'CENGİZ TOPÇU', 'approved', '5dc756f1-6dea-47b1-b414-10e6370b45ce', 0, 0.21130688000266673, '2026-04-04T14:51:53.915578+00:00', 'BATMAN', 'BATMAN', '', 'ARA TOPTAN - PERAKENDE', 'BAT-1001', 'BAVYERA', FALSE, 0),
('67158c2f-6c78-4264-8625-406ad0811b4e', 'ATEŞLER YEDEK PARÇA İNŞ. OTOMOTİV TAR. HAY. İTH. İHR. SAN. VE TİC. LTD. ŞTİ. ', '1010062372', 'SANAYİ SİTESİ KOCAYUSUF CAD. NO:47', '', 'ant-1001@ant-1001.com', 'BURAK BEY', 'approved', 'ad063527-816b-437e-af1f-c6179e77a778', 0, 0, '2026-04-03T12:05:17.604707+00:00', 'KIZILTEPE', 'ANTALYA', 'ALANYA', 'PERAKENDE ', 'ANT-1001', 'ATESLER', FALSE, 0),
('27eb9f9a-1c00-4061-a86e-089de693a59f', 'EROĞLU OTOMOTİV - EMRE EROĞLU', '26245116276', 'MAGOSA MAH. KILIÇ SK. NO:24', '', 'ama-1001@ama-1001.com', 'EMRE BEY', 'approved', 'd3d6e3b6-34a9-4f5f-8e3b-0ecf30a904b4', 0, 0, '2026-04-03T18:02:51.034383+00:00', 'SULUOVA', 'AMASYA', 'SULUOVA', 'PERAKENDE / ARA TOPTAN / KAPORTA', 'AMA-1001', 'EROGLU', TRUE, 0),
('c0fc11cf-808c-4b2e-87fb-b9cf6d5f05ea', 'KAPLAN OTOMOTİV - GÖKHAN KAPLAN', '22957614444', 'OSTİM OSB. MAH. 114 SK. NO:31', '0532 225 58 56', 'ank-1000@ank-1000.com', 'GÖKHAN KAPLAN', 'approved', 'ad063527-816b-437e-af1f-c6179e77a778', 0, -0.0080735999999888, '2026-03-25T19:02:09.017134+00:00', 'OSTİM', 'ANKARA', 'YENİMAHALLE', 'ARA TOPTAN / İTHALAT', 'ANK-1000', 'KAPLAN', FALSE, 0),
('1a05fe7d-fcb2-44c0-8d2d-bfc41f522a70', 'MST OTOMOTİV - MUSTAFA ÖZDEMİR', '32737784236', 'SAZLIBOSNA MAH. GAZİLER SK. NO:3/1-1', '0532 417 74 38', 'ist-1013@ist-1013.com', 'MUSTAFA ÖZDEMİR', 'approved', 'd3d6e3b6-34a9-4f5f-8e3b-0ecf30a904b4', 0, -0.6339978, '2026-04-02T20:12:53.544378+00:00', 'BÜYÜKÇEKMECE', 'İSTANBUL', 'ARNAVUTKÖY', 'PERAKENDE', 'IST-1013', 'MST', TRUE, 0),
('4fbd04f9-dae2-489d-8b46-5b4f32caece1', '4K AUTO - VEDAT TÜRKER', '35584646450', 'SANAYİ MAH. 3232 SK. NO:49', '0552 441 63 10', 'isp-1000@isp-1000.com', 'VEDAT TÜRKER', 'approved', 'd3d6e3b6-34a9-4f5f-8e3b-0ecf30a904b4', 0, 0, '2026-03-24T13:01:33.335537+00:00', 'DAVRAZ', 'ISPARTA', '', 'SERVİS', 'ISP-1000', '4KAUTO', TRUE, 0),
('1f82d760-ed81-4cfe-8cb5-0647b76ece8b', 'RMK OTOMOTİV - RAFİYE KURTULAN', '23153496384', 'ÜÇEVLER MAH. İZMİR YOLU CAD. NO: 241 A/M NİLÜFER/ BURSA', '+90 539 354 63 36', 'brs-1002@brs-1002.com', 'KAMİL KURTULAN', 'approved', 'd3d6e3b6-34a9-4f5f-8e3b-0ecf30a904b4', 0, 0, '2026-03-25T11:23:51.143354+00:00', 'ÇEKİRGE', 'BURSA', 'NİLÜFER', 'PERAKENDE', 'BRS-1002', 'RMK', TRUE, 0),
('539a73a4-5dce-41ae-a986-c46176c3ef6c', 'SEZAŞ OTOMOTİV SAN. VE TİC. LTD. ŞTİ.', '7671279592', 'OSMANGAZİ MAH. TUZLA CAD.NO:258/B', '0542 451 47 68', 'koc-1000@koc-1000.com', 'BARAN YILDIRIM', 'approved', 'd3d6e3b6-34a9-4f5f-8e3b-0ecf30a904b4', 0, 0, '2026-03-26T08:17:03.193957+00:00', 'ULUÇINAR', 'KOCAELİ', 'DARICA', 'PERAKENDE', 'KOC-1000', 'SEZAS', TRUE, 0),
('f6a78b6a-291b-42d7-9c79-8a1001111225', 'AD ARTVİN OTO YEDEK PARÇA SAN. VE TİC. LTD. ŞTİ.', '0071512145', 'CUMHURİYET MAH. ŞENOCAK SK. NO: 10B', '0543 636 04 36', 'ist-1002@ist-1002.com', 'ENGİN BEY', 'approved', 'd3d6e3b6-34a9-4f5f-8e3b-0ecf30a904b4', 0, 0, '2026-03-23T16:53:19.444353+00:00', 'YAKACIK', 'İSTANBUL', 'KARTAL', 'ARA TOPTAN', 'IST-1002', 'ADARTVIN', TRUE, 0),
('1e7932bc-60a3-4fb7-966a-ccab096425a3', 'KAYSERİ TİCARET - YÜCEL GÜNEŞ', '40432670488', 'AKŞEMSEDDİN MAH. 204 SOKAK NO: ,,26', '0538 414 1331', 'ist-1012@ist-1012.com', 'İSRAFİL GÜNEŞ', 'approved', 'ad063527-816b-437e-af1f-c6179e77a778', 0, -27382.951448156415, '2026-04-02T09:10:58.476734+00:00', 'AVCILAR', 'İSTANBUL', 'ESENYURT', 'OTO ÇIKMA', 'IST-1012', 'KAYSERİ', FALSE, 0),
('21d36240-e51f-4504-bc78-e44933cc1691', 'DENEME HESABI OTOMOTİV', '000000000000', '', '0000', 'b-1001@b-1001.com', 'DENEME', 'approved', 'd3d6e3b6-34a9-4f5f-8e3b-0ecf30a904b4', 0, -498.35423999999875, '2026-03-20T20:55:59.258845+00:00', 'DENEME', 'İSTANBUL', '', '', 'B-1001', 'DENEME', FALSE, 0),
('1ad3b2f0-81ac-4b47-a38f-16b1fa83b53f', 'KOCAKAPLAN OTO ELEK. YEDEK PARÇA VE AKÜ SERVİSİ ', '61831439544', 'KONAK MAH. SİLOPU YOLU ÜZERİ NO:42/A', '05428124100', 'srn-1000@srn-1000.com', 'YUSUF KOCAKAPLAN', 'approved', 'd3d6e3b6-34a9-4f5f-8e3b-0ecf30a904b4', 0, -1425.3600000000006, '2026-03-23T08:43:52.391641+00:00', 'CİZRE', 'ŞIRNAK', 'CİZRE', 'ELEKTRİKÇİ', 'SRN-1000', 'KOCAKAPLAN', FALSE, 0),
('8297e8fd-a34e-437d-be8c-65228a4a2f5b', 'ŞAHİN OTO ELEKTRİK - ALİ GÖKGEZ', '53305391908', 'DUDULLU OSB MAH. 23. SOKAK Y BLOK NO:5', '', 'ist-1017@ist-1017.com', 'ALİ GÖKGEZ', 'approved', '26c6c9de-3b1f-4ec3-9d1f-b9e5d701f450', 0, 0.027422719999776746, '2026-04-08T12:03:27.954451+00:00', 'SARIGAZİ', 'İSTANBUL', 'ÜMRANİYE', 'OTO ELEKTRİKÇİ', 'IST-1017', 'SAHİN', FALSE, 0),
('fbf6b5f0-3866-4d1a-aefd-a3991d70cfa3', 'MST OTOMOTİV - MUSTAFA ÖZLÜCE', '57847256206', 'DOĞUKENT TOKİ İŞ MERKEZİ 4143 SK. DIŞ KAPI NO:9 KAT:1 NO:16', '', 'tok-1001@tok-1001.com', 'MUSFAFA ÖZLÜCE', 'approved', 'd3d6e3b6-34a9-4f5f-8e3b-0ecf30a904b4', 0, 0, '2026-04-04T14:55:35.752814+00:00', 'TOKAT', 'TOKAT', 'MERKEZ', 'PERAKENDE / ARA TOPTAN', 'TOK-1001', 'MSTOTO', TRUE, 0),
('6464f1d0-9b24-47d4-ae69-7dfeaa8c894a', 'AKSAN CAR OTOMOTİV SANAYİ TİCARET LİMİTED ŞİRKETİ', '0340825721', 'SARAY MAH. SANAYİ CAD. NO:2', '', 'ist-1024@ist-1024.com', 'ALİ BEY', 'approved', 'ad063527-816b-437e-af1f-c6179e77a778', 0, 0, '2026-04-17T09:02:44.03698+00:00', 'ALEMDAĞ', 'İSTANBUL', 'ÜMRANİYE', 'BOSCH YETKİLİ SERVİS', 'IST-1024', 'AKSAN', FALSE, 0),
('7da40b47-0dc4-4cd9-8323-2fffd1702d83', 'ÇAĞRI OTO - HALİL UĞURLU', '48424640204', 'İKİTELLİ OSB. MAH. ATATÜRK OTO SANAYİ SİTESİ NO:216', '', 'ist-1015@ist-1015.com', 'İSA UĞURLU', 'approved', 'd3d6e3b6-34a9-4f5f-8e3b-0ecf30a904b4', 0, 0, '2026-04-06T16:58:52.261097+00:00', 'İKİTELLİ', 'İSTANBUL', 'BAŞAKŞEHİR', 'OTO ÇIKMA', 'IST-1015', 'CAGRI', TRUE, 0),
('953f54e4-c732-479d-aebb-c3cdde585f2b', 'A&K OTOMOTİV GERİ DÖNÜŞÜM - KEMAL VURUŞKAN', '17167067364', 'OSB MAH. 1137. Cd. KONTEYNEE İŞYERİ NO:22', '0552 937 5731', 'ank-1004@ank-1004.com', 'KEMAL VURUŞKA', 'approved', 'd3d6e3b6-34a9-4f5f-8e3b-0ecf30a904b4', 0, 0, '2026-04-22T16:40:26.273236+00:00', 'OSTİM', 'ANKARA', 'YENİMAHALLE', 'PERAKENDE / GERİ DÖNÜŞÜM', 'ANK-1004', 'AK', TRUE, 0),
('fed03adb-2014-4d3c-8db6-7f9c47f1b783', 'abc', 'abc', 'abc', 'abc', 'abc-1001@abc-1001.com', 'abc', 'approved', NULL, 0, -6.72, '2026-04-07T09:13:31.312986+00:00', 'abc', 'abc', 'abc', 'abc', 'ABC-1001', 'ABC', FALSE, 0),
('945e7a03-30bd-416c-98ef-935dfbbb40ea', 'MIZRAKLI OTO KİRALAMA ANONİM ŞİRKETİ', '6211195448', 'GÜZELBURÇ MAH. E5 KARAYOLU CAD. NO:224', '', 'hat-1001@hat-1001.com', 'FERHAT BEY', 'approved', 'd3d6e3b6-34a9-4f5f-8e3b-0ecf30a904b4', 0, 0, '2026-04-07T12:14:49.621332+00:00', '23 TEMMUZ', 'HATAY', 'ANTAKYA', 'OTO KİRALAMA', 'HAT-1001', 'MİZRAKLİ', TRUE, 0),
('a9be0dc6-62e0-416a-8c43-30d2213ba023', 'SELÇUK OTO AKSESUAR - BERAT KAYA', '10666603200', 'ALPASLAN MAH. DERGAH CAD. NO:17 NO:1', '0546 476 57 09', 'agr-1001@agr-1001.com', 'HAZAR KAYA', 'approved', 'd3d6e3b6-34a9-4f5f-8e3b-0ecf30a904b4', 0, 0.5869327999999, '2026-04-09T09:44:36.624033+00:00', 'PATNOS', 'AĞRI', 'PATNOS', 'OTO AKSESUAR', 'AGR-1001', 'SELCUK', TRUE, 0),
('d7369d7c-1a50-420e-999f-e684e8b48710', 'İMAJ MOTORLU ARAÇLAR TİCARET A.Ş', '4740884114', 'İVEDİK OSB 1354 CAD. 1531/1 SK. No:13/15', '', 'ank-1003@ank-1003.com', 'OĞUZ BEY', 'approved', '5dc756f1-6dea-47b1-b414-10e6370b45ce', 0, 0, '2026-04-10T12:30:40.75501+00:00', 'İVEDİK', 'ANKARA', 'YENİMAHALLE', 'ARA TOPTAN / PERAKENDE', 'ANK-1003', 'İMAJ', TRUE, 0),
('3b51acf0-9ae2-4d73-8800-b49bb6d8a789', 'OKYANUS OTO BAKIM - SİBEL BOZKURT', '32071633634', 'MURADİYE MAH. 324.SK NO:35/A', '0534 957 87 87', 'hat-1002@hat-1002.com', 'ÖZGÜR BOZKURT', 'approved', 'd3d6e3b6-34a9-4f5f-8e3b-0ecf30a904b4', 0, -0.0039999999999054126, '2026-04-15T08:34:33.92753+00:00', 'ASIM GÜNDÜZ', 'HATAY', 'İSKENDERUN', 'OTO SERVİS', 'HAT-1002', 'OKYANUS', TRUE, 0),
('a2a7e92a-ed73-4caf-8faf-d590fb835d31', 'MC OTOMOTİV - MERTCAN ÇAKIR', '15733240746', 'FEVZİPAŞA MAH. VEFA CAD. NO: 263 A', '+90 505 972 97 18', 'ada-1002@ada-1002.com', 'MERTCAN ÇAKIR', 'approved', 'd3d6e3b6-34a9-4f5f-8e3b-0ecf30a904b4', 0, 0, '2026-04-09T07:28:01.892869+00:00', 'SEYHAN', 'ADANA', 'SEYHAN', 'FAR SATIŞ', 'ADA-1002', 'MC', TRUE, 0),
('991278b8-7ea4-462f-8645-e0effdd4bd80', 'GÜMÜŞ OTO ELEKTRİK - HÜSEYİN GÜMÜŞ', '00011100011', 'YAKINDA', '0535 562 38 99', 'bar-1001@bar-1001.com', 'HÜSEYİN GÜMÜŞ', 'approved', 'd3d6e3b6-34a9-4f5f-8e3b-0ecf30a904b4', 0, 0, '2026-04-05T15:06:28.684127+00:00', '', 'BARTIN', 'MERKEZ', 'İNTER SATICISI', 'BAR-1001', 'GUMUS', TRUE, 0),
('5441ac8e-b36e-436f-b674-593fe97a37b9', 'KARAKUŞ OTO YEDEK PARÇA - AYŞEGÜL KARAKUŞ', '17720035038', 'SANAYİ MAH. 60079 NOLU CAD. NO:12', '0533 455 4606', 'gaz-1001@gaz-1001.com', 'GAZİANTEP YEDEK PRC.', 'approved', 'd3d6e3b6-34a9-4f5f-8e3b-0ecf30a904b4', 0, 0, '2026-04-13T10:59:14.989618+00:00', 'ŞEHİTKAMİL', 'GAZİANTEP', 'ŞEHİTKAMİL', 'PERAKENDE', 'GAZ-1001', 'KARAKUS', TRUE, 0),
('0fd3de77-9227-40a6-afa8-0fc221b6b796', 'BALMIŞLAR OTOMOTİV - VEYSEL BALMIŞ', '31309427458', 'TALAYTEPE MAH. 4. SANAYİ SİTESİ 13. SK C2 BLOK NO:2', '0544 202 3221', 'diy-1001@diy-1001.com', 'VEYSEL BALMIŞ', 'approved', 'd3d6e3b6-34a9-4f5f-8e3b-0ecf30a904b4', 0, 0, '2026-05-07T14:32:07.737969+00:00', 'GÖKALP', 'DİYARBAKIR', 'KAYAPINAR', 'ARA TOPTAN / PERAKENDE', 'DIY-1001', 'VEYSEL', TRUE, 0)
ON CONFLICT DO NOTHING;

-- DATA: public.company_extra_discounts (10 rows)
INSERT INTO public."company_extra_discounts" ("id", "company_id", "product_id", "discount_rate", "created_at", "is_used", "used_at") VALUES
('3f78a4c6-9f29-4053-8cb6-fdb16b3503eb', 'c0fc11cf-808c-4b2e-87fb-b9cf6d5f05ea', 'dbc317d2-fafc-4b6b-aee9-4466a39d9f96', 6.11, '2026-04-02T09:05:07.245504+00:00', TRUE, '2026-04-02T09:08:10.882+00:00'),
('8c2311b4-a63d-4fcd-91a2-ecb1746e7deb', '1a05fe7d-fcb2-44c0-8d2d-bfc41f522a70', 'd166cc6c-8c9b-49fa-97b0-8ce299c91a7f', 3.99, '2026-04-03T11:37:24.55178+00:00', TRUE, '2026-04-03T11:38:11.623+00:00'),
('6bdd4a21-3192-44c6-91c7-e857f614fa7c', '21d36240-e51f-4504-bc78-e44933cc1691', 'daab0f8e-6fee-4eb3-b83c-bd6f44be8287', 10, '2026-04-03T09:19:34.336147+00:00', TRUE, '2026-04-05T18:47:07.251+00:00'),
('981d24dc-adab-4127-8e22-ee0328ab3502', 'bfcdaa09-4a36-48ba-9330-8c49cc1c1ef7', 'd166cc6c-8c9b-49fa-97b0-8ce299c91a7f', 6.113, '2026-04-07T14:34:56.295543+00:00', TRUE, '2026-04-07T14:35:45.979+00:00'),
('89db602b-a3a8-4d9e-a0e9-e6d3e25112f5', '91da6ed0-f0f5-492f-a5aa-8c045f7df2f5', '8cf13685-8ea4-4b35-86b3-2c4e2d0421d2', 1.057, '2026-04-27T07:32:52.303529+00:00', TRUE, '2026-04-27T07:33:55.067+00:00'),
('106aea5d-23cd-4fc0-9982-6ff898fa3447', '91da6ed0-f0f5-492f-a5aa-8c045f7df2f5', 'a2471c46-3593-44d2-b1d6-3a9f1bf644eb', 1.057, '2026-04-27T07:33:02.807402+00:00', TRUE, '2026-04-27T07:33:55.067+00:00'),
('b6f11186-3b5b-4298-8528-4cd03da64f58', '1ad3b2f0-81ac-4b47-a38f-16b1fa83b53f', '3a88a90e-7657-48c6-81a1-7e2e2bcb4553', 0.911, '2026-04-27T09:23:54.856238+00:00', TRUE, '2026-04-27T09:24:29.674+00:00'),
('bcaf11a6-994c-4624-a4a2-f842f8c36771', '1ad3b2f0-81ac-4b47-a38f-16b1fa83b53f', 'f1088930-a06f-4a08-8875-e8e7c6402d91', 0.911, '2026-04-27T09:24:06.749815+00:00', TRUE, '2026-04-27T09:24:29.674+00:00'),
('f3753bfa-6c7e-4545-a69d-13bf57f7efde', '1e7932bc-60a3-4fb7-966a-ccab096425a3', '0904bb5b-01cd-41e6-9477-cae5a539d371', 0.24, '2026-05-11T19:36:29.155055+00:00', TRUE, '2026-05-11T19:36:59.581+00:00'),
('ab235fe4-8dec-46b6-b386-4392790dc258', '1e7932bc-60a3-4fb7-966a-ccab096425a3', 'a0a09f66-4b55-4f2a-9fe4-7a170570dbd2', 0.24, '2026-05-11T19:36:36.023476+00:00', TRUE, '2026-05-11T19:36:59.581+00:00')
ON CONFLICT DO NOTHING;

-- DATA: public.customer_representatives (1 rows)
INSERT INTO public."customer_representatives" ("id", "first_name", "last_name", "tc_no", "phone", "email", "position", "is_active", "created_at", "updated_at", "dealer_code", "user_code", "password") VALUES
('44f519b4-5ecc-47ff-8541-efdfec521d3c', 'ARTPAR', 'MERKEZ', '00000000000', '0532 597 06 64', 'qwerty@dsadksad.com', 'SATIŞ MÜDÜRÜ', TRUE, '2026-03-29T20:53:26.687679+00:00', '2026-04-15T20:48:26.813727+00:00', 'SATIS-34', 'SATIS', 'SATIS321!')
ON CONFLICT DO NOTHING;

-- DATA: public.invoices (18 rows)
INSERT INTO public."invoices" ("id", "company_id", "order_id", "invoice_number", "status", "issue_date", "due_date", "subtotal", "tax_percent", "tax_amount", "total_amount", "paid_amount", "note", "created_at", "oem_nos") VALUES
('54ca9f61-38d4-4a6a-bbd6-c825e4a4a3b8', 'e9423a1f-1f3a-4ca1-acba-7d88a2c2a8d2', NULL, 'CH-1774287335736', 'unpaid', '2026-03-23', '2026-03-02', 0, 0, 0, 0, 0, '{"desc":"02 TEMMUZ 2026 FATURA","url":"https://pub-56f4ab060d934f85a7d1fec80dd03ee2.r2.dev/invoices_1774287335665-om02026000000019.pdf"}', '2026-03-23T17:35:36.66701+00:00', ''),
('a5e58484-ddb8-40de-b172-1a1b8730c1c3', 'e9423a1f-1f3a-4ca1-acba-7d88a2c2a8d2', NULL, 'CH-1774287363225', 'unpaid', '2026-03-23', '2026-03-03', 0, 0, 0, 0, 0, '{"desc":"03 MART 2026 FATURA","url":"https://pub-56f4ab060d934f85a7d1fec80dd03ee2.r2.dev/invoices_1774287363407-om02026000000021.pdf"}', '2026-03-23T17:36:04.024091+00:00', ''),
('63d9a04d-5d68-43ef-8db5-779efcc8582d', 'e9423a1f-1f3a-4ca1-acba-7d88a2c2a8d2', NULL, 'CH-1774287398434', 'unpaid', '2026-03-23', '2026-03-04', 0, 0, 0, 0, 0, '{"desc":"04 MART 2026 FATURA","url":"https://pub-56f4ab060d934f85a7d1fec80dd03ee2.r2.dev/invoices_1774287398404-om02026000000022.pdf"}', '2026-03-23T17:36:39.270301+00:00', ''),
('c1c026f8-f9b0-4749-9925-76a2e9e7f47e', '21d36240-e51f-4504-bc78-e44933cc1691', NULL, 'CH-1774650772028', 'unpaid', '2026-03-27', '2026-03-27', 5656565, 0, 0, 5656565, 0, '{"desc":"adada","url":""}', '2026-03-27T22:32:52.686669+00:00', ''),
('a2c1cc09-5765-4f43-9db8-576f0bfbda6d', 'e9423a1f-1f3a-4ca1-acba-7d88a2c2a8d2', NULL, 'CH-1775597255148', 'unpaid', '2026-04-07', '2026-04-06', 0, 0, 0, 0, 0, '{"desc":"OM02026000000028 KARGO OLAN FATURA","url":"https://pub-56f4ab060d934f85a7d1fec80dd03ee2.r2.dev/invoices_1775597254452-om02026000000028.pdf"}', '2026-04-07T21:27:35.270297+00:00', ''),
('b5035a42-0a4b-492b-bde6-531bed08f739', 'bfcdaa09-4a36-48ba-9330-8c49cc1c1ef7', NULL, 'CH-1775597291910', 'unpaid', '2026-04-07', '2026-04-07', 0, 0, 0, 0, 0, '{"desc":"OM02026000000030","url":"https://pub-56f4ab060d934f85a7d1fec80dd03ee2.r2.dev/invoices_1775597291285-om02026000000030.pdf"}', '2026-04-07T21:28:11.968196+00:00', ''),
('751c6343-25da-40a0-ad47-2cb9b07967ce', 'c0fc11cf-808c-4b2e-87fb-b9cf6d5f05ea', NULL, 'CH-1775597410911', 'unpaid', '2026-04-07', '2026-04-02', 0, 0, 0, 0, 0, '{"desc":"OG02026000000015","url":"https://pub-56f4ab060d934f85a7d1fec80dd03ee2.r2.dev/invoices_1775597410290-og02026000000015.pdf"}', '2026-04-07T21:30:10.976813+00:00', ''),
('7bec0b17-b424-4b11-9514-536818346937', '1a05fe7d-fcb2-44c0-8d2d-bfc41f522a70', NULL, 'CH-1775597445106', 'unpaid', '2026-04-07', '2026-04-03', 0, 0, 0, 0, 0, '{"desc":"OG02026000000016","url":"https://pub-56f4ab060d934f85a7d1fec80dd03ee2.r2.dev/invoices_1775597444400-og02026000000016.pdf"}', '2026-04-07T21:30:45.163591+00:00', ''),
('c92100ef-511d-4520-b852-c6a1dc46a692', '4684a203-e68d-4094-8480-1253e5999e1e', NULL, 'CH-1775597556676', 'unpaid', '2026-04-07', '2026-04-02', 0, 0, 0, 0, 0, '{"desc":"OM02026000000027","url":"https://pub-56f4ab060d934f85a7d1fec80dd03ee2.r2.dev/invoices_1775597556052-om02026000000027.pdf"}', '2026-04-07T21:32:36.926904+00:00', ''),
('e0b6287a-6ed9-495e-a2b1-6cb68267d3c5', 'aeab2850-86c5-41ef-9c56-d0509ec4686b', NULL, 'CH-1775598119734', 'unpaid', '2026-04-07', '2026-04-08', 0, 0, 0, 0, 0, '{"desc":"OM02026000000031","url":"https://pub-56f4ab060d934f85a7d1fec80dd03ee2.r2.dev/invoices_1775598117634-om02026000000031.pdf"}', '2026-04-07T21:41:59.748617+00:00', ''),
('4c2be080-adb2-41f7-aea7-63fab2a6002d', 'c0fc11cf-808c-4b2e-87fb-b9cf6d5f05ea', NULL, 'CH-1776108761606', 'unpaid', '2026-04-13', '2026-04-13', 0, 0, 0, 0, 0, '{"desc":"OG02026000000018 - İSTANBULDAN MARDİN YÖNLENDİRME","url":"https://pub-56f4ab060d934f85a7d1fec80dd03ee2.r2.dev/invoices_1776108760035-og02026000000018.pdf"}', '2026-04-13T19:32:41.571862+00:00', ''),
('88d0e044-96e7-4e89-97d3-4195eea8d5bc', '8297e8fd-a34e-437d-be8c-65228a4a2f5b', NULL, 'CH-1776197295740', 'unpaid', '2026-04-14', '2026-04-14', 0, 0, 0, 0, 0, '{"desc":"OG02026000000019","url":"https://cdn.artpar.com/invoices/1776197294664-og02026000000019.pdf"}', '2026-04-14T20:08:15.826456+00:00', ''),
('239e2cca-74f5-4e1e-9872-93e0a52d8359', '1e7932bc-60a3-4fb7-966a-ccab096425a3', NULL, 'CH-1776372100674', 'unpaid', '2026-04-16', '2026-04-15', 0, 0, 0, 0, 0, '{"desc":"OG02026000000021 ","url":"https://cdn.artpar.com/invoices/1776372100105-og02026000000021.pdf"}', '2026-04-16T20:41:40.830934+00:00', ''),
('d7a1e209-841a-4029-a84d-aa3d67ca387e', '1e7932bc-60a3-4fb7-966a-ccab096425a3', NULL, 'CH-1776372115789', 'unpaid', '2026-04-16', '2026-04-16', 0, 0, 0, 0, 0, '{"desc":"OG02026000000022","url":"https://cdn.artpar.com/invoices/1776372115189-og02026000000022.pdf"}', '2026-04-16T20:41:55.822718+00:00', ''),
('0bc345f7-678f-4a01-b496-48fbca5a26ac', '3b51acf0-9ae2-4d73-8800-b49bb6d8a789', NULL, 'CH-1776372153115', 'unpaid', '2026-04-16', '2026-04-15', 0, 0, 0, 0, 0, '{"desc":"OG02026000000020","url":"https://cdn.artpar.com/invoices/1776372152568-og02026000000020.pdf"}', '2026-04-16T20:42:33.251177+00:00', ''),
('ac5229f6-ff18-4ce9-84ce-11c4e91a7f98', 'a9be0dc6-62e0-416a-8c43-30d2213ba023', NULL, 'CH-1777321919387', 'unpaid', '2026-04-27', '2026-04-24', 0, 0, 0, 0, 0, '{"desc":"OG02026000000023","url":"https://cdn.artpar.com/invoices/1777321918476-og02026000000023.pdf"}', '2026-04-27T20:31:59.508982+00:00', ''),
('103ae1c8-9e1b-401e-b743-84bfdc23af0d', '1ad3b2f0-81ac-4b47-a38f-16b1fa83b53f', NULL, 'CH-1777321949130', 'unpaid', '2026-04-27', '2026-04-27', 0, 0, 0, 0, 0, '{"desc":"OG02026000000024","url":"https://cdn.artpar.com/invoices/1777321948581-og02026000000024.pdf"}', '2026-04-27T20:32:29.272628+00:00', ''),
('4bf7dffd-377a-491c-8522-1043d6cf4fa0', '91da6ed0-f0f5-492f-a5aa-8c045f7df2f5', NULL, 'CH-1777322069298', 'unpaid', '2026-04-27', '2026-04-27', 0, 0, 0, 0, 0, '{"desc":"OG02026000000025","url":"https://cdn.artpar.com/invoices/1777322068705-og02026000000025.pdf"}', '2026-04-27T20:34:29.321252+00:00', '')
ON CONFLICT DO NOTHING;

-- DATA: public.order_items (89 rows)
INSERT INTO public."order_items" ("id", "order_id", "product_id", "quantity", "unit_price", "total_price", "shipping_company", "tracking_number", "shipping_origin") VALUES
('be4e5865-48db-402b-a192-8c909fba277d', '8d805ba5-5781-4403-8773-d7f632ced676', 'daab0f8e-6fee-4eb3-b83c-bd6f44be8287', 1, 1, 1, NULL, NULL, NULL),
('24d8f822-fe0f-45c6-8583-c4cee9320da0', '17386201-a7a5-4e72-a9a7-d05dc1a7bf99', 'daab0f8e-6fee-4eb3-b83c-bd6f44be8287', 1, 1, 1, NULL, NULL, NULL),
('05bbbc90-a1ed-4606-ad13-969c1f3d100b', '0505736c-da79-460c-b56c-a98c60405166', 'daab0f8e-6fee-4eb3-b83c-bd6f44be8287', 1, 1, 1, NULL, NULL, NULL),
('d16a1eab-d22d-47b5-8340-038ff90e683f', '92681ee7-b7fa-4bba-8a69-09a5fb318e58', 'daab0f8e-6fee-4eb3-b83c-bd6f44be8287', 1, 1, 1, NULL, NULL, NULL),
('70bb13ee-cfec-4c99-b0f3-bcaa007bf48f', '71af9af4-26ce-435c-a574-05beb2eaf95a', '09d8c6fd-7dfa-4be9-bee4-53133148c9f5', 1, 4287.56, 4287.56, NULL, NULL, NULL),
('fb635b2e-9f43-46a1-8d1f-a0b10a71c117', '71af9af4-26ce-435c-a574-05beb2eaf95a', '938acaa5-62ba-4048-a27f-641cf05b3499', 1, 2622.68, 2622.68, NULL, NULL, NULL),
('d7141b2d-6f9d-4d0c-ab5a-8e312b42e9eb', '10cc0317-1344-413c-9bc1-a2101ff0b852', 'daab0f8e-6fee-4eb3-b83c-bd6f44be8287', 1, 1, 1, NULL, NULL, NULL),
('e674a3e0-c429-4f16-b92e-2b806888f257', 'b1f878b3-ffa3-4f75-9c30-82ff39a7c09e', '16f118a4-4e72-44c2-9122-62275c0147e0', 1, 1927.93, 1927.93, NULL, NULL, NULL),
('12b2fe54-1768-4e60-a598-2bd3e192f604', 'b1f878b3-ffa3-4f75-9c30-82ff39a7c09e', 'fe366320-cba5-4c69-986b-59f7e3e6159a', 1, 8534.03, 8534.03, NULL, NULL, NULL),
('538040fe-0bc0-4c9e-a7e9-40eac1623d14', 'b1f878b3-ffa3-4f75-9c30-82ff39a7c09e', 'd314e3c9-4edb-4cc6-99fb-b4db3824636c', 1, 826.92, 826.92, NULL, NULL, NULL),
('13bb3c49-b024-4d8d-9405-a7e2cb847063', 'b1f878b3-ffa3-4f75-9c30-82ff39a7c09e', '1eb004a6-8d6d-47ea-a512-67be2d90eda9', 1, 826.92, 826.92, NULL, NULL, NULL),
('fcc5b0a6-083a-43eb-b1d5-52e8fff4b73b', 'b1f878b3-ffa3-4f75-9c30-82ff39a7c09e', 'eb38da68-81b3-4061-bea8-9ddd652d4192', 1, 778.24, 778.24, NULL, NULL, NULL),
('eff914e0-b437-4e99-ad80-17082198bf6f', '03f7b7ad-3239-4830-893a-7a9d84170fdc', 'daab0f8e-6fee-4eb3-b83c-bd6f44be8287', 1, 1, 1, NULL, NULL, NULL),
('a010d31f-e7a9-486a-b3d0-31c3c90fd371', 'd7b3465e-bb4d-4765-a711-307152f520d7', '44f5dd46-c78f-4baa-8d81-c03c8fdef1db', 1, 4701.65, 4701.65, NULL, NULL, NULL),
('7c5e84fa-60ac-4b01-b89b-88db816cdec1', '64a9cdd8-809d-4223-9da5-04656f562573', 'daab0f8e-6fee-4eb3-b83c-bd6f44be8287', 1, 1.26, 1.26, NULL, NULL, NULL),
('c370f2f7-e5ab-40b1-9045-ed222913f53e', 'cd7a9d83-9a68-4ec4-bfe3-e6475b5f87d8', 'a0a09f66-4b55-4f2a-9fe4-7a170570dbd2', 1, 5499.8918415, 5499.8918415, NULL, NULL, NULL),
('e1dcc977-f16e-4d2a-b8d9-3b29b64659a0', 'cd7a9d83-9a68-4ec4-bfe3-e6475b5f87d8', '0904bb5b-01cd-41e6-9477-cae5a539d371', 1, 5499.8918415, 5499.8918415, NULL, NULL, NULL),
('b7b9b882-7f57-4f9a-aa73-5ff124821c2f', 'c7d04b93-a307-4b7d-b579-0cde0ab29797', 'a0a09f66-4b55-4f2a-9fe4-7a170570dbd2', 1, 5952.824110800001, 5952.824110800001, NULL, NULL, NULL),
('1b66d722-d83e-4a77-bb64-2873b1d9ad4a', '32ab6ed8-a8b1-4cb1-972b-86420319c5e4', 'a0a09f66-4b55-4f2a-9fe4-7a170570dbd2', 1, 5952.824110800001, 5952.824110800001, NULL, NULL, NULL),
('d32afad3-ca2b-41b1-9101-242f29d9be5b', '810921e6-d5cb-4668-9086-758782fc92e1', 'daab0f8e-6fee-4eb3-b83c-bd6f44be8287', 1, 1.16, 1.16, NULL, NULL, NULL),
('104e8a1c-d4ca-4a3e-a309-c61f3493c2e0', 'dac200c4-b62d-4838-8287-366a59835645', 'daab0f8e-6fee-4eb3-b83c-bd6f44be8287', 1, 1.16, 1.16, NULL, NULL, NULL),
('1e5e6d5a-f920-41dd-b3d1-468687123448', '5498bf4f-425e-43f6-82fa-e268d0a7933a', 'daab0f8e-6fee-4eb3-b83c-bd6f44be8287', 1, 1.1, 1.1, NULL, NULL, NULL),
('c14631ba-d429-4a64-b47b-2b6d53dee600', 'df461307-26f3-4e0c-9a18-5142eca57581', 'daab0f8e-6fee-4eb3-b83c-bd6f44be8287', 1, 1.13, 1.13, NULL, NULL, NULL),
('9a242edc-c8a4-423d-9084-d96a01b0008b', 'c23b72be-a003-4990-8c4c-3b5927cbf3c3', 'daab0f8e-6fee-4eb3-b83c-bd6f44be8287', 1, 1.13, 1.13, NULL, NULL, NULL),
('88541b90-351c-4584-89a8-fcb7d5e896bc', 'e0bf9db1-67ef-40a4-9ed9-7999d7a864a2', 'daab0f8e-6fee-4eb3-b83c-bd6f44be8287', 3, 1.13, 3.4, NULL, NULL, NULL),
('629b6e58-a65c-4857-a0ed-9e06da306c78', '711d05a6-dbb5-47be-85df-2bdcc0f80253', 'daab0f8e-6fee-4eb3-b83c-bd6f44be8287', 1, 1.13, 1.13, NULL, NULL, NULL),
('6363a3d4-d264-4551-b01b-4c700552a5b6', '711d05a6-dbb5-47be-85df-2bdcc0f80253', '60c02a17-50a1-4717-a6aa-1c4a6d451deb', 1, 2403.41, 2403.41, NULL, NULL, NULL),
('20b6ddfe-bb5c-4784-9d24-d690812531bc', 'd4446e4f-2539-436b-a391-e2e5ff1738fd', 'daab0f8e-6fee-4eb3-b83c-bd6f44be8287', 1, 1.11, 1.11, NULL, NULL, NULL),
('61ff3d24-9c36-4975-9f3f-e16f622b920c', 'f96a6f29-a04a-4dae-94e3-59f472c2b150', 'daab0f8e-6fee-4eb3-b83c-bd6f44be8287', 1, 1.11, 1.11, NULL, NULL, NULL),
('fb47c06e-3971-4677-9cad-97645122aeae', '68b6db90-8251-414c-8bf5-6366e47ce8a9', 'daab0f8e-6fee-4eb3-b83c-bd6f44be8287', 1, 1.08, 1.08, NULL, NULL, NULL),
('dfb2261e-d31a-4810-bffb-1e9a2c79dc82', 'fb08c19d-c997-4544-aeef-4c151c5b4b63', '0904bb5b-01cd-41e6-9477-cae5a539d371', 1, 5673.61, 5673.61, NULL, NULL, NULL),
('09e9615c-98f1-49c9-a0da-3e791505ce40', '52219ba0-0cba-4290-b057-87dba21812cb', 'a0a09f66-4b55-4f2a-9fe4-7a170570dbd2', 1, 5840.48, 5840.48, NULL, NULL, NULL),
('0415832c-202a-4e7c-9bb2-0b82feecd250', '52219ba0-0cba-4290-b057-87dba21812cb', '0904bb5b-01cd-41e6-9477-cae5a539d371', 1, 5840.48, 5840.48, NULL, NULL, NULL),
('e0430875-c6f7-482f-8ed0-f1349cce4285', 'd08b360f-bbf4-4a42-ba5f-c20a9f26e0bb', 'daab0f8e-6fee-4eb3-b83c-bd6f44be8287', 1, 1.13, 1.13, NULL, NULL, NULL),
('9f93f840-7d62-4268-a487-2461d33f877a', 'ccace284-7946-459b-9a6d-6edfabf69507', 'daab0f8e-6fee-4eb3-b83c-bd6f44be8287', 1, 1.02, 1.02, NULL, NULL, NULL),
('85fe56f1-fcef-493c-901a-e5c5542c9fff', 'b381a4c1-f937-47cf-9390-50aba7af5f95', '4962a8ca-a128-4884-b9c3-a99fbdf2738d', 1, 1.26, 1.26, 'ADADA', 'DADADS', 'İstanbul'),
('b16bcf8f-3100-4c3e-8184-cc86999aa1a2', 'eb01f7af-4377-4727-84fc-49079c1694c9', 'daab0f8e-6fee-4eb3-b83c-bd6f44be8287', 1, 1, 1, NULL, NULL, NULL),
('1ddce015-46ab-4afb-a376-f20b21ef11e0', '97c12f9a-0cf5-40ec-a3e9-c81cbbaab727', 'daab0f8e-6fee-4eb3-b83c-bd6f44be8287', 1, 1.1333333333333335, 1.1333333333333335, NULL, NULL, NULL),
('32c851de-dceb-4cf2-aaf5-9ea95b5d8756', '1d44af1f-8518-4cb1-a8ac-9e7d14ab29c5', '4962a8ca-a128-4884-b9c3-a99fbdf2738d', 1, 1.4, 1.4, NULL, NULL, NULL),
('2e2c53ec-9462-4f6d-a905-dfe7fbaeb4a0', 'ce59525d-73d0-4c9e-aa47-d03d18cc018c', '4962a8ca-a128-4884-b9c3-a99fbdf2738d', 1, 1.26, 1.26, NULL, NULL, NULL),
('74aed346-9263-42e6-b3c1-e1b86bde4b6a', '4773cc98-ca4e-40e1-8164-6524645d672e', 'dbc317d2-fafc-4b6b-aee9-4466a39d9f96', 1, 5853.93, 5853.93, '', '', 'İstanbul'),
('44f71b74-69a0-4fb4-9b71-632607299f53', 'e036cd9d-7489-40cc-b08c-bc66b6d0e32b', '0904bb5b-01cd-41e6-9477-cae5a539d371', 1, 5839.17, 5839.17, '', '', 'İstanbul'),
('110d0296-1048-480a-a243-dc7c06f85714', 'e036cd9d-7489-40cc-b08c-bc66b6d0e32b', 'a0a09f66-4b55-4f2a-9fe4-7a170570dbd2', 1, 5839.17, 5839.17, '', '', 'İstanbul'),
('c8dfb7fe-8c88-4841-9cb9-82631c0a80ea', '701cd7a1-ad9a-415d-ae17-d489891226c9', 'daab0f8e-6fee-4eb3-b83c-bd6f44be8287', 1, 1.1250000000000002, 1.1250000000000002, NULL, NULL, NULL),
('8a70efab-00a3-4f54-9149-1d93ce8ef157', 'da5127f0-ee0d-4d2f-a9df-b9a0fa6d756e', '0904bb5b-01cd-41e6-9477-cae5a539d371', 1, 5839.17, 5839.17, '', '', 'İstanbul'),
('a0af8521-7efa-4e93-aa43-3c6ac6f484bd', 'da5127f0-ee0d-4d2f-a9df-b9a0fa6d756e', 'a0a09f66-4b55-4f2a-9fe4-7a170570dbd2', 1, 5839.17, 5839.17, '', '', 'İstanbul'),
('3c0970f9-d89f-4c54-b50a-ecc9c740c78d', 'b1b334e2-bdbf-4fdb-ac9b-dbac72a8f8dd', '3e5277e8-7f46-4f0c-b320-7ce561fc99ef', 1, 2446.37, 2446.37, '', '', 'İstanbul'),
('943e807a-7873-487d-89d8-c1d68d1d643a', 'b1b334e2-bdbf-4fdb-ac9b-dbac72a8f8dd', '9d0d1a52-6b4c-492c-b692-d72eb8964577', 1, 2446.37, 2446.37, '', '', 'İstanbul'),
('03fb36fb-a13c-472b-9487-89c9e597fe44', 'afbbaab6-ea5d-4990-b75d-42317a84a8af', 'daab0f8e-6fee-4eb3-b83c-bd6f44be8287', 1, 1.13, 1.13, NULL, NULL, NULL),
('3ae11414-da40-4d68-9270-c09c4fff88dd', 'fc102726-ddf7-47bc-abe0-0313d4469a6e', 'd166cc6c-8c9b-49fa-97b0-8ce299c91a7f', 50, 117.19, 5859.32, 'ARAS KARGO', '6047201574828', 'İstanbul'),
('8e3ba144-3a83-4d12-b57c-ffa046ff1e57', '96578d68-e4ad-4d0e-bd00-9eb3fed3bc5c', '0904bb5b-01cd-41e6-9477-cae5a539d371', 1, 5844.42, 5844.42, NULL, NULL, NULL),
('cdfe89aa-7b7b-4f58-b10c-5ea8fe789c96', '2fad05ce-3442-4191-b8b7-6ab9ebc09198', 'daab0f8e-6fee-4eb3-b83c-bd6f44be8287', 1, 1.13, 1.13, NULL, NULL, NULL),
('2d7e61f3-8694-46e9-8304-1045709b7915', '1b0cd4f3-6d0b-4181-a7cc-7d73ceb18312', 'daab0f8e-6fee-4eb3-b83c-bd6f44be8287', 1, 1.13, 1.13, NULL, NULL, NULL),
('56134b16-18d1-4092-ab61-b66ff17ba8cc', 'b20d1441-fd49-4d9f-ae22-c35729322f21', 'daab0f8e-6fee-4eb3-b83c-bd6f44be8287', 1, 1.13, 1.13, NULL, NULL, NULL),
('8cc9058b-fb1d-474a-8c13-a0f1e138ae78', '95412284-1334-4b26-9043-4f66a3d78d39', 'daab0f8e-6fee-4eb3-b83c-bd6f44be8287', 6, 1.13, 6.8, NULL, NULL, NULL),
('81f479cf-270e-49d4-8e87-360e6d7ddbed', '55600a62-a837-4ff9-bcaa-c76d5741005f', 'f6037302-e87f-4d4f-824c-26099172da1f', 1, 3033, 3033, '', '', 'İstanbul'),
('4518610f-c439-4c85-bcac-2e5ccf01e5f6', '55600a62-a837-4ff9-bcaa-c76d5741005f', '447047d0-6c21-409c-a7cc-86b92e28281d', 2, 3033, 6065.99, '', '', 'İstanbul'),
('370ec2ad-1189-4080-a613-b30464fe988b', '725dcdb9-602e-45e3-83a2-3c6a1f162e5b', 'fbbc6d85-e505-4dee-bf2a-801fab4d34f8', 1, 8822.7, 8822.7, 'DHL', '953519560056', 'İstanbul'),
('143acb95-90b1-486b-88f7-49540aa26a98', '725dcdb9-602e-45e3-83a2-3c6a1f162e5b', '989540b8-e2b1-4048-9539-93cf369ccc23', 1, 8822.7, 8822.7, 'DHL', '953519560056', 'İstanbul'),
('02db5d27-31f7-41af-9c9e-ab3fca716445', '5de0d7ed-34bc-4af2-a8bd-d4f4810649bf', '4962a8ca-a128-4884-b9c3-a99fbdf2738d', 1, 1.4, 1.4, NULL, NULL, NULL),
('63093ad1-e505-43ce-9306-4385bc8a53ac', '08120a11-1b31-4275-b01b-28da2f827ee4', '4962a8ca-a128-4884-b9c3-a99fbdf2738d', 1, 1.4, 1.4, 'a', 'a', 'İstanbul'),
('83a69cf2-9fb9-4415-ac07-3949b1320d3a', '2cb18cdc-3f1e-4ffa-807f-f2d233d29c6c', '4962a8ca-a128-4884-b9c3-a99fbdf2738d', 1, 1.4, 1.4, NULL, NULL, NULL),
('87025ca5-8b89-4f2e-b674-47862c0115cc', '7ced1f7f-9994-4d42-bcf6-fb4fc31d1e44', '4962a8ca-a128-4884-b9c3-a99fbdf2738d', 1, 1.4, 1.4, NULL, NULL, NULL),
('52e49f96-0ed0-46c4-b0d6-f1d24b6251f5', '5b73700a-9a0c-4942-a990-aba0ff8ffcf4', '4962a8ca-a128-4884-b9c3-a99fbdf2738d', 1, 1.26, 1.26, 'a', 'a', 'İstanbul'),
('5a448f8f-1197-4fde-a903-908e8705d277', 'cde260b9-00b2-41c3-a239-71268f9be042', '4962a8ca-a128-4884-b9c3-a99fbdf2738d', 1, 1.4, 1.4, NULL, NULL, NULL),
('232ae9c9-39e0-4c5d-b9c4-b8bfb261432e', '4f3f7cb9-8a7b-4f9b-b742-331fce9a3d05', 'd166cc6c-8c9b-49fa-97b0-8ce299c91a7f', 50, 110.95, 5547.48, '-', '-', 'İstanbul'),
('254dc2f0-1258-46ed-935a-cec54e8fa7a5', '5f14bdc8-a16a-4312-a005-30e5a2514a7a', 'a0a09f66-4b55-4f2a-9fe4-7a170570dbd2', 2, 5530.89, 11061.79, '', '', 'İstanbul'),
('4c168007-e56b-4a01-abee-2540c092180a', '18f112df-7e68-48e2-b505-dc9bbeb17429', '0f4e7a96-95e0-427f-a75d-f50738ceb631', 1, 5416.64, 5416.64, '', '', 'İstanbul'),
('bc7e0ae9-9844-47de-bfb4-0439d5e068ca', '39c0b5ee-beb3-43e0-8802-840098b41faa', 'c3115d6f-cf49-4800-a08e-b87f29b4e921', 1, 3133.6, 3133.6, '-', '-', 'Depo'),
('e0eaa5d4-bac2-449a-899e-16fcf57a1fe7', '4bd84971-e9f0-43b2-a2f0-f3f7c123ae76', 'a0a09f66-4b55-4f2a-9fe4-7a170570dbd2', 1, 5547.02, 5547.02, 'ARAS KARGO', '6050028640066', 'İstanbul'),
('e64a9d4b-0f63-4f94-9396-1aac1268ce0d', '50a74a72-ac07-4265-8e2a-7485752a87b7', 'daab0f8e-6fee-4eb3-b83c-bd6f44be8287', 1, 1.13, 1.13, NULL, NULL, NULL),
('81ed2c98-a51e-428d-b93a-8a94e730d385', '90d89c8c-9f19-48fc-992a-6a86bdb25e84', 'daab0f8e-6fee-4eb3-b83c-bd6f44be8287', 1, 1.13, 1.13, NULL, NULL, NULL),
('24e56746-a014-42e0-b1f5-4ce9ba4c6c43', '0f5cefec-957f-4fed-b427-78261fb9b44f', '0904bb5b-01cd-41e6-9477-cae5a539d371', 1, 5550.74, 5550.74, '', '', 'İstanbul'),
('0a056bc2-c90b-4ebf-8cde-a60eaf7503d7', '0f5cefec-957f-4fed-b427-78261fb9b44f', 'a0a09f66-4b55-4f2a-9fe4-7a170570dbd2', 1, 5550.74, 5550.74, '', '', 'İstanbul'),
('804ad22c-be6a-4340-a828-38fc27064253', '04e51e1a-94af-46ba-a496-819bbadf475c', '35d10948-1d45-445a-b9fc-a07bad404080', 1, 986.18, 986.18, 'aras kargo', '---', 'Depo'),
('39cec231-c2bf-48fe-8f3e-7baffea6688e', 'a9976e70-19ce-4d26-82a9-fd8aa3939ef6', 'a2471c46-3593-44d2-b1d6-3a9f1bf644eb', 1, 4650.27, 4650.27, '', '', 'İstanbul'),
('445f55a1-4c6d-4276-8397-589af9138112', 'a9976e70-19ce-4d26-82a9-fd8aa3939ef6', '8cf13685-8ea4-4b35-86b3-2c4e2d0421d2', 1, 4650.27, 4650.27, '', '', 'İstanbul'),
('d64a572e-a4af-4fbd-8263-bba411cbf176', '7b5253e4-1144-4b5a-b3ef-4906c21b0de4', '3a88a90e-7657-48c6-81a1-7e2e2bcb4553', 1, 4205.12, 4205.12, '', '', 'Depo'),
('e76f339f-30f8-42e8-b633-e088e4834287', '7b5253e4-1144-4b5a-b3ef-4906c21b0de4', 'f1088930-a06f-4a08-8875-e8e7c6402d91', 1, 4205.12, 4205.12, '', '', 'İstanbul'),
('0408de1c-1074-4a86-9424-b778a3316b89', '6e19b4b7-6c5b-446d-a2d1-7d1e02fc05aa', 'daab0f8e-6fee-4eb3-b83c-bd6f44be8287', 1, 1.13, 1.13, NULL, NULL, NULL),
('96088bf4-bb0f-40ba-bca6-fe6c7a08e989', '1f45b6f2-d01a-440b-b38b-0a04e1a1ab77', '83679c6f-6a94-440e-9851-abc631e52469', 1, 1854.17, 1854.17, 'ARAS', '-', 'İstanbul'),
('7a81d275-061a-48a0-ba2e-53f3fde673e4', '1f45b6f2-d01a-440b-b38b-0a04e1a1ab77', 'c23601e2-ea18-4eeb-9fb2-5c676888cf3a', 1, 583.33, 583.33, 'ARAS ', '-', 'İstanbul'),
('f59f71fd-445f-49ec-b74a-6e27a6707eff', '1f45b6f2-d01a-440b-b38b-0a04e1a1ab77', '94644002-b2ca-49b4-8d71-2f7ea6bcbc1c', 1, 583.33, 583.33, 'ARAS ', '-', 'İstanbul'),
('60468384-78c0-44a6-9442-775f95861822', 'e33c23f2-d854-4af3-b47c-d43163e6e55d', '175cf02d-8e73-4815-ac76-7dab869881d8', 10, 1666.67, 16666.67, 'ARAS KARGO', '-', 'Depo'),
('c8de0dbf-96bb-4816-8c9f-04a673aaf558', 'e33c23f2-d854-4af3-b47c-d43163e6e55d', 'f26872ec-6c56-43d9-87a8-2a0de94a1619', 10, 1666.67, 16666.67, 'ARAS KARGO', '-', 'Depo'),
('abe49626-3d16-40c6-aa45-ce8656b8563c', 'aba4ab71-9451-4921-9819-6d0be71edb9f', '0904bb5b-01cd-41e6-9477-cae5a539d371', 2, 5627.62, 11255.25, 'NAKLİYE', 'NAKLİYE', 'İstanbul'),
('f15f1dec-564a-4e05-8b8e-148d7825eb6c', 'aba4ab71-9451-4921-9819-6d0be71edb9f', 'a0a09f66-4b55-4f2a-9fe4-7a170570dbd2', 2, 5627.62, 11255.25, 'NAKLİYE', 'NAKLİYE', 'İstanbul'),
('3e53bd74-3502-4759-bac3-4d9ce79f98b0', '38570d8b-497b-41a9-a411-07b7d741ecbe', 'daab0f8e-6fee-4eb3-b83c-bd6f44be8287', 1, 416.67, 416.67, NULL, NULL, NULL),
('06a28412-b362-4efe-8ab8-f21292f1c72d', 'bebcabac-8e92-43e5-b2cc-b2ddadfe49a3', '5a4dd51d-a36e-40e2-a04a-c1bd3c868150', 1, 6326.51, 6326.51, NULL, NULL, NULL)
ON CONFLICT DO NOTHING;

-- DATA: public.orders (69 rows)
INSERT INTO public."orders" ("id", "company_id", "status", "shipping_address", "note", "total_amount", "created_at", "updated_at", "shipping_company", "tracking_number", "shipping_origin", "is_stock_reduced") VALUES
('810921e6-d5cb-4668-9086-758782fc92e1', '21d36240-e51f-4504-bc78-e44933cc1691', 'pending', 'Sistem Kayıtlı Firma Adresi', '[Kargo] ', 1.39104, '2026-03-26T08:59:35.581802+00:00', '2026-03-26T08:59:35.581802+00:00', NULL, NULL, NULL, FALSE),
('dac200c4-b62d-4838-8287-366a59835645', '21d36240-e51f-4504-bc78-e44933cc1691', 'pending', 'Sistem Kayıtlı Firma Adresi', '[Kargo] ', 1.39104, '2026-03-26T09:11:16.414883+00:00', '2026-03-26T09:11:16.414883+00:00', NULL, NULL, NULL, FALSE),
('5498bf4f-425e-43f6-82fa-e268d0a7933a', '21d36240-e51f-4504-bc78-e44933cc1691', 'pending', 'Sistem Kayıtlı Firma Adresi', '[Kargo] ', 1.32192, '2026-03-26T11:10:51.07548+00:00', '2026-03-26T11:10:51.07548+00:00', NULL, NULL, NULL, FALSE),
('df461307-26f3-4e0c-9a18-5142eca57581', '21d36240-e51f-4504-bc78-e44933cc1691', 'pending', 'Sistem Kayıtlı Firma Adresi', '[Kargo] ', 1.3608000000000002, '2026-03-26T11:11:03.560382+00:00', '2026-03-26T11:11:03.560382+00:00', NULL, NULL, NULL, FALSE),
('da5127f0-ee0d-4d2f-a9df-b9a0fa6d756e', '1e7932bc-60a3-4fb7-966a-ccab096425a3', 'delivered', 'Sistem Kayıtlı Firma Adresi', '[Kargo] ', 14000.011828265746, '2026-04-02T09:18:42.949502+00:00', '2026-04-02T20:06:04.179+00:00', NULL, NULL, NULL, TRUE),
('4773cc98-ca4e-40e1-8164-6524645d672e', 'c0fc11cf-808c-4b2e-87fb-b9cf6d5f05ea', 'delivered', 'Sistem Kayıtlı Firma Adresi', '[Kargo] ', 6595.509194132879, '2026-04-02T09:08:10.777144+00:00', '2026-04-02T20:06:41.372+00:00', NULL, NULL, NULL, TRUE),
('b1b334e2-bdbf-4fdb-ac9b-dbac72a8f8dd', '4684a203-e68d-4094-8480-1253e5999e1e', 'delivered', 'Sistem Kayıtlı Firma Adresi', '[Kargo] ', 5871.2780447999985, '2026-04-02T11:35:35.025421+00:00', '2026-04-02T20:06:52.21+00:00', NULL, NULL, NULL, TRUE),
('b1f878b3-ffa3-4f75-9c30-82ff39a7c09e', 'e9423a1f-1f3a-4ca1-acba-7d88a2c2a8d2', 'delivered', 'Sistem Kayıtlı Firma Adresi', '[Elden Teslim] ', 15472.85, '2026-03-23T17:25:40.038863+00:00', '2026-03-27T17:27:11.316+00:00', NULL, NULL, 'İstanbul', TRUE),
('92681ee7-b7fa-4bba-8a69-09a5fb318e58', '21d36240-e51f-4504-bc78-e44933cc1691', 'pending', 'Sistem Kayıtlı Firma Adresi', '[Kargo] ', 1.2, '2026-03-21T20:26:21.343626+00:00', '2026-03-21T20:26:21.343626+00:00', NULL, NULL, NULL, FALSE),
('c23b72be-a003-4990-8c4c-3b5927cbf3c3', '21d36240-e51f-4504-bc78-e44933cc1691', 'pending', 'Sistem Kayıtlı Firma Adresi', '[Kargo] ', 1.3608000000000002, '2026-03-27T18:37:30.489342+00:00', '2026-03-27T18:37:30.489342+00:00', NULL, NULL, NULL, FALSE),
('e0bf9db1-67ef-40a4-9ed9-7999d7a864a2', '21d36240-e51f-4504-bc78-e44933cc1691', 'pending', 'Sistem Kayıtlı Firma Adresi', '[Kargo] ', 4.0824, '2026-03-27T23:48:32.236787+00:00', '2026-03-27T23:48:32.236787+00:00', NULL, NULL, NULL, FALSE),
('8d805ba5-5781-4403-8773-d7f632ced676', '21d36240-e51f-4504-bc78-e44933cc1691', 'cancelled', 'Sistem Kayıtlı Firma Adresi', '[Kargo] ', 1.1999999999999997, '2026-03-21T09:39:13.415917+00:00', '2026-03-22T09:16:10.565+00:00', NULL, NULL, NULL, FALSE),
('17386201-a7a5-4e72-a9a7-d05dc1a7bf99', '21d36240-e51f-4504-bc78-e44933cc1691', 'cancelled', 'Sistem Kayıtlı Firma Adresi', '[Kargo] ', 1.2, '2026-03-21T16:29:39.892415+00:00', '2026-03-22T11:01:56.814+00:00', NULL, NULL, NULL, FALSE),
('0505736c-da79-460c-b56c-a98c60405166', '21d36240-e51f-4504-bc78-e44933cc1691', 'cancelled', 'Sistem Kayıtlı Firma Adresi', '[Kargo] ', 1.2, '2026-03-21T17:30:31.858332+00:00', '2026-03-22T12:56:10.898+00:00', NULL, NULL, NULL, FALSE),
('711d05a6-dbb5-47be-85df-2bdcc0f80253', '21d36240-e51f-4504-bc78-e44933cc1691', 'pending', 'Sistem Kayıtlı Firma Adresi', '[Kargo] ', 2885.4498456, '2026-03-27T23:50:50.568918+00:00', '2026-03-27T23:50:50.568918+00:00', NULL, NULL, NULL, FALSE),
('cd7a9d83-9a68-4ec4-bfe3-e6475b5f87d8', 'c0fc11cf-808c-4b2e-87fb-b9cf6d5f05ea', 'delivered', 'Sistem Kayıtlı Firma Adresi', '[Kargo] ', 13199.740419599999, '2026-03-25T19:04:18.937903+00:00', '2026-03-30T17:38:44.775+00:00', NULL, NULL, 'İstanbul', TRUE),
('d4446e4f-2539-436b-a391-e2e5ff1738fd', '21d36240-e51f-4504-bc78-e44933cc1691', 'pending', 'Sistem Kayıtlı Firma Adresi', '[Kargo] ', 1.33056, '2026-03-31T12:19:45.440717+00:00', '2026-03-31T12:19:45.440717+00:00', NULL, NULL, NULL, FALSE),
('f96a6f29-a04a-4dae-94e3-59f472c2b150', '21d36240-e51f-4504-bc78-e44933cc1691', 'pending', 'Sistem Kayıtlı Firma Adresi', '[Kargo] ', 1.33056, '2026-03-31T20:03:33.570686+00:00', '2026-03-31T20:03:33.570686+00:00', NULL, NULL, NULL, FALSE),
('68b6db90-8251-414c-8bf5-6366e47ce8a9', '21d36240-e51f-4504-bc78-e44933cc1691', 'pending', 'Sistem Kayıtlı Firma Adresi', '[Kargo] ', 1.2925440000000001, '2026-03-31T23:44:15.842381+00:00', '2026-03-31T23:44:15.842381+00:00', NULL, NULL, NULL, FALSE),
('fb08c19d-c997-4544-aeef-4c151c5b4b63', '475c37dd-713a-4a91-8ad3-eeee2c3b1bc3', 'cancelled', 'Sistem Kayıtlı Firma Adresi', '[Kargo] ', 6808.336395264, '2026-04-01T07:17:36.893104+00:00', '2026-04-01T07:17:54.854+00:00', NULL, NULL, NULL, FALSE),
('52219ba0-0cba-4290-b057-87dba21812cb', '475c37dd-713a-4a91-8ad3-eeee2c3b1bc3', 'pending', 'Sistem Kayıtlı Firma Adresi', '[Kargo] ', 14017.163166719998, '2026-04-01T08:31:15.681094+00:00', '2026-04-01T08:31:15.681094+00:00', NULL, NULL, NULL, FALSE),
('10cc0317-1344-413c-9bc1-a2101ff0b852', '21d36240-e51f-4504-bc78-e44933cc1691', 'shipped', 'Sistem Kayıtlı Firma Adresi', '[Kargo] ', 1.2, '2026-03-23T00:30:09.293652+00:00', '2026-03-23T00:32:01.651+00:00', NULL, NULL, 'Depo', TRUE),
('d08b360f-bbf4-4a42-ba5f-c20a9f26e0bb', '21d36240-e51f-4504-bc78-e44933cc1691', 'pending', 'Sistem Kayıtlı Firma Adresi', '[Kargo] ', 1.3608000000000002, '2026-04-01T22:23:08.226813+00:00', '2026-04-01T22:23:08.226813+00:00', NULL, NULL, NULL, FALSE),
('71af9af4-26ce-435c-a574-05beb2eaf95a', '21d36240-e51f-4504-bc78-e44933cc1691', 'cancelled', 'Sistem Kayıtlı Firma Adresi', '[Kargo] ', 8292.28, '2026-03-22T23:53:45.922604+00:00', '2026-03-23T08:39:51.626+00:00', NULL, NULL, 'İstanbul', TRUE),
('03f7b7ad-3239-4830-893a-7a9d84170fdc', '21d36240-e51f-4504-bc78-e44933cc1691', 'pending', 'Admin Tarafından Oluşturuldu', 'Yönetici Paneli Siparişi', 1.1999999999999997, '2026-03-23T22:21:29.686003+00:00', '2026-03-23T22:21:29.686003+00:00', NULL, NULL, NULL, FALSE),
('d7b3465e-bb4d-4765-a711-307152f520d7', '21d36240-e51f-4504-bc78-e44933cc1691', 'pending', 'Admin Paneli', 'Yönetici Siparişi', 5641.9757107199985, '2026-03-24T11:48:26.702476+00:00', '2026-03-24T11:48:26.702476+00:00', NULL, NULL, NULL, FALSE),
('64a9cdd8-809d-4223-9da5-04656f562573', '21d36240-e51f-4504-bc78-e44933cc1691', 'pending', 'Sistem Kayıtlı Firma Adresi', '[Kargo] ', 1.512, '2026-03-25T10:27:11.641275+00:00', '2026-03-25T10:27:11.641275+00:00', NULL, NULL, NULL, FALSE),
('55600a62-a837-4ff9-bcaa-c76d5741005f', 'aeab2850-86c5-41ef-9c56-d0509ec4686b', 'confirmed', 'Sistem Kayıtlı Firma Adresi', '[Kargo] ', 10918.788693119997, '2026-04-06T07:58:42.568805+00:00', '2026-04-06T08:09:20.339+00:00', NULL, NULL, NULL, TRUE),
('c7d04b93-a307-4b7d-b579-0cde0ab29797', '21d36240-e51f-4504-bc78-e44933cc1691', 'pending', 'Sistem Kayıtlı Firma Adresi', '[Kargo] ', 7143.3889329600015, '2026-03-26T08:18:01.895272+00:00', '2026-03-26T08:18:01.895272+00:00', NULL, NULL, NULL, FALSE),
('32ab6ed8-a8b1-4cb1-972b-86420319c5e4', '21d36240-e51f-4504-bc78-e44933cc1691', 'pending', 'Sistem Kayıtlı Firma Adresi', '[Kargo] ', 7143.3889329600015, '2026-03-26T08:18:47.777619+00:00', '2026-03-26T08:18:47.777619+00:00', NULL, NULL, NULL, FALSE),
('ccace284-7946-459b-9a6d-6edfabf69507', '21d36240-e51f-4504-bc78-e44933cc1691', 'pending', 'Sistem Kayıtlı Firma Adresi', '[Kargo] ', 1.1022480000000001, '2026-04-02T00:15:19.292093+00:00', '2026-04-02T00:15:19.292093+00:00', NULL, NULL, NULL, FALSE),
('eb01f7af-4377-4727-84fc-49079c1694c9', '21d36240-e51f-4504-bc78-e44933cc1691', 'pending', 'Sistem Kayıtlı Firma Adresi', '[Kargo] ', 1.3608000000000002, '2026-04-02T08:15:31.834424+00:00', '2026-04-02T08:15:31.834424+00:00', NULL, NULL, NULL, FALSE),
('701cd7a1-ad9a-415d-ae17-d489891226c9', '21d36240-e51f-4504-bc78-e44933cc1691', 'pending', 'Sistem Kayıtlı Firma Adresi', '[Kargo] ', 1.3608000000000002, '2026-04-02T08:17:29.013613+00:00', '2026-04-02T08:17:29.013613+00:00', NULL, NULL, NULL, FALSE),
('97c12f9a-0cf5-40ec-a3e9-c81cbbaab727', '21d36240-e51f-4504-bc78-e44933cc1691', 'pending', 'Sistem Kayıtlı Firma Adresi', '[Kargo] ', 1.3608000000000002, '2026-04-02T08:50:00.945754+00:00', '2026-04-02T08:50:00.945754+00:00', NULL, NULL, NULL, FALSE),
('fc102726-ddf7-47bc-abe0-0313d4469a6e', '1a05fe7d-fcb2-44c0-8d2d-bfc41f522a70', 'delivered', 'Sistem Kayıtlı Firma Adresi', '[Kargo] ', 6750.6339978, '2026-04-03T11:38:11.522304+00:00', '2026-04-03T17:45:38.172+00:00', NULL, NULL, NULL, TRUE),
('e036cd9d-7489-40cc-b08c-bc66b6d0e32b', '1e7932bc-60a3-4fb7-966a-ccab096425a3', 'cancelled', 'Sistem Kayıtlı Firma Adresi', '[Kargo] ', 13999.99781425392, '2026-04-02T09:16:35.984827+00:00', '2026-04-02T09:17:15.052+00:00', NULL, NULL, NULL, TRUE),
('725dcdb9-602e-45e3-83a2-3c6a1f162e5b', 'e9423a1f-1f3a-4ca1-acba-7d88a2c2a8d2', 'delivered', 'Sistem Kayıtlı Firma Adresi', '[Kargo] ', 21174.471679199996, '2026-04-06T12:28:07.3565+00:00', '2026-04-06T12:50:04.882+00:00', NULL, NULL, NULL, TRUE),
('afbbaab6-ea5d-4990-b75d-42317a84a8af', '21d36240-e51f-4504-bc78-e44933cc1691', 'pending', 'Sistem Kayıtlı Firma Adresi', '[Kargo] ', 1.2247200000000003, '2026-04-02T12:54:49.456624+00:00', '2026-04-02T12:54:49.456624+00:00', NULL, NULL, NULL, FALSE),
('96578d68-e4ad-4d0e-bd00-9eb3fed3bc5c', '21d36240-e51f-4504-bc78-e44933cc1691', 'cancelled', 'Sistem Kayıtlı Firma Adresi', '[Kargo] ', 7013.30859432, '2026-04-04T21:41:30.223149+00:00', '2026-04-04T21:44:21.414+00:00', NULL, NULL, NULL, FALSE),
('2fad05ce-3442-4191-b8b7-6ab9ebc09198', '21d36240-e51f-4504-bc78-e44933cc1691', 'pending', 'Sistem Kayıtlı Firma Adresi', '[Kargo] ', 1.2247200000000003, '2026-04-05T18:47:07.127201+00:00', '2026-04-05T18:47:07.127201+00:00', NULL, NULL, NULL, FALSE),
('1b0cd4f3-6d0b-4181-a7cc-7d73ceb18312', '21d36240-e51f-4504-bc78-e44933cc1691', 'pending', 'Sistem Kayıtlı Firma Adresi', '[Kargo] ', 1.3608000000000002, '2026-04-05T19:10:07.411306+00:00', '2026-04-05T19:10:07.411306+00:00', NULL, NULL, NULL, FALSE),
('b20d1441-fd49-4d9f-ae22-c35729322f21', '21d36240-e51f-4504-bc78-e44933cc1691', 'pending', 'Sistem Kayıtlı Firma Adresi', '[Kargo] ', 1.3608000000000002, '2026-04-05T19:22:39.729644+00:00', '2026-04-05T19:22:39.729644+00:00', NULL, NULL, NULL, FALSE),
('95412284-1334-4b26-9043-4f66a3d78d39', '21d36240-e51f-4504-bc78-e44933cc1691', 'pending', 'Sistem Kayıtlı Firma Adresi', '[Kargo] ', 8.1648, '2026-04-05T20:20:52.769993+00:00', '2026-04-05T20:20:52.769993+00:00', NULL, NULL, NULL, FALSE),
('b381a4c1-f937-47cf-9390-50aba7af5f95', '21d36240-e51f-4504-bc78-e44933cc1691', 'delivered', 'Sistem Kayıtlı Firma Adresi', '[Kargo] ', 1.512, '2026-04-07T09:30:42.400927+00:00', '2026-04-07T09:31:44.228+00:00', NULL, NULL, NULL, TRUE),
('ce59525d-73d0-4c9e-aa47-d03d18cc018c', '21d36240-e51f-4504-bc78-e44933cc1691', 'pending', 'Sistem Kayıtlı Firma Adresi', '[Kargo] ', 1.512, '2026-04-07T12:23:11.193656+00:00', '2026-04-07T12:23:11.193656+00:00', NULL, NULL, NULL, FALSE),
('5de0d7ed-34bc-4af2-a8bd-d4f4810649bf', 'fed03adb-2014-4d3c-8db6-7f9c47f1b783', 'cancelled', 'Sistem Kayıtlı Firma Adresi', '[Kargo] ', 1.68, '2026-04-07T09:30:52.427994+00:00', '2026-04-07T10:57:41.416+00:00', NULL, NULL, NULL, FALSE),
('1d44af1f-8518-4cb1-a8ac-9e7d14ab29c5', 'fed03adb-2014-4d3c-8db6-7f9c47f1b783', 'pending', 'Sistem Kayıtlı Firma Adresi', '[Kargo] ', 1.68, '2026-04-07T11:08:58.476199+00:00', '2026-04-07T11:08:58.476199+00:00', NULL, NULL, NULL, FALSE),
('08120a11-1b31-4275-b01b-28da2f827ee4', 'fed03adb-2014-4d3c-8db6-7f9c47f1b783', 'delivered', 'Sistem Kayıtlı Firma Adresi', '[Kargo] ', 1.68, '2026-04-07T12:23:36.008417+00:00', '2026-04-07T12:24:41.008+00:00', NULL, NULL, NULL, TRUE),
('2cb18cdc-3f1e-4ffa-807f-f2d233d29c6c', 'fed03adb-2014-4d3c-8db6-7f9c47f1b783', 'pending', 'Sistem Kayıtlı Firma Adresi', '[Kargo] ', 1.68, '2026-04-07T12:24:44.956015+00:00', '2026-04-07T12:24:44.956015+00:00', NULL, NULL, NULL, FALSE),
('7ced1f7f-9994-4d42-bcf6-fb4fc31d1e44', 'fed03adb-2014-4d3c-8db6-7f9c47f1b783', 'pending', 'Sistem Kayıtlı Firma Adresi', '[Kargo] ', 1.68, '2026-04-07T12:30:54.890928+00:00', '2026-04-07T12:30:54.890928+00:00', NULL, NULL, NULL, FALSE),
('5b73700a-9a0c-4942-a990-aba0ff8ffcf4', '21d36240-e51f-4504-bc78-e44933cc1691', 'delivered', 'Sistem Kayıtlı Firma Adresi', '[Kargo] ', 1.512, '2026-04-07T12:32:15.118436+00:00', '2026-04-07T12:32:29.069+00:00', NULL, NULL, NULL, TRUE),
('cde260b9-00b2-41c3-a239-71268f9be042', 'fed03adb-2014-4d3c-8db6-7f9c47f1b783', 'pending', 'Sistem Kayıtlı Firma Adresi', '[Kargo] ', 1.68, '2026-04-07T12:36:22.969605+00:00', '2026-04-07T12:36:22.969605+00:00', NULL, NULL, NULL, FALSE),
('4f3f7cb9-8a7b-4f9b-b742-331fce9a3d05', 'bfcdaa09-4a36-48ba-9330-8c49cc1c1ef7', 'delivered', 'Sistem Kayıtlı Firma Adresi', '[Kargo] ', 6250.031170198198, '2026-04-07T14:35:45.853277+00:00', '2026-04-07T14:36:09.724+00:00', NULL, NULL, NULL, TRUE),
('5f14bdc8-a16a-4312-a005-30e5a2514a7a', 'c0fc11cf-808c-4b2e-87fb-b9cf6d5f05ea', 'delivered', 'Sistem Kayıtlı Firma Adresi', '[Kargo] ', 13274.1470736, '2026-04-13T07:16:22.86627+00:00', '2026-04-13T19:31:06.093+00:00', NULL, NULL, NULL, TRUE),
('18f112df-7e68-48e2-b505-dc9bbeb17429', '8297e8fd-a34e-437d-be8c-65228a4a2f5b', 'delivered', 'Sistem Kayıtlı Firma Adresi', '[Kargo] ', 6499.97257728, '2026-04-14T09:17:34.713935+00:00', '2026-04-14T11:46:12.477+00:00', NULL, NULL, NULL, TRUE),
('50a74a72-ac07-4265-8e2a-7485752a87b7', '21d36240-e51f-4504-bc78-e44933cc1691', 'pending', 'Sistem Kayıtlı Firma Adresi', '[Kargo] ', 1.3608000000000002, '2026-04-16T19:42:58.611502+00:00', '2026-04-16T19:42:58.611502+00:00', NULL, NULL, NULL, FALSE),
('90d89c8c-9f19-48fc-992a-6a86bdb25e84', '21d36240-e51f-4504-bc78-e44933cc1691', 'pending', 'Sistem Kayıtlı Firma Adresi', '[Kargo] ', 1.3608000000000002, '2026-04-16T19:50:35.55083+00:00', '2026-04-16T19:50:35.55083+00:00', NULL, NULL, NULL, FALSE),
('39c0b5ee-beb3-43e0-8802-840098b41faa', '3b51acf0-9ae2-4d73-8800-b49bb6d8a789', 'delivered', 'Sistem Kayıtlı Firma Adresi', '[Kargo] ', 3760.325856, '2026-04-15T08:40:57.469983+00:00', '2026-04-16T20:37:11.647+00:00', NULL, NULL, NULL, TRUE),
('4bd84971-e9f0-43b2-a2f0-f3f7c123ae76', '1e7932bc-60a3-4fb7-966a-ccab096425a3', 'delivered', 'Sistem Kayıtlı Firma Adresi', '[Kargo] MÜŞTERİYE KARGO', 6656.41926684, '2026-04-15T11:33:53.519331+00:00', '2026-04-16T20:37:24.165+00:00', NULL, NULL, NULL, TRUE),
('0f5cefec-957f-4fed-b427-78261fb9b44f', '1e7932bc-60a3-4fb7-966a-ccab096425a3', 'delivered', 'Sistem Kayıtlı Firma Adresi', '[Elden] YEDPA TUNCA ŞENER TESLİM EDİLECEK VE GETİRECEK', 13321.767332159998, '2026-04-16T20:25:45.642552+00:00', '2026-04-17T18:18:44.779+00:00', NULL, NULL, NULL, TRUE),
('04e51e1a-94af-46ba-a496-819bbadf475c', 'a9be0dc6-62e0-416a-8c43-30d2213ba023', 'delivered', 'Sistem Kayıtlı Firma Adresi', '[Kargo] ', 1183.4130672000001, '2026-04-26T17:52:50.445011+00:00', '2026-04-27T07:34:15.289+00:00', NULL, NULL, NULL, TRUE),
('6e19b4b7-6c5b-446d-a2d1-7d1e02fc05aa', '21d36240-e51f-4504-bc78-e44933cc1691', 'pending', 'Sistem Kayıtlı Firma Adresi', '[Kargo] ', 1.3608000000000002, '2026-04-28T18:47:48.332001+00:00', '2026-04-28T18:47:48.332001+00:00', NULL, NULL, NULL, FALSE),
('7b5253e4-1144-4b5a-b3ef-4906c21b0de4', '1ad3b2f0-81ac-4b47-a38f-16b1fa83b53f', 'delivered', 'Sistem Kayıtlı Firma Adresi', '[Kargo] ', 10000.357967444543, '2026-04-27T09:24:29.522828+00:00', '2026-04-29T10:53:34.041+00:00', NULL, NULL, NULL, TRUE),
('a9976e70-19ce-4d26-82a9-fd8aa3939ef6', '91da6ed0-f0f5-492f-a5aa-8c045f7df2f5', 'delivered', 'Sistem Kayıtlı Firma Adresi', '[Kargo] ', 11042.678472669044, '2026-04-27T07:33:54.911519+00:00', '2026-04-29T10:54:37.436+00:00', NULL, NULL, NULL, TRUE),
('1f45b6f2-d01a-440b-b38b-0a04e1a1ab77', '1ad3b2f0-81ac-4b47-a38f-16b1fa83b53f', 'delivered', 'Sistem Kayıtlı Firma Adresi', '[Kargo] ', 3625, '2026-05-07T12:29:06.578327+00:00', '2026-05-08T17:19:03.418+00:00', NULL, NULL, NULL, TRUE),
('e33c23f2-d854-4af3-b47c-d43163e6e55d', '69cffa05-ea62-40bb-ae14-9fefd982fa13', 'delivered', 'Sistem Kayıtlı Firma Adresi', '[Kargo] DİYARBAKIR ÇIKIŞ', 40000, '2026-05-08T17:13:55.054669+00:00', '2026-05-11T19:32:38.273+00:00', NULL, NULL, NULL, TRUE),
('aba4ab71-9451-4921-9819-6d0be71edb9f', '1e7932bc-60a3-4fb7-966a-ccab096425a3', 'delivered', 'Sistem Kayıtlı Firma Adresi', '[Kargo] ', 26947.761448156416, '2026-05-11T19:36:59.470224+00:00', '2026-05-11T19:37:21.542+00:00', NULL, NULL, NULL, TRUE),
('38570d8b-497b-41a9-a411-07b7d741ecbe', '21d36240-e51f-4504-bc78-e44933cc1691', 'pending', 'Sistem Kayıtlı Firma Adresi', '[Kargo] ', 500, '2026-05-12T14:59:52.760546+00:00', '2026-05-12T14:59:52.760546+00:00', NULL, NULL, NULL, FALSE),
('bebcabac-8e92-43e5-b2cc-b2ddadfe49a3', '21d36240-e51f-4504-bc78-e44933cc1691', 'cancelled', 'Sistem Kayıtlı Firma Adresi', '[Kargo] ', 7591.8152016, '2026-05-12T15:01:03.977618+00:00', '2026-05-12T15:01:24.751+00:00', NULL, NULL, NULL, FALSE)
ON CONFLICT DO NOTHING;

-- DATA: public.price_groups (9 rows)
INSERT INTO public."price_groups" ("id", "name", "discount_percent", "created_at", "rules") VALUES
('2d135951-7d8d-4c3d-8e93-6fc120512edb', 'GLOBAL_PROFIT_MARGIN', 40, '2026-04-01T08:19:58.103645+00:00', '{}'::jsonb),
('5dc756f1-6dea-47b1-b414-10e6370b45ce', '%12 İSKONTO', 12, '2026-03-30T07:43:57.87435+00:00', '{}'::jsonb),
('bcaa276d-6768-486b-9ebd-7155387943df', '%5 iSKONTO', 5, '2026-03-11T22:04:49.629952+00:00', '{}'::jsonb),
('12e65778-ea9c-45a2-b579-3f628ef1ff19', '%20 İSKONTO', 20, '2026-02-28T17:38:07.063394+00:00', '{}'::jsonb),
('ad063527-816b-437e-af1f-c6179e77a778', '%15 İSKONTO', 15, '2026-02-28T17:38:07.063394+00:00', '{}'::jsonb),
('d3d6e3b6-34a9-4f5f-8e3b-0ecf30a904b4', '%10 İSKONTO', 10, '2026-02-28T17:38:07.063394+00:00', '{}'::jsonb),
('26c6c9de-3b1f-4ec3-9d1f-b9e5d701f450', '%8 İSKONTO', 8, '2026-03-07T00:11:42.672488+00:00', '{}'::jsonb),
('6751cc95-2030-4e5e-a822-2648afa08935', 'USD_FIXED_RATE', 50, '2026-03-25T23:36:51.328546+00:00', '{}'::jsonb),
('dec67187-1baf-4a05-9e48-5468439ba394', 'USD_FIXED_RATE_ACTIVE', 0, '2026-03-25T23:36:51.496739+00:00', '{}'::jsonb)
ON CONFLICT DO NOTHING;

-- DATA: public.products (636 rows)
INSERT INTO public."products" ("id", "code", "name", "brand", "category", "description", "image_url", "list_price", "stock_quantity", "unit", "is_active", "created_at", "product_number", "stock_merkez", "stock_depo", "currency", "discount_rate", "box_quantity", "oem_no", "car_brand", "car_model", "cost_price", "profit_margin", "is_campaign", "supplier_brand", "is_fixed_price", "cart_discount_rate", "fixed_price_value", "fixed_price_currency", "fixed_usd_rate") VALUES
('3f42ceb6-db73-4512-af84-5bd4ee257cd8', ' ARTPAR-FR-VWPS006J', 'FAR VOLKSWAGEN PASSAT B6 MOTORLU 2006-2010 SAĞ', 'ARTPAR', 'FAR', '', 'https://cdn.artpar.com/products_migrated-1772832531590-3f42ceb6-db73-4512-af84-5bd4ee257cd8.webp', 74.95599999999999, 0, 'adet', TRUE, '2026-03-06T20:44:47.247011+00:00', NULL, 0, 0, 'USD', 0, 1, '3C0941006J ', 'VOLKSWAGEN', 'PASSAT B6', 53.54, 40, FALSE, 'KOREA OTOMOTİV', FALSE, 0, 0, 'TRY', NULL),
('57682860-4caf-482b-bef6-13b58cbb6b4b', 'KALE 346450', 'KALORİFER RADYATÖRÜ VOLKSWAGEN TRANSPORTER T4 (96-03) AC', 'KALE', 'KALORİFER RADYATÖRÜ', '', 'https://pub-56f4ab060d934f85a7d1fec80dd03ee2.r2.dev/products_1774958990587-346450.webp', 19.726, 20, 'adet', TRUE, '2026-03-31T12:09:52.914819+00:00', NULL, 20, 0, 'USD', 0, 1, '701819031A - 701819031B', 'VOLKSWAGEN', '', 14.09, 40, FALSE, 'İKLİM OTOMOTİV', FALSE, 0, 0, 'TRY', NULL),
('4e3dcce6-ca2d-4de6-9a1e-6674890eb1ed', 'ARTPAR-FR-HYAC22300L', 'FAR HYUNDAI ACCENT 1998-1999 SOL', 'ARTPAR', 'FAR', '', 'https://cdn.artpar.com/products_1774439185026-92101-22300.webp', 22.442, 50, 'adet', TRUE, '2026-03-25T11:46:27.788477+00:00', NULL, 0, 50, 'USD', 0, 1, '92101-22300', 'HYUNDAİ', 'ACCENT', 16.03, 40, FALSE, 'KOREA OTOMOTİV', FALSE, 0, 0, 'TRY', NULL),
('34ab2bf4-f8cd-4f9a-a02e-c1d70e0f156c', 'ARTPAR-FR-TYCR-02B10L', 'FAR TOYOTA COROLLA 2010-2012 MOTORLU SAĞ', 'ARTPAR', 'FAR', '', 'https://cdn.artpar.com/products_1774465867246-81130-02b10.webp', 0, 0, 'adet', TRUE, '2026-03-25T19:11:09.237673+00:00', NULL, 0, 0, 'USD', 0, 1, '81130-02B10', 'TOYOTA', 'COROLLA', 0, 40, FALSE, 'KOREA OTOMOTİV', FALSE, 0, 0, 'TRY', NULL),
('54630813-16ee-4175-9af5-a1fa3edff40e', 'KALE 358670', 'KALORİFER IVECO DAILY VI 14>19 (BORUSUZ) (26MM)', 'KALE', 'KALORİFER RADYATÖRÜ', '', 'https://cdn.artpar.com/products_1774642534483-358670.webp', 45.584, 10, 'adet', TRUE, '2026-03-27T20:15:37.049418+00:00', NULL, 10, 0, 'USD', 0, 1, '42569370', 'İVECO', 'DAİLY', 32.56, 40, FALSE, 'İKLİM OTOMOTİV', FALSE, 0, 0, 'TRY', NULL),
('a21a7bec-1a9c-4a35-adc8-c48bff6cb2aa', 'KALE 200ABC070', 'KLİMA RADYATÖRÜ PEUGEOT 206 1.1 / 1.4 / 1.6 / 2.0 HDI', 'KALE', 'KLİMA RADYATÖRÜ', '', 'https://cdn.artpar.com/products_1774724129143-200abc070.webp', 127.218, 20, 'adet', TRUE, '2026-03-28T18:55:31.663358+00:00', NULL, 20, 0, 'USD', 0, 1, '6455.Y0 - 6455.W6 - 6455.W7 - 6455.X9', 'PEUGEOT', '206', 90.87, 40, FALSE, 'İKLİM OTOMOTİV', FALSE, 0, 0, 'TRY', NULL),
('4796448a-a167-4c33-88d3-4cee6ea6d4c1', 'KALE 342305', 'KLİMA RADYATÖRÜ PASSAT /CC VII 1.4-1.8-2.0TSI / 3.2-3.6FSI (05-16)', 'KALE', 'KLİMA RADYATÖRÜ', '', 'https://cdn.artpar.com/products_1774892805052-342305.webp', 90.92999999999999, 15, 'adet', TRUE, '2026-03-30T17:46:48.385233+00:00', NULL, 15, 0, 'USD', 0, 1, '3C0820411C - 3C0820411E - 3C0820411G', 'VOLKSWAGEN', '', 64.95, 40, FALSE, 'İKLİM OTOMOTİV', FALSE, 0, 0, 'TRY', NULL),
('0b6a62bf-1b84-4182-930a-0043c2dec34d', 'ARTPAR-FR-RNCL500902R', 'FAR RENAULT CLİO 5 JOY/TOUCH LEDLİ MOTORLU BEYİNLİ SAĞ', 'ARTPAR', 'RENAULT', '', 'https://cdn.artpar.com/products_migrated-1772832417062-0b6a62bf-1b84-4182-930a-0043c2dec34d.webp', 131.656, 100, 'adet', TRUE, '2026-03-03T17:30:53.658011+00:00', '260100902R', 50, 50, 'USD', 0, 1, '260100902R', 'RENAULT', '', 94.04, 40, FALSE, '', FALSE, 0, 0, 'TRY', NULL),
('068bd9b8-2d45-4655-9932-123f6607ae4c', 'ARTPAR-STP-VWCD00095', 'STOP CADDY 11-15 SOL ', 'ARTPAR', 'STOP', '', 'https://cdn.artpar.com/products_1772838929703-2k5945095.webp', 12.865999999999998, 50, 'adet', TRUE, '2026-03-06T23:15:31.583935+00:00', NULL, 0, 50, 'USD', 0, 1, '2K5945095', 'VOLKSWAGEN', 'CADDY', 9.19, 40, FALSE, NULL, FALSE, 0, 0, 'TRY', NULL),
('a2471c46-3593-44d2-b1d6-3a9f1bf644eb', 'ARTPAR-FR-HYİ30-A6000L', 'FAR HYUNDAİ İ30 2013-2015 ELEKTRİKLİ MOTORLU SOL', 'ARTPAR', 'FAR', '', 'https://cdn.artpar.com/products_1774473628848-92101-a6000.webp', 117.614, 49, 'adet', TRUE, '2026-03-25T21:20:31.009993+00:00', NULL, 0, 50, 'USD', 0, 1, '92101-A6000', 'HYUNDAİ', 'İ30', 84.01, 40, FALSE, 'KOREA OTOMOTİV', FALSE, 0, 0, 'TRY', NULL),
('73e0fc6b-3d55-44d6-8ce6-8bbf725aa279', 'KALE 352060', 'KALORİFER RADYATÖRÜ FORD FIESTA 3', 'KALE', 'KALORİFER RADYATÖRÜ', '', 'https://cdn.artpar.com/products_1774729098546-352060.webp', 0, 0, 'adet', TRUE, '2026-03-28T20:18:20.992063+00:00', NULL, 0, 0, 'USD', 0, 1, '1654646 - 6775553 - 89FG18B539AA', 'FORD', '', 0, 40, FALSE, 'İKLİM OTOMOTİV', FALSE, 0, 0, 'TRY', NULL),
('c111d4ca-ee35-4900-82e1-dc98d4b89f89', 'ARTPAR-SİS-OPIN00223', 'LAMBA SİS INSIGNIA B 17-19 AMPULLU SOL', 'ARTPAR', 'SİS', '', 'https://cdn.artpar.com/products_1772926577775-13460223.webp', 27.146, 50, 'adet', TRUE, '2026-03-07T23:36:19.448394+00:00', NULL, 0, 50, 'USD', 0, 1, '13460223', 'OPEL', 'INSIGNIA', 19.39, 40, FALSE, NULL, FALSE, 0, 0, 'TRY', NULL),
('024e07ab-8f09-44fe-8280-629f6b405d29', 'KALE 342165', 'MOTOR SU RADYATÖRÜ CARINA E 2.0 I / 2.0 GLI (92-97) (AT)', '', 'SU RADYATÖRÜ', '', 'https://pub-56f4ab060d934f85a7d1fec80dd03ee2.r2.dev/products_1774988464632-342165.webp', 106.988, 15, 'adet', TRUE, '2026-03-31T20:21:06.855644+00:00', NULL, 15, 0, 'USD', 0, 1, '1640003090 - 1640074790', '', '', 76.42, 40, FALSE, 'İKLİM OTOMOTİV', FALSE, 0, 0, 'TRY', NULL),
('8a3ba22d-8338-4a62-b702-02e3582c26fd', 'ARTPAR-STP-HYAC-25510L', 'STOP HYUNDAI ACCENT 2003-2005 SOL', 'ARTPAR', 'STOP', '', 'https://cdn.artpar.com/products_1774454778329-92401-25510.webp', 20.663999999999998, 50, 'adet', TRUE, '2026-03-25T16:06:20.65258+00:00', NULL, 0, 50, 'USD', 0, 1, '92401-25510', 'HYUNDAİ', 'ACCENT', 14.76, 40, FALSE, 'KOREA OTOMOTİV', FALSE, 0, 0, 'TRY', NULL),
('349a94a2-b2e8-4493-a583-77383d53ca4b', 'KALE 0559021AB', 'MOTOR SU RADYATÖRÜ RENAULT FLUENCE / MEGANE 3 DCI', 'KALE', 'SU RADYATÖRÜ', '', 'https://cdn.artpar.com/products_1774644052195-kale-0559021ab.webp', 181.00599999999997, 10, 'adet', TRUE, '2026-03-27T20:40:54.45813+00:00', NULL, 10, 0, 'USD', 0, 1, '214100068R - 8671095333', 'RENAULT', 'MEGANE', 129.29, 40, FALSE, 'İKLİM OTOMOTİV', FALSE, 0, 0, 'TRY', NULL),
('bc5b4eef-a8ac-4df1-a730-610cf560ce2c', 'KALE 349600', 'MOTOR SU RADYATÖRÜ FORD FIESTA FUSION 1.4 / 1.6 BENZINLI 200-2006 MT', 'KALE', 'SU RADYATÖRÜ', '', 'https://cdn.artpar.com/products_1774725066913-349600.webp', 62.99999999999999, 15, 'adet', TRUE, '2026-03-28T19:11:10.284301+00:00', NULL, 15, 0, 'USD', 0, 1, '4S6H8005DA - 1141490 - 1214785 - 1222562', 'FORD', 'FIESTA', 45, 40, FALSE, 'İKLİM OTOMOTİV', FALSE, 0, 0, 'TRY', NULL),
('aa3f8457-a5d6-4ca2-b9dd-7e4ab7479615', 'KALE 358885', 'MOTOR SU RADYATÖRÜ FORD FIESTA - FUSION 1.4TDCI 2002-2006 MAZDA 2 (TAHLİYE APARATLI)', 'KALE', 'SU RADYATÖRÜ', '', 'https://cdn.artpar.com/products_1774727916601-356885.webp', 56, 10, 'adet', TRUE, '2026-03-28T19:58:38.86369+00:00', NULL, 10, 0, 'USD', 0, 1, 'ME4S6H8005CB - 4S6H8005CB - 1897431', 'FORD', '', 40, 40, FALSE, 'İKLİM OTOMOTİV', FALSE, 0, 0, 'TRY', NULL),
('79468226-c9f0-4f6c-a5a4-cd47fa82adfe', 'ARTPAR-STP-BMW000463', 'STOP BMW 5/G30 17-20 SOL', 'ARTPAR', 'STOP', '', 'https://cdn.artpar.com/products_migrated-1772832469602-79468226-c9f0-4f6c-a5a4-cd47fa82adfe.webp', 94.374, 100, 'adet', TRUE, '2026-03-06T17:25:01.433976+00:00', NULL, 50, 50, 'USD', 0, 1, '63217376463', 'BMW', '5/G30', 67.41, 40, FALSE, NULL, FALSE, 0, 0, 'TRY', NULL),
('0d688f92-00d3-4b62-9fcb-e2d8735c0e21', 'ARTPAR-STP-BMW000464', 'STOP BMW 5/G30 17-20 SAĞ', 'ARTPAR', 'STOP', '', 'https://cdn.artpar.com/products_migrated-1772832470879-0d688f92-00d3-4b62-9fcb-e2d8735c0e21.webp', 94.374, 100, 'adet', TRUE, '2026-03-06T17:26:10.23852+00:00', NULL, 50, 50, 'USD', 0, 1, '63217376464', 'BMW', '5/G30', 67.41, 40, FALSE, NULL, FALSE, 0, 0, 'TRY', NULL),
('84f91353-2dd2-44ae-9fb0-c842fc4db9ef', 'ARTPAR-FR-DCJG00343R', 'FAR SANDERO BJI 2022 JOGGER LEDLİ KROM ÇİZGİLİ SAĞ', 'ARTPAR', 'FAR', '', 'https://cdn.artpar.com/products_migrated-1772832456148-84f91353-2dd2-44ae-9fb0-c842fc4db9ef.webp', 207.82999999999998, 100, 'adet', TRUE, '2026-03-06T12:32:18.240106+00:00', NULL, 50, 50, 'USD', 0, 1, '260106343R', 'DACİA', 'SANDERO JOGGER', 148.45, 40, FALSE, NULL, FALSE, 0, 0, 'TRY', NULL),
('a552f775-63e3-4f22-84b0-eb991f50ca45', 'ARTPAR-SİS-OPASJ0141', 'LAMBA SİS ASTRA J AMPULLU SAĞ', 'ARTPAR', 'SİS', '', 'https://cdn.artpar.com/products_1772926731506-13367140.webp', 15.232, 50, 'adet', TRUE, '2026-03-07T23:38:53.214128+00:00', NULL, 0, 50, 'USD', 0, 1, '13367141', 'OPEL', 'ASTRA J', 10.88, 40, FALSE, NULL, FALSE, 0, 0, 'TRY', NULL),
('d93208da-fbaa-4ab0-8ece-c89eccfe1837', 'KALE 348440', 'MOTOR SU RADYATÖRÜ FIAT EGEA 1.3 MJET / 1.4 BENZINLI (MT)', 'KALE', 'SU RADYATÖRÜ', '', 'https://pub-56f4ab060d934f85a7d1fec80dd03ee2.r2.dev/products_1775242677275-348440.webp', 115.30399999999999, 15, 'adet', TRUE, '2026-04-03T18:57:59.067727+00:00', NULL, 15, 0, 'USD', 0, 1, '52052220 - 52015588', 'FIAT', 'EGEA', 82.36, 40, FALSE, 'İKLİM OTOMOTİV', FALSE, 0, 0, 'TRY', NULL),
('5a4dd51d-a36e-40e2-a04a-c1bd3c868150', 'ARTPAR-FR-DCDUK0001', 'FAR DUSTER 2023 XJD LEDLİ KROM ÇİZGİLİ MOTORLU SOL', 'ARTPAR', 'RENAULT', '', 'https://cdn.artpar.com/products_migrated-1772832414946-5a4dd51d-a36e-40e2-a04a-c1bd3c868150.webp', 154.868, 101, 'adet', TRUE, '2026-03-05T21:01:36.700661+00:00', NULL, 50, 50, 'USD', 0, 1, '260602287R - 260602515R', 'RENAULT', 'DUSTER XJD', 110.62, 40, FALSE, 'KOREA OTOMOTİV', FALSE, 0, 0, 'TRY', NULL),
('f04e9cb0-f264-4c54-a16b-320759b07149', 'ARTPAR-STP-CTELY00280R', 'STOP CITROEN C-ELYSEE SAĞ MAKYAJLI KASA 2017 SONRASI', 'ARTPAR', 'STOP', '', 'https://pub-56f4ab060d934f85a7d1fec80dd03ee2.r2.dev/products_1775509119857-9818810280.webp', 41.748, 20, 'adet', TRUE, '2026-04-06T20:58:42.613574+00:00', NULL, 20, 0, 'USD', 0, 1, '9818810280', 'CITROEN', 'C-ELYSEE', 29.82, 40, FALSE, 'ZENON OTOMOTİV', FALSE, 0, 0, 'TRY', NULL),
('c56953eb-615a-440d-86fa-2abdf481e2c2', 'KALE 347295', 'MOTOR SU RADYATÖRÜ FIAT EGEA 1.4 BENZINLI (MT)', 'KALE', 'SU RADYATÖRÜ', '', 'https://pub-56f4ab060d934f85a7d1fec80dd03ee2.r2.dev/products_1775239225543-347295.webp', 140.91, 15, 'adet', TRUE, '2026-04-03T18:00:27.905734+00:00', NULL, 15, 0, 'USD', 0, 1, '52052603 - 52015580', 'FIAT', 'EGEA', 100.65, 40, FALSE, 'İKLİM OTOMOTİV', FALSE, 0, 0, 'TRY', NULL),
('a39de61a-5a5b-4d16-9f2f-c49e48994c94', 'ARTPAR-FR-CTELY00880L', 'FAR CITROEN C-ELYSEE SOL MAKYAJLI KASA 2017 SONRASI', 'ARTPAR', 'FAR', '', 'https://pub-56f4ab060d934f85a7d1fec80dd03ee2.r2.dev/products_1775509018936-9817298480.webp', 72.52, 20, 'adet', TRUE, '2026-04-06T20:57:00.99752+00:00', NULL, 20, 0, 'USD', 0, 1, '9817297880', 'CITROEN', 'C-ELYSEE', 51.8, 40, FALSE, 'ZENON OTOMOTİV', FALSE, 0, 0, 'TRY', NULL),
('8cf13685-8ea4-4b35-86b3-2c4e2d0421d2', 'ARTPAR-FR-HYİ30-2A600R', 'FAR HYUNDAİ İ30 2013-2015 ELEKTRİKLİ MOTORLU SAĞ', 'ARTPAR', 'FAR', '', 'https://cdn.artpar.com/products_1774473693626-92102-a6000.webp', 117.614, 0, 'adet', TRUE, '2026-03-25T21:21:36.04975+00:00', NULL, 0, 1, 'USD', 0, 1, '92102-A600', 'HYUNDAİ', 'İ30', 84.01, 40, FALSE, 'KOREA OTOMOTİV', FALSE, 0, 0, 'TRY', NULL),
('b8d34ec8-11b2-4a4c-93c6-4ab4a9a21c8f', 'KALE 346240', 'KALORİFER RADYATÖRÜ AUDI 100-200-A6 (94-97)', 'KALE', 'KALORİFER RADYATÖRÜ', '', 'https://pub-56f4ab060d934f85a7d1fec80dd03ee2.r2.dev/products_1774979860106-346240.webp', 21.587999999999997, 20, 'adet', TRUE, '2026-03-31T17:57:43.007515+00:00', NULL, 20, 0, 'USD', 0, 1, '443819031BC - 443819031C - 443819031B', 'AUDI', '', 15.42, 40, FALSE, 'İKLİM OTOMOTİV', FALSE, 0, 0, 'TRY', NULL),
('9e7ea693-c675-49ea-8a1e-4e225958e400', 'ARTPAR-FR-CTBR00080', 'FAR BERLİNGO 18-> K9 MOTORLU ELEKTRİKLİ SİYAH SAĞ', 'ARTPAR', 'FAR', '', 'https://cdn.artpar.com/products_1772925661798-9816825180.webp', 91.18199999999999, 100, 'adet', TRUE, '2026-03-07T23:21:04.081488+00:00', NULL, 50, 50, 'USD', 0, 1, '9816825080', 'CİTROEN', 'BERLİNGO', 65.13, 40, FALSE, NULL, FALSE, 0, 0, 'TRY', NULL),
('6cc180af-5dc6-4853-89bb-8fe48e9cac9f', 'ARTPAR-SİS-OPCR00880', 'LAMBA SİS CORSA F 19->/INSIGNIA 20-> LEDLİ SOL', 'ARTPAR', 'SİS', '', 'https://cdn.artpar.com/products_1772926459986-9831303880.webp', 0, 0, 'adet', TRUE, '2026-03-07T23:34:22.382453+00:00', NULL, 0, 0, 'USD', 0, 1, '9831303880', 'OPEL', 'CORSA F / INSIGNIA', 0, 40, FALSE, NULL, FALSE, 0, 0, 'TRY', NULL),
('5a1805fa-7bed-4331-b7de-1f91d26dfce8', 'ARTPAR-SİS-OPCR00680', 'LAMBA SİS CORSA F 19->/INSIGNIA 20-> LEDLİ SAĞ', 'ARTPAR', 'SİS', '', 'https://cdn.artpar.com/products_1772926503815-9831303880.webp', 0, 0, 'adet', TRUE, '2026-03-07T23:35:05.360822+00:00', NULL, 0, 0, 'USD', 0, 1, '9831303680', 'OPEL', 'CORSA F / INSIGNIA', 0, 40, FALSE, NULL, FALSE, 0, 0, 'TRY', NULL),
('d6f7598f-4b24-44a8-b8f2-9858d3c665d2', 'ARTPAR-STP-OPASJ0154', 'STOP ASTRA J SEDAN DIŞ SAĞ ', 'ARTPAR', 'STOP', '', 'https://cdn.artpar.com/products_1772926837699-25870154.webp', 0, 0, 'adet', TRUE, '2026-03-07T23:40:39.741502+00:00', NULL, 0, 0, 'USD', 0, 1, '25870154', 'OPEL', 'ASTRA J', 0, 40, FALSE, NULL, FALSE, 0, 0, 'TRY', NULL),
('72e98ee8-8743-4abf-9c9b-9a84ea9d41ed', 'ARTPAR-SİS-OPASK0907', 'LAMBA SİS ASTRA K 15-19 AMPULLU SOL', 'ARTPAR', 'SİS', '', 'https://cdn.artpar.com/products_1772927165412-39098907.webp', 27.692, 50, 'adet', TRUE, '2026-03-07T23:46:07.288752+00:00', NULL, 0, 50, 'USD', 0, 1, '39098907', 'OPEL', 'ASTRA K', 19.78, 40, FALSE, NULL, FALSE, 0, 0, 'TRY', NULL),
('a151d358-eb0a-479f-9d33-16d7ac3c4de3', 'ARTPAR-SİS-OPASK0863', 'LAMBA SİS ASTRA K 20-24 AMPULLU SOL', 'ARTPAR', 'SİS', '', 'https://cdn.artpar.com/products_1772927055312-39217863.webp', 27.692, 50, 'adet', TRUE, '2026-03-07T23:44:18.320287+00:00', NULL, 0, 50, 'USD', 0, 1, '39217863', 'SİS', 'ASTRA K', 19.78, 40, FALSE, NULL, FALSE, 0, 0, 'TRY', NULL),
('30a8c113-5f94-4b2e-a784-e3725f8fbdb5', 'ARTPAR-FR-TYAV05160R', 'TOYOTA AVENSIS 2003-2005 FAR SAĞ MERCEKLİ', 'DEPO', 'FAR', '', '', 72.1, 0, 'adet', TRUE, '2026-04-06T12:21:34.999154+00:00', NULL, 0, 0, 'USD', 0, 1, '81130-05160', 'TOYOTA', 'AVENSIS', 51.5, 40, FALSE, '', FALSE, 0, 0, 'TRY', NULL),
('84ee6689-3300-45e5-b290-7c586bb61730', 'ARTPAR-FR-PE208-280', 'FAR PEUGEOT 208-2008 LEDLİ SAĞ', 'ARTPAR', 'FAR', '', 'https://pub-56f4ab060d934f85a7d1fec80dd03ee2.r2.dev/products_1775595617151-9833036280.webp', 140.742, 10, 'adet', TRUE, '2026-04-07T21:00:19.533026+00:00', NULL, 10, 0, 'USD', 0, 1, '9833036280', 'PEUGEOT', '', 100.53, 40, FALSE, 'ZENON OTOMOTİV', FALSE, 0, 0, 'TRY', NULL),
('3f398b01-3d42-429d-beb5-99da9b300041', 'ARTPAR-STP-PE30100880', 'STOP 301 13-16 DUYLU SAĞ', 'ARTPAR', 'STOP', '', 'https://cdn.artpar.com/products_1772907248087-9674807880.webp', 0, 0, 'adet', TRUE, '2026-03-07T18:14:09.773136+00:00', NULL, 0, 0, 'USD', 0, 1, '9674807880', 'PEUGEOT', '301', 0, 40, FALSE, NULL, FALSE, 0, 0, 'TRY', NULL),
('a41bd138-3156-4cfd-a6c4-49fb40f74352', 'ARTPAR-STP-PE30100180', 'STOP 301 17-> MAKYAJLI KASA DUYLU SOL', 'ARTPAR', 'STOP', '', 'https://cdn.artpar.com/products_1772907295631-9817301180.webp', 0, 0, 'adet', TRUE, '2026-03-07T18:14:57.321878+00:00', NULL, 0, 0, 'USD', 0, 1, '9817301180', 'PEUGEOT', '301', 0, 40, FALSE, NULL, FALSE, 0, 0, 'TRY', NULL),
('a20150b8-ada4-4094-9984-5474345d6a56', 'KALE 0518572AL', 'MOTOR SU RADYATÖRÜ RENAULT CLİO 3 1.5 CC NAC', 'KALE', 'SU RADYATÖRÜ', '', 'https://cdn.artpar.com/products_1774647344711-kale-0518572al.webp', 95.634, 10, 'adet', TRUE, '2026-03-27T21:35:47.259898+00:00', NULL, 10, 0, 'USD', 0, 1, '8200138738 - 21410AY600 - 21410AY601', 'RENAULT', 'CLİO 3', 68.31, 40, FALSE, 'İKLİM OTOMOTİV', FALSE, 0, 0, 'TRY', NULL),
('36179849-5905-4de3-8a32-2f6daa35e7bc', 'KALE 346420', 'KALORİFER RADYATÖRÜ CLIO IV / LOGAN II (13+)', 'KALE', 'KALORİFER RADYATÖRÜ', '', 'https://cdn.artpar.com/products_1774895726516-346420.webp', 28.531999999999996, 50, 'adet', TRUE, '2026-03-30T18:35:29.07288+00:00', NULL, 50, 0, 'USD', 0, 1, '271153553R', 'RENAULT / DACIA', '', 20.38, 40, FALSE, 'İKLİM OTOMOTİV', FALSE, 0, 0, 'TRY', NULL),
('0fcd2141-fbb5-4c45-a578-7e887bfd6ed8', 'KALE 346490', 'KALORİFER RADYATÖRÜ PEUGEOT PARTNER TEPEE - BERLINGO III 1.6HDI-1.6 16V (08+)', 'KALE', 'KALORİFER RADYATÖRÜ', '', 'https://pub-56f4ab060d934f85a7d1fec80dd03ee2.r2.dev/products_1774980127549-346490.webp', 47.39, 20, 'adet', TRUE, '2026-03-31T18:02:09.705427+00:00', NULL, 20, 0, 'USD', 0, 1, '6448.S7 - 6448.Q6 - 6448.S6', 'PEUGEOT', '', 33.85, 40, FALSE, 'İKLİM OTOMOTİV', FALSE, 0, 0, 'TRY', NULL),
('b3c2c4c4-ee35-4252-a9d6-9a39bf0f6735', 'ARTPAR-FR-RNCL5500149R', 'FAR RENAULT CLİO 5.5 24-> LEDLİ MOTORLU BEYİNLİ SOL', 'ARTPAR', 'RENAULT', '', 'https://cdn.artpar.com/products_migrated-1772832419308-b3c2c4c4-ee35-4252-a9d6-9a39bf0f6735.webp', 131.656, 0, 'adet', TRUE, '2026-03-06T11:03:15.278125+00:00', NULL, 0, 0, 'USD', 0, 1, '260600149R', 'RENAULT', 'CLİO 5.5', 94.04, 40, FALSE, 'KOREA OTOMOTİV', FALSE, 0, 0, 'TRY', NULL),
('5bbc1ce5-5288-4c4a-927c-e5dfbd62a3ec', 'ARTPAR-FR-HYGT1C010L', 'FAR GETZ 2002-2005 SOL ELEKTRİKLİ', 'ARTPAR', 'FAR', '', 'https://cdn.artpar.com/products_1772976637879-92101-1c010.webp', 39.032, 50, 'adet', TRUE, '2026-03-08T13:30:40.33081+00:00', NULL, 0, 50, 'USD', 0, 1, '92101-1C010', 'HYUNDAİ', 'GEZT', 27.88, 40, FALSE, NULL, FALSE, 0, 0, 'TRY', NULL),
('e3894d9e-cf1d-4116-be8b-708d7a67744e', 'ARTPAR-FR-CTC46208L4', 'FAR C4 08-> MOTORLU SOL', 'ARTPAR', 'FAR', '', 'https://cdn.artpar.com/products_1772906586462-6208-l4.webp', 0, 0, 'adet', TRUE, '2026-03-07T18:03:08.512884+00:00', NULL, 0, 0, 'USD', 0, 1, '6208.L4', 'CİTROEN', 'C4', 0, 40, FALSE, NULL, FALSE, 0, 0, 'TRY', NULL),
('2e903163-3e44-4066-83d2-fbe194e6db6a', 'ARTPAR-FR-CTC46206L4', 'FAR C4 08-> MOTURLU SAĞ', 'ARTPAR', 'FAR', '', 'https://cdn.artpar.com/products_1772906641273-6206-l4.webp', 0, 0, 'adet', TRUE, '2026-03-07T18:04:03.979214+00:00', NULL, 0, 0, 'USD', 0, 1, '6206.L4', 'CİTROEN', 'C4', 0, 40, FALSE, NULL, FALSE, 0, 0, 'TRY', NULL),
('6dc870b3-8246-4618-87d8-938c558faa50', 'ARTPAR-STP-CTELY00780', 'STOP C-ELYSEE 17-> MAKYAJLI KASA DUYLU SOL', 'ARTPAR', 'STOP', '', 'https://cdn.artpar.com/products_1772906703075-9817303780.webp', 0, 0, 'adet', TRUE, '2026-03-07T18:05:04.715264+00:00', NULL, 0, 0, 'USD', 0, 1, '9817303780', 'CİTROEN', 'C-ELYSEE', 0, 40, FALSE, NULL, FALSE, 0, 0, 'TRY', NULL),
('63fb8507-e835-4841-9c78-1b066c05a362', 'ARTPAR-STP-VWCD00095Q', 'STOP CADDY 16-19 ÇİFT KAPI SOL', 'ARTPAR', 'STOP', '', 'https://cdn.artpar.com/products_1772839081854-2k1945095q.webp', 0, 0, 'adet', TRUE, '2026-03-06T23:18:04.292757+00:00', NULL, 0, 0, 'USD', 0, 1, '2K1945095Q', 'VOLKSWAGEN', 'CADDY', 0, 40, FALSE, NULL, FALSE, 0, 0, 'TRY', NULL),
('328f4f0d-0280-4250-9472-839d9fe4d499', 'KALE 350515', 'KALORİFER RADYATÖRÜ (BORULU/KELEPÇELİ) EGEA / DOBLO / PRATICO / LINEA / GRANDE PUNTO / PUNTO EVO / QUBO - ALFA ROMEO MITO - OPEL CORSA D / CORSA E', 'KALE', 'KALORİFER RADYATÖRÜ', '', 'https://pub-56f4ab060d934f85a7d1fec80dd03ee2.r2.dev/products_1775242806366-350515.webp', 51.730000000000004, 15, 'adet', TRUE, '2026-04-03T19:00:08.514227+00:00', NULL, 15, 0, 'USD', 0, 1, '1611726780 - 77365333 - 77366860', '', '', 36.95, 40, FALSE, 'İKLİM OTOMOTİV', FALSE, 0, 0, 'TRY', NULL),
('08cafc24-48f9-4702-a0a9-e48e99cf0b00', 'KALE 346545', 'KALORİFER RADYATÖRÜ FORD FIESTA VI (08+)', 'KALE', 'KALORİFER RADYATÖRÜ', '', 'https://pub-56f4ab060d934f85a7d1fec80dd03ee2.r2.dev/products_1774979521282-346545.webp', 45.373999999999995, 20, 'adet', TRUE, '2026-03-31T17:52:07.46105+00:00', NULL, 20, 0, 'USD', 0, 1, '8V5118B539AC - 8V5118B539AB', 'FORD', 'FIESTA', 32.41, 40, FALSE, 'İKLİM OTOMOTİV', FALSE, 0, 0, 'TRY', NULL),
('e2371593-aa4f-423b-8283-4082afd49566', 'ARTPAR-HNCV305L', 'FAR CIVIC 2016-2021 LEDSİZ MOTORLU SOL', 'ARTPAR', 'FAR', '', 'https://cdn.artpar.com/products_1772977682951-33150-tec-305.webp', 111.916, 50, 'adet', TRUE, '2026-03-08T13:48:06.15075+00:00', NULL, 0, 50, 'USD', 0, 1, '33150-TEC-305', 'HONDA', 'CİVİC', 79.94, 40, FALSE, NULL, FALSE, 0, 0, 'TRY', NULL),
('c8ff6d24-d6d7-4be7-8682-45e1692bc17f', 'ARTPAR-WP-600BD', '1.2 - 1.4 TSI SU POMPASI KOMPLE + KAYIŞ', 'ORİJİNAL', 'SU POMPASI', '', 'https://cdn.artpar.com/products_1773576555736-04e121600bd.webp', 237.99999999999997, 24, 'adet', TRUE, '2026-03-15T12:09:22.681931+00:00', NULL, 24, 0, 'USD', 0, 1, '04E121600BD', 'VOLKSWAGEN', '', 170, 40, FALSE, NULL, FALSE, 0, 0, 'TRY', NULL),
('04597d61-bc33-4544-ad37-37a25cafb0e2', 'KALE 347305', 'KLİMA RADYATÖRÜ FIAT EGEA 1.4 BENZINLI', 'KALE', 'KLİMA RADYATÖRÜ', '', 'https://pub-56f4ab060d934f85a7d1fec80dd03ee2.r2.dev/products_1775243158392-347305.webp', 110.38999999999999, 15, 'adet', TRUE, '2026-04-03T19:06:01.851635+00:00', NULL, 15, 0, 'USD', 0, 1, '51887906', 'FIAT', 'EGEA', 78.85, 40, FALSE, 'İKLİM OTOMOTİV', FALSE, 0, 0, 'TRY', NULL),
('a4556fca-c09e-42a5-9c08-1b848094b237', 'ARTPAR-FR-CTC300680', 'FAR CITROEN C3 SOL 2016 SONRASI', 'ARTPAR', 'FAR', '', 'https://pub-56f4ab060d934f85a7d1fec80dd03ee2.r2.dev/products_1775551056779-9820059680.webp', 90.104, 10, 'adet', TRUE, '2026-04-07T08:36:57.323296+00:00', NULL, 10, 0, 'USD', 0, 1, '9820059680', 'CITROEN', 'C3', 64.36, 40, FALSE, 'ZENON OTOMOTİV', FALSE, 0, 0, 'TRY', NULL),
('f54aff8e-c831-4200-9ee4-85e2babeaef2', 'ARTPAR-TRB-722G', '1.2 - 1.4 TSI CZD MOTOR TURBO KOMPLE', 'ORİJİNAL', 'TURBO', '', 'https://cdn.artpar.com/products_1773577013272-04e145722g.webp', 887.5999999999999, 60, 'adet', TRUE, '2026-03-15T12:16:55.591841+00:00', NULL, 60, 0, 'USD', 0, 1, '04E145722G', 'VOLKSWAGEN', '', 634, 40, FALSE, NULL, FALSE, 0, 0, 'TRY', NULL),
('cb92b3f8-5228-4221-8ecf-c29e244ca37d', 'ARTPAR-ENJ-036Q', '1.4 TSI CZD MOTOR ENJEKTÖR + KÜTÜK TAKIM', 'ORİJİNAL', 'ENJEKTÖR', '', 'https://cdn.artpar.com/products_1773577299602-0e906036q.webp', 190.39999999999998, 120, 'adet', TRUE, '2026-03-15T12:22:03.490915+00:00', NULL, 120, 0, 'USD', 0, 1, '04E906036Q', 'VOLKSWAGEN', '', 136, 40, FALSE, NULL, FALSE, 0, 0, 'TRY', NULL),
('a84694b1-0ea7-47f7-833c-704660987f48', 'KALE 342080', 'MOTOR SU RADYATÖRÜ JEEP GRAND CHEROKEE 5.2 I 4X4 / 5.9I 4X4 (92-99) (AT)', 'KALE', 'SU RADYATÖRÜ', '', 'https://pub-56f4ab060d934f85a7d1fec80dd03ee2.r2.dev/products_1774988018624-342080.webp', 175.81199999999998, 15, 'adet', TRUE, '2026-03-31T20:13:40.718006+00:00', NULL, 15, 0, 'TRY', 0, 1, '4734104 - 52006644 - 52079598', 'JEEP', '', 125.58, 40, FALSE, 'İKLİM OTOMOTİV', FALSE, 0, 0, 'TRY', NULL),
('eefbc24d-4c2b-4561-bf20-f050f2e46917', 'ARTPAR-STP-HYI20-1J000L', 'STOP HYUNDAI  İ20 2009-2012 SOL', 'ARTPAR', 'STOP', '', 'https://cdn.artpar.com/products_1774440946084-92402-1j000.webp', 44.254, 50, 'adet', TRUE, '2026-03-25T12:15:48.852016+00:00', NULL, 0, 50, 'USD', 0, 1, '92401-1J000', 'HYUNDAİ', 'İ20', 31.61, 40, FALSE, 'KOREA OTOMOTİV', FALSE, 0, 0, 'TRY', NULL),
('daa3d366-6c6f-492c-aa11-59e8491365cf', 'ARTPAR-FR-HYAC511R', 'FAR HYUNDAİ ACCENT 2003-2005 ELEKTRİKLİ BEYAZ SAĞ', 'ARTPAR', 'FAR', '', 'https://cdn.artpar.com/products_1774471619622-92102-25511.webp', 36.483999999999995, 50, 'adet', TRUE, '2026-03-25T20:47:01.761449+00:00', NULL, 0, 50, 'USD', 0, 1, '92102-25511', 'HYUNDAİ', 'ACCENT', 26.06, 40, FALSE, 'KOREA OTOMOTİV', FALSE, 0, 0, 'TRY', NULL),
('a9a5c452-7103-4bb6-80ec-2759fede1d1c', 'KALE 0520241AB', 'MOTOR SU RADYATÖRÜ RENAULT MEGANE 4 / TALİSMAN / SCENIC 4', 'KALE', 'SU RADYATÖRÜ', '', 'https://cdn.artpar.com/products_1774645160016-kale-0520241ab.webp', 134.48399999999998, 10, 'adet', TRUE, '2026-03-27T20:59:23.181692+00:00', NULL, 10, 0, 'USD', 0, 1, '214102235R', 'RENAULT', 'MEGANE / SCENİC', 96.06, 40, FALSE, 'İKLİM OTOMOTİV', FALSE, 0, 0, 'TRY', NULL),
('4a32be7e-09cb-4613-b306-3925808a81a9', 'KALE 0206151AB', 'MOTOR SU RADYATÖRÜ FORD TRANSIT T12/15/19', 'KALE', 'SU RADYATÖRÜ', '', 'https://cdn.artpar.com/products_1774726370109-kale-0206151ab.webp', 131.6, 10, 'adet', TRUE, '2026-03-28T19:32:52.391229+00:00', NULL, 10, 0, 'USD', 0, 1, '92VT8005A1A - 92VT8005AA', 'FORD', 'TRANSIT', 94, 40, FALSE, 'İKLİM OTOMOTİV', FALSE, 0, 0, 'TRY', NULL),
('73ba7673-7bb9-4a12-93fd-6397c03b1f57', 'ARTPAR-FR-HYAC22300R', 'FAR HYUNDAI ACCENT 98-99 SAĞ', 'ARTPAR', 'FAR', '', 'https://cdn.artpar.com/products_1774439252277-92101-22300.webp', 22.442, 50, 'adet', TRUE, '2026-03-25T11:47:35.315502+00:00', NULL, 0, 50, 'USD', 0, 1, '92102-22300', 'HYUNDAİ', 'ACCENT', 16.03, 40, FALSE, 'KOREA OTOMOTİV', FALSE, 0, 0, 'TRY', NULL),
('cc38e397-7246-4c28-9171-a663e0dfcd68', 'ARTPAR-FR-HYH100-43810', 'FAR HYUNDAİ H100 97-08 MİNİBÜS SOL', 'ARTPAR', 'FAR', '', 'https://cdn.artpar.com/products_1774466108739-92101-43810.webp', 27.65, 50, 'adet', TRUE, '2026-03-25T19:15:11.379377+00:00', NULL, 0, 50, 'USD', 0, 1, '92101-43810', 'HYUNDAİ', 'H100', 19.75, 40, FALSE, 'KOREA OTOMOTİV', FALSE, 0, 0, 'TRY', NULL),
('cf55c282-1981-49ea-aff3-6eb6f87e4fd5', 'KALE 347285', 'KLİMA RADYATÖRÜ FIAT EGEA 1.3 / 1.6 MJET / 1.4 BENZINLI', 'KALE', 'KLİMA RADYATÖRÜ', '', 'https://pub-56f4ab060d934f85a7d1fec80dd03ee2.r2.dev/products_1775243271492-347285.webp', 118.58, 15, 'adet', TRUE, '2026-04-03T19:07:53.456936+00:00', NULL, 15, 0, 'USD', 0, 1, '51887955 - 52102801', 'FIAT', 'EGEA', 84.7, 40, FALSE, 'İKLİM OTOMOTİV', FALSE, 0, 0, 'TRY', NULL),
('d061af8d-bda6-4f66-abd3-efe6d87f1e8e', 'ARTPAR-STP-STIB00095K', 'SEAT İBİZA 2012-2017ARKA STOP DIŞ SOL ', 'ARTPAR', 'STOP', '', 'https://cdn.artpar.com/products_1772838586091-6j4945095k.webp', 39.774, 50, 'adet', TRUE, '2026-03-06T23:09:48.073414+00:00', NULL, 0, 50, 'USD', 0, 1, '6J4945095K', 'SEAT', 'IBIZA', 28.41, 40, FALSE, NULL, FALSE, 0, 0, 'TRY', NULL),
('9eb92551-1319-4f5d-b71d-eb805f536f77', 'KALE 2062011', 'MOTOR SU RADYATÖRÜ PEUGEOT BIPPER - CITROEN NEMO 1,4/1,6HDI (MT) (KLİMALI) ', 'KALE', 'SU RADYATÖRÜ', '', '', 148.75, 5, 'adet', TRUE, '2026-04-05T17:17:48.308918+00:00', NULL, 5, 0, 'USD', 10, 1, '1330.V0 - 1330.T9 - 51790709 - 1330.Y4', '', '', 106.25, 40, TRUE, 'İKLİM OTOMOTİV', FALSE, 0, 0, 'TRY', NULL),
('964946d0-e313-4452-8732-bb2551e2c260', 'ARTPAR-FDB-RNMG200033', 'SİGORTA KUTUSU RENAULT MEGANE 2', 'İTHAL', 'SİGORTA KUTUSU', '', 'https://pub-56f4ab060d934f85a7d1fec80dd03ee2.r2.dev/products_1775557078465-11373.webp', 127.46999999999998, 10, 'adet', TRUE, '2026-04-07T10:18:00.674413+00:00', NULL, 10, 0, 'USD', 0, 1, '8200306033 / 8200262385', 'RENAULT', 'MEGANE2', 91.05, 40, FALSE, 'ZENON OTOMOTİV', FALSE, 0, 0, 'TRY', NULL),
('a5a6311c-c66b-46b5-aa10-a20ccebb843f', 'ARTPAR-STP-BMW000229', 'STOP BMW 5/F10 2010-2013 SOL', 'ARTPAR', 'STOP', '', 'https://cdn.artpar.com/products_migrated-1772832463135-a5a6311c-c66b-46b5-aa10-a20ccebb843f.webp', 61.221999999999994, 40, 'adet', TRUE, '2026-03-06T12:54:05.35353+00:00', NULL, 40, 0, 'USD', 0, 1, '63217203229', 'BMW', '5/F10', 43.73, 40, FALSE, '', FALSE, 0, 0, 'TRY', NULL),
('cdeb691e-8a45-41d6-b162-cdbfc18e20bd', 'ARTPAR-STP-BMW000161', 'STOP BMW 5/F10 LCI 2015-2018 SOL', 'ARTPAR', 'STOP', '', 'https://cdn.artpar.com/products_migrated-1772832465038-cdeb691e-8a45-41d6-b162-cdbfc18e20bd.webp', 67.10199999999999, 25, 'adet', TRUE, '2026-03-06T17:17:34.590262+00:00', NULL, 25, 0, 'USD', 0, 1, '63217306161', 'BMW', '5/F10LCI', 47.93, 40, FALSE, 'KOREA OTOMOTİV', FALSE, 0, 0, 'TRY', NULL),
('4b81a244-c434-45fa-b77f-f25267a2e74c', 'ARTPAR-FR-VWPS7006', 'FAR VOLKSWAGEN PASSAT B7L 2011-2015 H7 AMPUL MOTORLU SAĞ', 'ARTPAR', 'FAR', '', 'https://cdn.artpar.com/products_1774735193847-3ab941006.webp', 0, 0, 'adet', TRUE, '2026-03-28T21:59:27.296714+00:00', NULL, 0, 0, 'USD', 0, 1, '3AB941006', 'VOLKSWAGEN', 'PASSAT B7', 0, 40, FALSE, 'KOREA OTOMOTİV', FALSE, 0, 0, 'TRY', NULL),
('07aa09a3-107c-4fbe-93c8-8ce371c2434c', 'ARTPAR-FR-CTC300280', 'FAR CITROEN C3 SAĞ 2016 SONRASI', 'ARTPAR', 'FAR', '', 'https://pub-56f4ab060d934f85a7d1fec80dd03ee2.r2.dev/products_1775551112427-9820059680.webp', 90.104, 10, 'adet', TRUE, '2026-04-07T08:38:34.304318+00:00', NULL, 10, 0, 'USD', 0, 1, '9820059280', 'CITROEN', 'C3', 64.36, 40, FALSE, 'ZENON OTOMOTİV', FALSE, 0, 0, 'TRY', NULL),
('99e25512-0262-40f8-8616-4b6a1a2fe612', 'KALE 375655', 'TURBO RADYATORU BMW N54 N55 F10 F11 F01 F07', 'KALE', 'INTERCOOLER', '', 'https://cdn.artpar.com/products_1774642653791-375655.webp', 116.47999999999999, 10, 'adet', TRUE, '2026-03-27T20:17:35.963649+00:00', NULL, 10, 0, 'USD', 0, 1, '17517577115', 'BMW', '', 83.2, 40, FALSE, 'İKLİM OTOMOTİV', FALSE, 0, 0, 'TRY', NULL),
('574d1008-510a-471c-8a50-95fcf7a7a64c', 'KALE 200ABC040', 'KLİMA RADYATÖRÜ PEUGEOT 206', 'KALE', 'KLİMA RADYATÖRÜ', '', 'https://cdn.artpar.com/products_1774724287420-200abc040.webp', 143.57, 15, 'adet', TRUE, '2026-03-28T18:58:09.428071+00:00', NULL, 15, 0, 'USD', 0, 1, '6455.CJ - 6455.CH - 6455.FY - 9651867080', 'PEUGEOT', '206', 102.55, 40, FALSE, 'İKLİM OTOMOTİV', FALSE, 0, 0, 'TRY', NULL),
('e76474c7-b549-4575-aaa6-0af2067a9644', 'KALE 342580', 'KLİMA + SU RADYATÖR (R+C) CLIO III 1.5DCI (DÜZ BOĞAZ)', 'KALE', 'SU + KLİMA RADYATÖRÜ', '', 'https://cdn.artpar.com/products_1774893020449-342580.webp', 170.73, 5, 'adet', TRUE, '2026-03-30T17:50:22.976945+00:00', NULL, 5, 0, 'USD', 20, 1, '8200134606 - 8200289194 - 8200688382', 'RENAULT', '', 121.95, 40, TRUE, 'İKLİM OTOMOTİV', FALSE, 0, 0, 'TRY', NULL),
('95e0673f-f531-44d3-9f07-14a0b6647cf5', 'ARTPAR-STP-STIB00096K', 'SEAT İBİZA 2012-2017 ARKA STOP DIŞ SAG', 'ARTPAR', 'STOP', '', 'https://cdn.artpar.com/products_1772838625426-6j4945096k.webp', 39.774, 50, 'adet', TRUE, '2026-03-06T23:10:27.651905+00:00', NULL, 0, 50, 'USD', 0, 1, '6J4945096K', 'SEAT', 'IBIZA', 28.41, 40, FALSE, NULL, FALSE, 0, 0, 'TRY', NULL),
('be7ee162-d6d9-4c24-9561-31e15b90dd79', 'ARTPAR-FR-PEPR00380', 'FAR PARTNER 1.6 BLUEHDİ 12-> MOTORLU SAĞ', 'ARTPAR', 'FAR', '', 'https://cdn.artpar.com/products_1772907136695-9677202380.webp', 54.711999999999996, 20, 'adet', TRUE, '2026-03-07T18:12:18.430967+00:00', NULL, 20, 0, 'USD', 0, 1, '9677202380', 'PEUGEOT', 'PARTNER', 39.08, 40, FALSE, NULL, FALSE, 0, 0, 'TRY', NULL),
('a82ac5d9-0237-4f38-9209-84a85b47d278', 'KALE 346835', 'KALORİFER RADYATÖRÜ H100 MINIBUS (NAC)', 'KALE', 'KALORİFER RADYATÖRÜ', '', 'https://cdn.artpar.com/products_1774897035907-346835.webp', 38.164, 50, 'adet', TRUE, '2026-03-30T18:57:18.240288+00:00', NULL, 50, 0, 'USD', 0, 1, '9721143010 - 9721143100 - 9721143050', 'HYUNDAI', 'H100', 27.26, 40, FALSE, 'İKLİM OTOMOTİV', FALSE, 0, 0, 'TRY', NULL),
('fb3daa53-de37-4ee5-bb0e-439477b504b4', 'KALE 347245', 'KLİMA RADYATÖRÜ FIAT EGEA 1.3 / 1.6 MJET / 1.4 BENZINLI', 'KALE', 'TURBO RADYATÖRÜ', '', 'https://pub-56f4ab060d934f85a7d1fec80dd03ee2.r2.dev/products_1775243850634-347245.webp', 124.08199999999998, 15, 'adet', TRUE, '2026-04-03T19:17:33.211769+00:00', NULL, 15, 0, 'USD', 0, 1, '51887954', 'FIAT', 'EGEA', 88.63, 40, FALSE, 'İKLİM OTOMOTİV', FALSE, 0, 0, 'TRY', NULL),
('07de4925-7fb0-498d-baca-7cc7431eea69', 'ARTPAR-FR-CTC3L00180', 'FAR CITROEN C3 LED 2020 SONRASI SOL', 'ARTPAR', 'FAR', '', 'https://pub-56f4ab060d934f85a7d1fec80dd03ee2.r2.dev/products_1775551401730-9833480680.webp', 150.556, 10, 'adet', TRUE, '2026-04-07T08:43:24.084085+00:00', NULL, 10, 0, 'USD', 0, 1, '9836267180', 'CITROEN', 'C3', 107.54, 40, FALSE, 'ZENON OTOMOTİV', FALSE, 0, 0, 'TRY', NULL),
('3b21226d-7e09-47ce-987d-b55adc1e44d7', 'ARTPAR-TBH-673F', '1.4 TSI CZD MOTOR TURBO BAĞLANTI BORUSU', 'ORİJİNAL', 'TURBO BAĞLANTI BORUSU', '', 'https://cdn.artpar.com/products_1773577485973-04e145673f.webp', 71.428, 40, 'adet', TRUE, '2026-03-15T12:24:48.569475+00:00', NULL, 40, 0, 'USD', 0, 1, '04E145673F', 'VOLKSWAGEN', '', 51.02, 40, FALSE, NULL, FALSE, 0, 0, 'TRY', NULL),
('5b3e9bf4-ba92-425a-acff-428730a9826b', 'ARTPAR-FRL-CZD025D', '1.4 TSI CZD MOTOR YAKIT DAĞITICI', 'ORİJİNAL', 'YAKIT DAĞITICI', '', 'https://cdn.artpar.com/products_1773577649577-04e127025d.webp', 190.39999999999998, 34, 'adet', TRUE, '2026-03-15T12:27:32.308932+00:00', NULL, 34, 0, 'USD', 0, 1, '04E127025D', 'VOLKSWAGEN', '', 136, 40, FALSE, NULL, FALSE, 0, 0, 'TRY', NULL),
('7336052d-9177-40ea-95c4-2cfcda4c2557', 'ARTPAR-MNF-CZD711J', '1.4 TSI CZD MOTOR MANİFOLD + INTERCOOL RADYATÖR KOMPLE', 'ORİJİNAL', 'MANİFOLD', '', 'https://cdn.artpar.com/products_1773578423166-04e129711j.webp', 174.594, 27, 'adet', TRUE, '2026-03-15T12:40:25.366808+00:00', NULL, 27, 0, 'USD', 0, 1, '04E129711J', 'VOLKSWAGEN', '', 124.71, 40, FALSE, NULL, FALSE, 0, 0, 'TRY', NULL),
('b37de689-c3ab-4dae-a8e3-b44b4a08414d', 'ARTPAR-FR-OPASH-660HEL', 'OPEL ASTRA H FAR KROM ELEKTRİKLİ SAĞ', 'HELLA', 'FAR', '', 'https://cdn.artpar.com/products_1774713014524-1216660.webp', 280, 1, 'adet', TRUE, '2026-03-28T15:50:16.277762+00:00', NULL, 0, 1, 'USD', 0, 1, '1216660', 'OPEL', 'ASTRA H', 200, 40, FALSE, '', FALSE, 0, 0, 'TRY', NULL),
('91b80f04-68eb-4139-8875-338adb3f3894', 'ARTPAR-FR-VWPS8005A', 'FAR VOLKSWAGEN PASSAT B8 2016-2019 MOTORLU SOL', 'ARTPAR', 'FAR', '', 'https://cdn.artpar.com/products_1774735610026-3g1941005a.webp', 0, 0, 'adet', TRUE, '2026-03-28T22:06:51.919523+00:00', NULL, 0, 0, 'USD', 0, 1, '3G1941005A', 'VOLKSWAGEN', 'PASSAT B8', 0, 40, FALSE, 'KOREA OTOMOTİV', FALSE, 0, 0, 'TRY', NULL),
('80d5240d-f064-45c4-8157-42656ba66278', 'ARTPAR-CMP-CZD455D', '114 TSI CZD MOTOR EKSTANRİK KONUM SENSÖRÜ', 'ORİJİNAL', 'KONUM SENSÖRÜ', '', 'https://cdn.artpar.com/products_1773578622065-04e906455d.webp', 47.614, 120, 'adet', TRUE, '2026-03-15T12:43:46.87436+00:00', NULL, 120, 0, 'USD', 0, 1, '04E906455D', 'VOLKSWAGEN', '', 34.01, 40, FALSE, NULL, FALSE, 0, 0, 'TRY', NULL),
('52e61560-f2f1-4d07-b7c1-146b5043b3f8', 'ARTPAR-FRL-DXD027L', '1.5 TSI DXD MOTOR YAKIT DAĞITICI', 'ORİJİNAL', 'YAKIT DAĞITICI', '', 'https://cdn.artpar.com/products_1773577765783-05e127027l.webp', 268.79999999999995, 28, 'adet', TRUE, '2026-03-15T12:29:27.755872+00:00', NULL, 28, 0, 'USD', 0, 1, '05E127027L', 'VOLKSWAGEN', '', 192, 40, FALSE, NULL, FALSE, 0, 0, 'TRY', NULL),
('1a5762db-2ef4-4430-ac13-2d98c4246c53', 'ARTPAR-KS-905377D', 'VURUNTU SENSÖRÜ TÜM MODELLER', 'ORİJİNAL', 'VURUNTU SENSÖRÜ', '', 'https://cdn.artpar.com/products_1773579113722-030905377d.webp', 4.76, 240, 'adet', TRUE, '2026-03-15T12:51:58.211216+00:00', NULL, 240, 0, 'USD', 0, 1, '030905377D', '', '', 3.4, 40, FALSE, NULL, FALSE, 0, 0, 'TRY', NULL),
('197ce319-f44e-444e-8b66-48e1049929a0', 'ARTPAR-CMP-906455AC', '1.5 TSI DACA-DADA-DPC EKSANTRİK KONUM SENSÖRÜ', 'ORİJİNAL', 'KONUM SENSÖRÜ', '', 'https://cdn.artpar.com/products_1773579604989-04e906455ac.webp', 57.134, 50, 'adet', TRUE, '2026-03-15T13:00:07.848208+00:00', NULL, 50, 0, 'USD', 0, 1, '04E906455AC', 'VOLKSWAGEN', '', 40.81, 40, FALSE, NULL, FALSE, 0, 0, 'TRY', NULL),
('f61d3ce6-afc2-4f06-89d6-2a748a01ef01', 'ARTPAR-CMP-TSI455D', '1.0 TSI DLA MOTOR EKSANTRİK KONUM SENSÖRÜ', 'ORİJİNAL', 'KONUM SENSÖRÜ', '', 'https://cdn.artpar.com/products_1773579810388-05c906455d.webp', 63.489999999999995, 50, 'adet', TRUE, '2026-03-15T13:03:32.445492+00:00', NULL, 50, 0, 'USD', 0, 1, '05C906455D', 'VOLKSWAGEN', '', 45.35, 40, FALSE, NULL, FALSE, 0, 0, 'TRY', NULL),
('35559423-088f-4cfe-b4f4-42a33b7f362e', 'ARTPAR-OPS-TFSI081A', '1.2 - 1.4 TSI TFSI YAĞ MÜŞÜRÜ MAVİ', 'ORİJİNAL', 'YAĞ MÜŞÜRÜ', '', 'https://cdn.artpar.com/products_1773579941894-04e919081a.webp', 14.279999999999998, 100, 'adet', TRUE, '2026-03-15T13:05:43.986439+00:00', NULL, 100, 0, 'USD', 0, 1, '04E919081A', 'VOLKSWAGEN', '', 10.2, 40, FALSE, NULL, FALSE, 0, 0, 'TRY', NULL),
('3b6c6ff0-1cb7-41e8-8cae-13da197b1a26', 'ARTPAR-STP-FIEG122R', 'STOP FİAT EGEA 2023 DIŞ LEDLİ SAĞ', 'ARTPAR', 'STOP', '', 'https://cdn.artpar.com/products_1774732567128-52204122.webp', 0, 0, 'adet', TRUE, '2026-03-28T21:16:09.955983+00:00', NULL, 0, 0, 'USD', 0, 1, '52204122', 'FIAT', 'EGEA', 0, 40, FALSE, 'KOREA OTOMOTİV', FALSE, 0, 0, 'TRY', NULL),
('1b5c3d98-69e8-4459-afd3-c20121a6c575', 'KALE 346605', 'KALORİFER RADYATÖRÜ MERCEDES', 'KALE', 'KALORİFER RADYATÖRÜ', '', 'https://cdn.artpar.com/products_1774895607977-346605.webp', 56.92399999999999, 20, 'adet', TRUE, '2026-03-30T18:33:31.60853+00:00', NULL, 20, 0, 'USD', 0, 1, '', 'MERCEDES', '', 40.66, 40, FALSE, 'İKLİM OTOMOTİV', FALSE, 0, 0, 'TRY', NULL),
('0b575095-e270-45b7-b5df-8410bc77ab05', 'KALE 359180', 'FAN MOTORU FORD FOCUS III 14<17 ; YENI CONNCET 14=> ; KUGA II', 'KALE', 'FAN MOTORU', '', 'https://pub-56f4ab060d934f85a7d1fec80dd03ee2.r2.dev/products_1775245264902-359180.webp', 199.34599999999998, 15, 'adet', TRUE, '2026-04-03T19:41:09.104725+00:00', NULL, 15, 0, 'USD', 0, 1, 'F1F18C607HE - 2244632 - F1F18C607HF', 'FORD', '', 142.39, 40, FALSE, 'İKLİM OTOMOTİV', FALSE, 0, 0, 'TRY', NULL),
('71068c71-5001-4858-9076-c1826dcb68dd', 'ARTPAR-FR-CTC3L00580', 'FAR CITROEN C3 LED 2020 SONRASI SAĞ', 'ARTPAR', 'FAR', '', 'https://pub-56f4ab060d934f85a7d1fec80dd03ee2.r2.dev/products_1775551528259-9833480680.webp', 150.556, 3, 'adet', TRUE, '2026-04-07T08:45:30.576359+00:00', NULL, 3, 0, 'USD', 0, 1, '9836161580', 'CITROEN', 'C3', 107.54, 40, FALSE, 'ZENON OTOMOTİV', FALSE, 0, 0, 'TRY', NULL),
('98fee2ce-6cbe-42a9-9f4e-9f74d066edc4', 'ARTPAR-FR-PEBR00580', 'FAR BERLİNGO/TEPEE 12-> MOTORLU SAĞ', 'ARTPAR', 'FAR', '', 'https://cdn.artpar.com/products_1772907003376-9806306580.webp', 0, 0, 'adet', TRUE, '2026-03-07T18:10:07.443338+00:00', NULL, 0, 0, 'USD', 0, 1, '9806306580', 'PEUGEOT', 'BERLİNGO', 0, 40, FALSE, NULL, FALSE, 0, 0, 'TRY', NULL),
('be69e128-142a-4a1e-8e2f-a058c648692e', 'ARTPAR-FR-PE301080', 'FAR 301 13-16 MOTORLU SOL', 'ARTPAR', 'FAR', '', 'https://cdn.artpar.com/products_1772924679887-9675139080.webp', 0, 0, 'adet', TRUE, '2026-03-07T23:04:42.114561+00:00', NULL, 0, 0, 'USD', 0, 1, '9675139080', 'PEUGEOT', '301', 0, 40, FALSE, NULL, FALSE, 0, 0, 'TRY', NULL),
('9fe432fd-d079-4601-8f83-411cd362e517', 'ARTPAR-STP-PE30100780', 'STOP 301 13-16 DUYLU SOL', 'ARTPAR', 'STOP', '', 'https://cdn.artpar.com/products_1772907196927-9674807780.webp', 0, 0, 'adet', TRUE, '2026-03-07T18:13:18.724019+00:00', NULL, 0, 0, 'USD', 0, 1, '9674807780', 'PEUGEOT', '301', 0, 40, FALSE, NULL, FALSE, 0, 0, 'TRY', NULL),
('5e12a2cb-09d7-4a09-957c-2ccb5dde0e0d', 'ARTPAR-STP-PE30100580', '301 2017 ARKA STOP SAG MAKYAJLI DUYLU', 'ARTPAR', 'STOP', '', 'https://cdn.artpar.com/products_1772907385725-9817301180.webp', 0, 0, 'adet', TRUE, '2026-03-07T18:16:27.664446+00:00', NULL, 0, 0, 'USD', 0, 1, '9817301580', 'PEUGEOT', '301', 0, 40, FALSE, NULL, FALSE, 0, 0, 'TRY', NULL),
('38ffaa92-bf91-479c-a0a2-3091a8c18d19', 'ARTPAR-STP-PERF00380', 'STOP LAMBASI SOL PEUGEOT RIFTER 2020 DUYSUZ TEK KAPI ', 'ARTPAR', 'STOP', '', 'https://cdn.artpar.com/products_1772924070780-9819427380.webp', 0, 0, 'adet', TRUE, '2026-03-07T22:54:33.98251+00:00', NULL, 0, 0, 'USD', 0, 1, '9819427380', 'PEUGEOT', 'RİFTER', 0, 40, FALSE, NULL, FALSE, 0, 0, 'TRY', NULL),
('96ccf4a2-bd03-4fe8-b8bd-019d73662571', 'ARTPAR-STP-PERF00280', 'STOP LAMBASI SAG PEUGEOT RIFTER 2020 DUYSUZ TEK KAPI ', 'ARTPAR', 'STOP', '', 'https://cdn.artpar.com/products_1772924113667-9820555280.webp', 0, 0, 'adet', TRUE, '2026-03-07T22:55:15.595752+00:00', NULL, 0, 0, 'USD', 0, 1, '9820555280', 'PEUGEOT', 'RİFTER', 0, 40, FALSE, NULL, FALSE, 0, 0, 'TRY', NULL),
('d503b4f4-9e00-4697-8870-d94d4b24a6e2', 'ARTPAR-STP-CTBR00880', 'STOP LAMBASI SAG CITROEN BERLINGO 2018 K9 ÇİFT KAPI OPEL COMBO E -- DOBLO 2019  DUYSUZ ', 'ARTPAR', 'STOP', '', 'https://cdn.artpar.com/products_1772924186419-9819235880.webp', 0, 0, 'adet', TRUE, '2026-03-07T22:56:28.622809+00:00', NULL, 0, 0, 'USD', 0, 1, '9819235880', 'CİTROEN', 'BERLİNGO', 0, 40, FALSE, NULL, FALSE, 0, 0, 'TRY', NULL)
ON CONFLICT DO NOTHING;

INSERT INTO public."products" ("id", "code", "name", "brand", "category", "description", "image_url", "list_price", "stock_quantity", "unit", "is_active", "created_at", "product_number", "stock_merkez", "stock_depo", "currency", "discount_rate", "box_quantity", "oem_no", "car_brand", "car_model", "cost_price", "profit_margin", "is_campaign", "supplier_brand", "is_fixed_price", "cart_discount_rate", "fixed_price_value", "fixed_price_currency", "fixed_usd_rate") VALUES
('2ec298ff-fe72-4688-9449-83f2e1bb7919', 'ARTPAR-STP-CTBR00880R', 'STOP LAMBASI SAG CITROEN BERLINGO 2018 K9 ÇİFT KAPI OPEL COMBO E -- DOBLO 2019 DUYSUZ ', 'ARTPAR', 'STOP', '', 'https://cdn.artpar.com/products_1772924261194-9820554880.webp', 0, 0, 'adet', TRUE, '2026-03-07T22:57:43.287992+00:00', NULL, 0, 0, 'USD', 0, 1, '9820554880', 'CİTROEN', 'BERLİNGO', 0, 40, FALSE, NULL, FALSE, 0, 0, 'TRY', NULL),
('9a131458-640b-472e-a69e-dc2088b4ab2e', 'ARTPAR-FRA-SKSPB0431M', 'FAR AÇMA KAPAMA ANAHTARI SUPERB-OCTAVIA', 'ORİJİNAL', 'FAR ANAHTARI', '', 'https://cdn.artpar.com/products_1773608876004-5e0941431m.webp', 25.396, 120, 'adet', TRUE, '2026-03-15T21:07:59.275095+00:00', NULL, 120, 0, 'USD', 0, 1, '5E0941431M', 'SKODA', '', 18.14, 40, FALSE, NULL, FALSE, 0, 0, 'TRY', NULL),
('b7bdd27a-50c1-436f-900b-905dab0b0b24', 'ARTPAR-STP-TYCR-02D10R', 'STOP TOYOTA COROLLA 2019-2021 DIŞ SAĞ', 'ARTPAR', 'STOP', '', 'https://cdn.artpar.com/products_1774454925279-81551-02d1.webp', 47.978, 50, 'adet', TRUE, '2026-03-25T16:08:47.31293+00:00', NULL, 0, 50, 'USD', 0, 1, '81551-02D10', 'TOYOTA', 'COROLLA', 34.27, 40, FALSE, 'KOREA OTOMOTİV', FALSE, 0, 0, 'TRY', NULL),
('0245b3ee-3aee-4366-9487-6216718c7c48', 'KALE 352845', 'MOTOR SU RADYATÖRÜ FORD CONNECT 13- / FOCUS 11- Dizel', 'KALE', 'SU RADYATÖRÜ', '', 'https://pub-56f4ab060d934f85a7d1fec80dd03ee2.r2.dev/products_1775253307073-352845.webp', 197.428, 15, 'adet', TRUE, '2026-04-03T21:55:09.289092+00:00', NULL, 15, 0, 'USD', 0, 1, 'BV618005BD - 1703514 - 1720432 - 1804847', 'FORD', '', 141.02, 40, FALSE, 'İKLİM OTOMOTİV', FALSE, 0, 0, 'TRY', NULL),
('9d84f1d1-a952-4e93-82e2-d6667d2d7519', 'ARTPAR-FR-FIDC00480', 'FAR LEDLİ SOL FIAT DUCATO / PEUGEOT BOXER / 2015 SONRASI', 'ARTPAR', 'FAR', '', 'https://pub-56f4ab060d934f85a7d1fec80dd03ee2.r2.dev/products_1775552185731-94.webp', 175.826, 10, 'adet', TRUE, '2026-04-07T08:52:51.731842+00:00', NULL, 10, 0, 'USD', 0, 1, '1634736480', '', '', 125.59, 40, FALSE, 'ZENON OTOMOTİV', FALSE, 0, 0, 'TRY', NULL),
('b0a08758-9a82-44bb-bef6-3ae934fae8c6', 'ARTPAR-STP-VWPLR0096', 'STOP POLO 10-15 DIŞ SAĞ', 'ARTPAR', 'STOP', '', 'https://cdn.artpar.com/products_1772877535337-6r0945096.webp', 0, 0, 'adet', TRUE, '2026-03-07T09:58:57.453058+00:00', NULL, 0, 0, 'USD', 0, 1, '6R0945096', 'VOLKSWAGEN', 'POLO', 0, 40, FALSE, NULL, FALSE, 0, 0, 'TRY', NULL),
('4d207dd8-b3fa-4127-a9c7-ceb0f5b4252b', 'KALE 346310', 'KALORİFER RADYATÖRÜ PEUGEOT 307 1.4HDI / 1.6HDI / 1.4 16V / 1.6 16V / 2.0 16V (03-05) (AL4) (OTOMATIK KLIMA)', 'KALE', 'KALORİFER RADYATÖRÜ', '', 'https://pub-56f4ab060d934f85a7d1fec80dd03ee2.r2.dev/products_1774979700773-346310.webp', 19.179999999999996, 20, 'adet', TRUE, '2026-03-31T17:55:03.421675+00:00', NULL, 20, 0, 'USD', 0, 1, '6448.K0', 'PEUGEOT', '307', 13.7, 40, FALSE, 'İKLİM OTOMOTİV', FALSE, 0, 0, 'TRY', NULL),
('938acaa5-62ba-4048-a27f-641cf05b3499', 'ARTPAR-FR-HYAC1R000L', 'FAR ACCENT BLUE 11-14 ELEKTRİKLİ MOTORLU SOL', 'ARTPAR', 'FAR', '', 'https://cdn.artpar.com/products_1772932385453-92101-1r000.webp', 61.06799999999999, 100, 'adet', TRUE, '2026-03-08T01:13:09.0258+00:00', NULL, 0, 100, 'USD', 0, 1, '92101-1R000', 'HYUNDAİ', 'ACCENT BLUE', 43.62, 40, FALSE, '', FALSE, 0, 0, 'TRY', NULL),
('f8775b17-33ce-4f1b-84b1-e0b37800e454', 'ARTPAR-STP-VWCD00096', 'STOP CADDY 11-15 SAĞ', 'ARTPAR', 'STOP', '', 'https://cdn.artpar.com/products_1772838972499-2k5945096.webp', 12.865999999999998, 50, 'adet', TRUE, '2026-03-06T23:16:14.483531+00:00', NULL, 0, 50, 'USD', 0, 1, '2K5945096', 'VOLKSWAGEN', 'CADDY', 9.19, 40, FALSE, NULL, FALSE, 0, 0, 'TRY', NULL),
('a256df9c-a849-44ab-b769-4fb68d29927e', 'ARTPAR-FR-HYH100-43810R', 'FAR HYUNDAİ H100 1997-2008 MİNİBÜS SAĞ', 'ARTPAR', 'FAR', '', 'https://cdn.artpar.com/products_1774466341425-92102-43810.webp', 27.65, 50, 'adet', TRUE, '2026-03-25T19:19:03.428152+00:00', NULL, 0, 50, 'USD', 0, 1, '92102-43810', 'HYUNDAİ', 'H100', 19.75, 40, FALSE, 'KOREA OTOMOTİV', FALSE, 0, 0, 'TRY', NULL),
('ef568b7d-e0f9-40da-9d74-8abb22fd9a85', 'KALE 375665', 'MERCEDES BENZ VITO W447 109CDI 111CDI 2014 SONRASI BRAZING', 'KALE', 'INTERCOOLER', '', 'https://cdn.artpar.com/products_1774642768979-375665.webp', 132.13199999999998, 10, 'adet', TRUE, '2026-03-27T20:19:31.517354+00:00', NULL, 10, 0, 'USD', 0, 1, 'A4475010501', 'MERCEDES', 'VİTO', 94.38, 40, FALSE, 'İKLİM OTOMOTİV', FALSE, 0, 0, 'TRY', NULL),
('6469c576-98e0-404a-ad4b-da4d21ed8f66', 'KALE 200ABC080', 'KLİMA RADYATÖRÜ PEUGEOT 206 1.1 / 1.4 / 1.6 / 2.0 HDI', 'KALE', 'KLİMA RADYATÖRÜ', '', 'https://cdn.artpar.com/products_1774724421057-200abc080.webp', 128.51999999999998, 0, 'adet', TRUE, '2026-03-28T19:00:22.695613+00:00', NULL, 0, 0, 'USD', 0, 1, '6455.CJ - 6455.CH - 6455.FY - 9651867080', 'PEUGEOT', '206', 91.8, 40, FALSE, 'İKLİM OTOMOTİV', FALSE, 0, 0, 'TRY', NULL),
('375da75c-d1a1-4fc7-a8f0-095367465aae', 'KALE 342860', 'KLİMA RADYATÖRÜ FIESTA VI 1.25 /1.4 16V /1.4TDCI (08+)', 'KALE', 'KLİMA RADYATÖRÜ', '', 'https://cdn.artpar.com/products_1774893632182-342860.webp', 89.152, 5, 'adet', TRUE, '2026-03-30T18:00:35.513343+00:00', NULL, 5, 0, 'USD', 0, 1, '8V5119710BB 8V5119710BC', 'FORD', '', 63.68, 40, FALSE, 'İKLİM OTOMOTİV', FALSE, 0, 0, 'TRY', NULL),
('17e02548-398e-462e-b3b6-db9628502157', 'ARTPAR-SİS-OPIG00224', 'LAMBA SİS INSIGNIA B 17-19 AMPULLU SAĞ', 'ARTPAR', 'SİS', '', 'https://cdn.artpar.com/products_1772926630210-13460224.webp', 27.146, 50, 'adet', TRUE, '2026-03-07T23:37:11.876497+00:00', NULL, 0, 50, 'USD', 0, 1, '13460224', 'OPEL', 'INSIGNIA', 19.39, 40, FALSE, NULL, FALSE, 0, 0, 'TRY', NULL),
('f3133336-6882-4afe-ba76-402a4285f265', 'KALE 346745', 'KALORİFER RADYATÖRÜ GOLF - PASSAT - CC - SUPERB - YETI - TİGUAN - SCİROCCO AT/MT', 'KALE', 'KALORİFER RADYATÖRÜ', '', 'https://cdn.artpar.com/products_1774645835373-346745.webp', 42.196, 10, 'adet', TRUE, '2026-03-27T21:10:43.987895+00:00', NULL, 10, 0, 'USD', 0, 1, '3C0819031 - 3C0819031A', 'VOLKSWAGEN', '', 30.14, 40, FALSE, 'İKLİM OTOMOTİV', FALSE, 0, 0, 'TRY', NULL),
('bf7461f9-028b-430c-a962-1319830f0340', 'KALE 356300', 'MOTOR SU RADYATÖRÜ C-MAX / FOCUS C-MAX / FOCUS II 1.6TDCI (03-10) - MAZDA 3 - VOLVO C30/C70/S40/V50 (MT)', 'KALE', 'SU RADYATÖRÜ', '', 'https://pub-56f4ab060d934f85a7d1fec80dd03ee2.r2.dev/products_1775253641962-356300.webp', 99.792, 10, 'adet', TRUE, '2026-04-03T21:58:55.587637+00:00', NULL, 10, 0, 'USD', 5, 1, '3M5H 8005 TL - 3M5H 8005 RK', '', '', 71.28, 40, TRUE, 'İKLİM OTOMOTİV', FALSE, 0, 0, 'TRY', NULL),
('b1bf0dd4-7ff0-4003-87c8-dc1cddf1c92e', 'ARTPAR-FR-FIDC00880', 'FAR LEDLİ SAĞ FIAT DUCATO / PEUGEOT BOXER / 2015 SONRASI', 'ARTPAR', 'FAR', '', 'https://pub-56f4ab060d934f85a7d1fec80dd03ee2.r2.dev/products_1775552129515-93.webp', 175.826, 10, 'adet', TRUE, '2026-04-07T08:56:04.700641+00:00', NULL, 10, 0, 'USD', 0, 1, '1631998880', '', '', 125.59, 40, FALSE, 'ZENON OTOMOTİV', FALSE, 0, 0, 'TRY', NULL),
('8814a009-2206-4b56-bdf6-6b3f864def33', 'ARTPAR-STP-STIB00095L', 'STOP İBİZA 13-16 4 KAPI 5 PİM LEDLİ SOL', 'ARTPAR', 'STOP', '', 'https://cdn.artpar.com/products_1772838781027-6j4945095l.webp', 58.926, 50, 'adet', TRUE, '2026-03-06T23:13:03.165083+00:00', NULL, 50, 0, 'USD', 0, 1, '6J4945095L', 'SEAT', 'IBIZA', 42.09, 40, FALSE, NULL, FALSE, 0, 0, 'TRY', NULL),
('553548fe-f7e5-47af-9a2e-e6572b2d4a9b', 'ARTPAR-FR-PE3008180', 'FAR 3008/5008 LEDLİ MOTORLU SOL', 'ARTPAR', 'FAR', '', 'https://cdn.artpar.com/products_1772924334048-1616878180.webp', 134.11999999999998, 60, 'adet', TRUE, '2026-03-07T22:58:55.744585+00:00', NULL, 50, 10, 'USD', 0, 1, '1616878180', 'PEUGEOT', '3008 / 5008', 95.8, 40, FALSE, NULL, FALSE, 0, 0, 'TRY', NULL),
('ccfbea1e-8dd3-437c-b176-c785b5c8dafb', 'ARTPAR-FR-RNCL400176R', 'FAR RENAULT CLİO 4 İÇİ SİYAH ÜST KROM SOL', 'ARTPAR', 'FAR', '', 'https://cdn.artpar.com/products_1774222497316-260601176r.webp', 64.988, 50, 'adet', TRUE, '2026-03-22T23:34:59.580063+00:00', NULL, 50, 0, 'USD', 0, 1, '260601176R', 'RENAULT', 'CLİO 4', 46.42, 40, FALSE, '', FALSE, 0, 0, 'TRY', NULL),
('23cc23c9-5070-4c39-b65c-20cd4244beca', 'ARTPAR-SİS-OPASJ0140', 'LAMBA SİS ASTRA J AMPULLU SOL ', 'ARTPAR', 'SİS', '', 'https://cdn.artpar.com/products_1772926692782-13367140.webp', 15.232, 50, 'adet', TRUE, '2026-03-07T23:38:14.597354+00:00', NULL, 0, 50, 'USD', 0, 1, '13367140', 'OPEL', 'ASTRA J', 10.88, 40, FALSE, NULL, FALSE, 0, 0, 'TRY', NULL),
('f91cc003-8759-487b-8805-8b20e6cde24c', 'ARTPAR-SİS-OPASK0864', 'LAMBA SİS ASTRA K 20-24 AMPULLU SAĞ', 'ARTPAR', 'SİS', '', 'https://cdn.artpar.com/products_1772927096024-39217863.webp', 27.692, 50, 'adet', TRUE, '2026-03-07T23:44:57.887138+00:00', NULL, 0, 50, 'USD', 0, 1, '39217864', 'OPEL', 'ASTRA K', 19.78, 40, FALSE, NULL, FALSE, 0, 0, 'TRY', NULL),
('d306c377-f594-4b33-a4f6-068d26fee0cd', 'ARTPAR-SİS-OPASK0908', 'LAMBA SİS ASTRA K 15-19 AMPULLU SAĞ ', 'ARTPAR', 'SİS', '', 'https://cdn.artpar.com/products_1772927210510-39098907.webp', 27.692, 50, 'adet', TRUE, '2026-03-07T23:46:52.723598+00:00', NULL, 0, 50, 'USD', 0, 1, '39098908', 'OPEL', 'ASTRA K', 19.78, 40, FALSE, NULL, FALSE, 0, 0, 'TRY', NULL),
('286de4a4-5154-4e85-ba9b-807e277284f3', 'LuK 602000500', 'Debriyaj Seti (Komple Kavrama-Çatalları Dahil) Fluence-Megane III-IV-Clio IV-Kadjar-Duster (Otomatik Vites-DC4)', 'LUK', 'KAVRAMA', '', 'https://cdn.artpar.com/products_1772931526444-luk-602000500.webp', 0, 0, 'adet', TRUE, '2026-03-08T00:58:51.489395+00:00', NULL, 0, 0, 'USD', 0, 1, '602000500', 'RENAULT', '', 0, 40, FALSE, NULL, FALSE, 0, 0, 'TRY', NULL),
('16c17433-801a-433b-9358-933961d4b6a1', 'ARTPAR-IND-RNMG400958R', 'SİNYAL MEGANE IV ÖN SOL', 'ARTPAR', 'SİNYAL', '', 'https://cdn.artpar.com/products_1774223778537-261306376r.webp', 18.997999999999998, 50, 'adet', TRUE, '2026-03-22T23:56:24.742781+00:00', NULL, 50, 0, 'USD', 0, 1, '261354958R', 'RENAULT', 'MEGANE4', 13.57, 40, FALSE, NULL, FALSE, 0, 0, 'TRY', NULL),
('158d8efe-734a-4ddf-945b-262688bb3f5a', 'ARTPAR-FR-VWGL70006', 'FAR GOLF 7 14-17 H15/H7 AMPUL MOTORLU SAĞ', 'ARTPAR', 'VOLKSWAGEN', '', 'https://cdn.artpar.com/products_migrated-1772832439904-158d8efe-734a-4ddf-945b-262688bb3f5a.webp', 59.388, 100, 'adet', TRUE, '2026-03-06T11:35:13.174792+00:00', NULL, 50, 50, 'USD', 0, 1, '5G1941006', 'VOLKSWAGEN', 'GOLF7', 42.42, 40, FALSE, NULL, FALSE, 0, 0, 'TRY', NULL),
('16f118a4-4e72-44c2-9122-62275c0147e0', 'ARTPAR-FR-VWPL0015C', 'FAR POLO 11-15 MOTORLU SOL', 'ARTPAR', 'FAR', '', 'https://cdn.artpar.com/products_1772837265226-6r1941016c.webp', 52.682, 49, 'adet', TRUE, '2026-03-06T22:43:33.255495+00:00', NULL, 0, 50, 'USD', 0, 1, '6R1941015C', 'VOLKSWAGEN', 'POLO', 37.63, 40, FALSE, NULL, FALSE, 0, 0, 'TRY', NULL),
('d314e3c9-4edb-4cc6-99fb-b4db3824636c', 'ARTPAR-STP-VWJT00095', 'STOP JETTA 12-14 DIŞ SOL', 'ARTPAR', 'STOP', '', 'https://cdn.artpar.com/products_1774286363626-5c6945095.webp', 22.596, 19, 'adet', TRUE, '2026-03-23T17:19:25.661087+00:00', NULL, 19, 0, 'USD', 0, 1, '5C6945095', 'VOLKSWAGEN', 'JETTA', 16.14, 40, FALSE, NULL, FALSE, 0, 0, 'TRY', NULL),
('a0bedc1d-1140-4d7a-9a98-c305d20b3414', 'KALE 346655', 'KALORİFER RADYATÖRÜ MAXIMA II-PRIMERA-SUNNY III - SUBARU LEGACY I', 'KALE', 'KALORİFER RADYATÖRÜ', '', 'https://cdn.artpar.com/products_1774897326318-346655.webp', 28.433999999999997, 50, 'adet', TRUE, '2026-03-30T19:02:08.777773+00:00', NULL, 50, 0, 'USD', 0, 1, '271406JH15', '', '', 20.31, 40, FALSE, 'İKLİM OTOMOTİV', FALSE, 0, 0, 'TRY', NULL),
('41d2d625-adbf-4a8b-b066-4e24228c493e', 'ARTPAR-STP-VWPS0095J', 'STOP PASSAT 8.5 19-22 DIŞ LEDLİ SOL ', 'ARTPAR', 'STOP', '', 'https://cdn.artpar.com/products_1772877755486-3g5945095j.webp', 0, 0, 'adet', TRUE, '2026-03-07T10:02:37.681794+00:00', NULL, 0, 0, 'USD', 0, 1, '3G5945095J', 'VOLKSWAGEN', 'PASSAT', 0, 40, FALSE, NULL, FALSE, 0, 0, 'TRY', NULL),
('1a315085-6379-4d61-b13e-00a17220ae35', 'ARTPAR-STP-VWPS0096J', 'STOP PASSAT 8.5 19-22 DIŞ LEDLİ SAĞ', 'ARTPAR', 'STOP', '', 'https://cdn.artpar.com/products_1772877790147-3g5945096j.webp', 0, 0, 'adet', TRUE, '2026-03-07T10:03:12.430669+00:00', NULL, 0, 0, 'USD', 0, 1, '3G5945096J', 'VOLKSWAGEN', 'PASSAT B8', 0, 40, FALSE, NULL, FALSE, 0, 0, 'TRY', NULL),
('0163e6ad-92b1-4d40-b177-29a03b0e13a5', 'ARTPAR-SİS-VWGL00699A', 'LAMBA SİS GOLF 5 04-09 MERCEKLİ AMPULLU SOL', 'ARTPAR', 'SİS', '', 'https://cdn.artpar.com/products_1772879684744-1k0941699a.webp', 12.474, 100, 'adet', TRUE, '2026-03-07T10:34:47.285761+00:00', NULL, 100, 0, 'USD', 0, 1, '1K0941699A', 'VOLKSWAGEN', 'GOLF 5', 8.91, 40, FALSE, NULL, FALSE, 0, 0, 'TRY', NULL),
('c07c9a3a-2630-4e93-89a1-027f088dc2f2', 'ARTPAR-FR-VWPS0035P', 'FAR PASSAT 20-> B8.5 FULL LEDLİ SOL', 'ARTPAR', 'FAR', '', 'https://cdn.artpar.com/products_1772837424551-3g1941035p.webp', 0, 0, 'adet', TRUE, '2026-03-06T22:50:26.360003+00:00', NULL, 0, 0, 'USD', 0, 1, '3G1941035P', 'VOLKSWAGEN', 'PASSAT B8', 0, 40, FALSE, NULL, FALSE, 0, 0, 'TRY', NULL),
('63d31849-7d1f-4e57-a6e5-cb88b02ba859', 'ARTPAR-SİS-VWTP00699', 'LAMBA SİS T5 03-09/POLO/FABIA AMPULLU SOL', 'ARTPAR', 'SİS', '', 'https://cdn.artpar.com/products_1772879124972-7e0941699.webp', 9.366, 50, 'adet', TRUE, '2026-03-07T10:25:28.42155+00:00', NULL, 50, 0, 'USD', 0, 50, '7E0941699', 'VOLKSWAGEN', 'TRANSPORTER T5', 6.69, 40, FALSE, NULL, FALSE, 0, 0, 'TRY', NULL),
('47cd2f59-bba2-4445-8917-2e3bdf041748', 'KALE 344165', 'MOTOR SU RADYATÖRÜ FOCUS 1.6 16V / 2.0 16V (98-04) (AT/MT)', 'KALE', 'SU RADYATÖRÜ', '', 'https://pub-56f4ab060d934f85a7d1fec80dd03ee2.r2.dev/products_1775253840195-344165.webp', 85.41399999999999, 10, 'adet', TRUE, '2026-04-03T22:04:02.472492+00:00', NULL, 10, 0, 'USD', 5, 1, 'ME98AB8005DF - 98AB8005KF - 1671967', 'FORD', '', 61.01, 40, TRUE, 'İKLİM OTOMOTİV', FALSE, 0, 0, 'TRY', NULL),
('4962a8ca-a128-4884-b9c3-a99fbdf2738d', 'abc', 'abc', 'abc', 'abc', '', '', 1.4, 1, 'adet', TRUE, '2026-04-07T09:12:20.98737+00:00', NULL, 1, 0, 'TRY', 0, 1, 'abc', 'abc', 'abc', 1, 40, FALSE, 'abc', FALSE, 0, 0, 'TRY', NULL),
('1eb004a6-8d6d-47ea-a512-67be2d90eda9', 'ARTPAR-STP-VWJT00096', 'STOP JETTA 12-14 DIŞ SAĞ', 'ARTPAR', 'STOP', '', 'https://cdn.artpar.com/products_1774286250295-5c6945096.webp', 22.596, 39, 'adet', TRUE, '2026-03-23T17:17:32.549468+00:00', NULL, 19, 20, 'USD', 0, 1, '5C6945096', 'VOLKSWAGEN', 'JETTA', 16.14, 40, FALSE, NULL, FALSE, 0, 0, 'TRY', NULL),
('eb38da68-81b3-4061-bea8-9ddd652d4192', 'ARTPAR-STP-VWJT00094R', 'STOP JETTA 12-14 İÇ SAĞ', 'ARTPAR', 'STOP', '', 'https://cdn.artpar.com/products_1774286090465-5c6945094r.webp', 21.266, 39, 'adet', TRUE, '2026-03-23T17:15:06.637049+00:00', NULL, 19, 20, 'USD', 0, 1, '5C6945094R', 'VOLKSWAGEN', 'JETTA', 15.19, 40, FALSE, NULL, FALSE, 0, 0, 'TRY', NULL),
('dfdb54ce-ca14-47f1-9a37-bdfc5feeb976', 'ARTPAR-FR-DCDUB0002', 'FAR DUSTER 2023 XJD LEDLİ BEYAZ ÇİZGİLİMOTORLU SAĞ', 'ARTPAR', 'RENAULT', '', 'https://cdn.artpar.com/products_migrated-1772832424537-dfdb54ce-ca14-47f1-9a37-bdfc5feeb976.webp', 156.156, 98, 'adet', TRUE, '2026-03-05T21:08:10.0282+00:00', NULL, 50, 50, 'USD', 0, 1, '260106194R', 'RENAULT', 'DUSTER XJD', 111.54, 40, FALSE, NULL, FALSE, 0, 0, 'TRY', NULL),
('62d92a23-293a-4f92-b1f6-7123a353dd2e', 'ARTPAR-FR-DCDUB0001', 'FAR DUSTER 2023 XJD LEDLİ BEYAZ ÇİZGİLİMOTORLU SOL', 'ARTPAR', 'RENAULT', '', 'https://cdn.artpar.com/products_migrated-1772832425608-62d92a23-293a-4f92-b1f6-7123a353dd2e.webp', 156.156, 98, 'adet', TRUE, '2026-03-05T21:07:25.82069+00:00', NULL, 50, 50, 'USD', 0, 1, '260602465R', 'RENAULT', 'DUSTER XJD', 111.54, 40, FALSE, NULL, FALSE, 0, 0, 'TRY', NULL),
('20b6876a-2051-46c8-97f2-31184b146690', 'ARTPAR-FR-VWGL70005', 'FAR GOLF 7 14-17 H15/H7 AMPUL MOTORLU SOL', 'ARTPAR', 'VOLKSWAGEN', '', 'https://cdn.artpar.com/products_migrated-1772832441097-20b6876a-2051-46c8-97f2-31184b146690.webp', 59.388, 100, 'adet', TRUE, '2026-03-06T11:35:56.206949+00:00', NULL, 50, 50, 'USD', 0, 1, '5G1941005', 'VOLKSWAGEN', 'GOLF7', 42.42, 40, FALSE, NULL, FALSE, 0, 0, 'TRY', NULL),
('76c4056b-7927-4726-9934-1a8c3396dba4', 'ARTPAR-FR-PERF00980', 'FAR PARTNER RİFTER 18-> SONRASI MOTORLU LEDSİZ SOL', 'ARTPAR', 'FAR', '', 'https://cdn.artpar.com/products_1772924891590-9816826980.webp', 96.79599999999999, 5, 'adet', TRUE, '2026-03-07T23:08:13.609798+00:00', NULL, 5, 0, 'USD', 0, 1, '9816826980', 'PEUGEOT', 'RİFTER / PARTNER', 69.14, 40, FALSE, NULL, FALSE, 0, 0, 'TRY', NULL),
('4d664952-8bf8-4477-bcd2-0f80ff855d5a', 'ARTPAR-FR-DCJG00978R', 'FAR SANDERO BJI 2022 JOGGER LEDLİ BEYAZÇİZGİLİ SAĞ', 'ARTPAR', 'FAR', '', 'https://cdn.artpar.com/products_migrated-1772832457016-4d664952-8bf8-4477-bcd2-0f80ff855d5a.webp', 172.81599999999997, 100, 'adet', TRUE, '2026-03-06T12:33:31.586834+00:00', NULL, 50, 50, 'USD', 0, 1, '260107978R', 'DACİA', 'SANDERO JOGGER', 123.44, 40, FALSE, NULL, FALSE, 0, 0, 'TRY', NULL),
('c5a46457-2173-451a-a1a9-2deb1da81def', 'ARTPAR-STP-CTJM00080', 'STOP EXPERT 4/JUMPY 4/VİVARO DUYSUZ SAĞ', 'ARTPAR', 'STOP', '', 'https://cdn.artpar.com/products_1772925989685-9808243080.webp', 33.096, 50, 'adet', TRUE, '2026-03-07T23:26:32.09885+00:00', NULL, 0, 50, 'USD', 0, 1, '9808243080', 'CİTROEN', 'JUMPY / EXPERT / VİVARO', 23.64, 40, FALSE, NULL, FALSE, 0, 0, 'TRY', NULL),
('f6f8d61a-3229-4378-a173-dcd19657d583', 'ARTPAR-STP-OPCR00980', 'STOP CORSA F 19-> LEDLİ DIŞ SOL', 'ARTPAR', 'STOP', '', 'https://cdn.artpar.com/products_1772926108734-9829317980.webp', 61.726, 50, 'adet', TRUE, '2026-03-07T23:28:31.519993+00:00', NULL, 0, 50, 'USD', 0, 1, '9829317980', 'OPEL', 'CORSA F', 44.09, 40, FALSE, NULL, FALSE, 0, 0, 'TRY', NULL),
('6610787a-2880-4459-ba21-d4f556b267ad', 'ARTPAR-STP-OPCR00880', 'STOP CORSA F 19-> LEDLİ DIŞ SAĞ', 'ARTPAR', 'STOP', '', 'https://cdn.artpar.com/products_1772926152432-9829317880.webp', 61.726, 50, 'adet', TRUE, '2026-03-07T23:29:14.912122+00:00', NULL, 0, 50, 'USD', 0, 1, '9829317880', 'OPEL', 'CORSA F', 44.09, 40, FALSE, NULL, FALSE, 0, 0, 'TRY', NULL),
('865c5921-ccda-4d6f-ab1d-2063b80a9171', 'ARTPAR-STP-OPCRI0880', 'STOP CORSA F 19-> LEDLİ İÇ SOL', 'ARTPAR', 'STOP', '', 'https://cdn.artpar.com/products_1772926221905-9830097880.webp', 52.611999999999995, 50, 'adet', TRUE, '2026-03-07T23:30:23.675661+00:00', NULL, 0, 50, 'USD', 0, 1, '9830097880', 'OPEL', 'CORSA F', 37.58, 40, FALSE, NULL, FALSE, 0, 0, 'TRY', NULL),
('12b9e52d-9c9a-4c5a-88a9-bd56fa93a6e4', 'ARTPAR-STP-TYCR-02E00R', 'STOP TOYOTA COROLLA 2019-2021 DIŞ LEDLİ SAĞ', 'ARTPAR', 'STOP', '', 'https://cdn.artpar.com/products_1774455877573-81551-02e00.webp', 54.767999999999994, 50, 'adet', TRUE, '2026-03-25T16:22:56.836101+00:00', NULL, 0, 50, 'USD', 0, 1, '81551-02E00', 'TOYOTA', 'COROLLA', 39.12, 40, FALSE, 'KOREA OTOMOTİV', FALSE, 0, 0, 'TRY', NULL),
('d9e743c3-9461-49be-958c-457a43c39899', 'ARTPAR-STP-FIEG121L', 'STOP FİAT EGEA 2023 DIŞ LEDLİ SOL', 'ARTPAR', 'STOP', '', 'https://cdn.artpar.com/products_1774732613282-52204121.webp', 0, 0, 'adet', TRUE, '2026-03-28T21:16:55.486117+00:00', NULL, 0, 0, 'USD', 0, 1, '52204121', 'FIAT', 'EGEA', 0, 40, FALSE, 'KOREA OTOMOTİV', FALSE, 0, 0, 'TRY', NULL),
('2f7b356f-6b02-42c2-81fc-1a5f375e466d', 'ARTPAR-FR-HYİ30-2L020R', 'FAR HYUNDAİ İ30 2008-2011 SAĞ MANUEL', 'ARTPAR', 'FAR', '', 'https://cdn.artpar.com/products_1774473861788-92102-2l020.webp', 0, 0, 'adet', TRUE, '2026-03-25T21:24:23.45556+00:00', NULL, 0, 0, 'USD', 0, 1, '92102-2L020', 'HYUNDAİ', 'İ30', 0, 40, FALSE, 'KOREA OTOMOTİV', FALSE, 0, 0, 'TRY', NULL),
('089d5c53-e086-4d3f-bc43-b884cd9f592a', 'KALE 350990', 'MOTOR SU RADYATÖRÜ RENAULT CLİO 3 / CLIO GRANDTOUR / MODUS / GRAND MODUS', 'KALE', 'SU RADYATÖRÜ', '', 'https://cdn.artpar.com/products_1774647510014-350990.webp', 92.39999999999999, 10, 'adet', TRUE, '2026-03-27T21:38:32.486158+00:00', NULL, 10, 0, 'USD', 0, 1, '8200468931 - 8200468913', 'RENAULT', 'CLİO 3', 66, 40, FALSE, 'İKLİM OTOMOTİV', FALSE, 0, 0, 'TRY', NULL),
('0bb9a367-6a8f-4878-ad23-c63af3a249ca', 'KALE 351895', 'MOTOR SU RADYATÖRÜ RENAULT CLİO 2 1.2 16V 1998-1999 RENAULT KANGOO 1.0 - 1.2 - 1.6 1999 SONRASI', 'KALE', 'SU RADYATÖRÜ', '', 'https://cdn.artpar.com/products_1774647642118-351895.webp', 92.39999999999999, 10, 'adet', TRUE, '2026-03-27T21:40:44.700068+00:00', NULL, 10, 0, 'USD', 0, 1, '7700430143 - 7700430648 - 7701499884', 'RENAULT', '', 66, 40, FALSE, 'İKLİM OTOMOTİV', FALSE, 0, 0, 'TRY', NULL),
('976a329d-7d3a-4883-88c2-6ad6555c0efb', 'ARTPAR-FR-RNMS000867R', 'FAR RENAULT MASTER 20-> LEDLİ MOTORLU SOL', 'ARTPAR', 'RENAULT', '', 'https://cdn.artpar.com/products_migrated-1772832454196-976a329d-7d3a-4883-88c2-6ad6555c0efb.webp', 156.79999999999998, 100, 'adet', TRUE, '2026-03-06T12:28:35.639+00:00', NULL, 50, 50, 'USD', 0, 1, '260607867R', 'RENAULT', 'MASTER 4', 112, 40, FALSE, NULL, FALSE, 0, 0, 'TRY', NULL),
('e1e5ee8d-0480-4288-93a5-98f39cc207ab', 'ARTPAR-FR-FIEG000159', 'FAR EGEA 15-20 LEDSİZ İÇİ SİYAH MOTORLU SAĞ', 'ARTPAR', 'FIAT', '', 'https://cdn.artpar.com/products_migrated-1772832446915-e1e5ee8d-0480-4288-93a5-98f39cc207ab.webp', 62.3, 0, 'adet', TRUE, '2026-03-06T12:02:52.768624+00:00', NULL, 0, 0, 'USD', 0, 1, '52145159/52113796', 'FIAT', 'EGEA', 44.5, 40, FALSE, '', FALSE, 0, 0, 'TRY', NULL),
('15a42cb8-ba7d-4018-b1d8-fd653fc820ab', 'ARTPAR-STP-TYAV-05130L', 'STOP TOYOTA AVENSİS 2003-2005 SOL', 'ARTPAR', 'STOP', '', 'https://pub-56f4ab060d934f85a7d1fec80dd03ee2.r2.dev/products_1775342379949-81561-05130.webp', 36.007999999999996, 20, 'adet', TRUE, '2026-04-04T22:39:42.671764+00:00', NULL, 0, 20, 'USD', 0, 1, '81561-05130', 'TOYOTA', 'AVENSİS', 25.72, 40, FALSE, 'KOREA OTOMOTİV', FALSE, 0, 0, 'TRY', NULL),
('dbbf913f-cbd1-45df-bcb4-ca4613813798', 'KALE 354265', 'MOTOR SU RADYATÖRÜ FORD C-MAX II / GRAND C-MAX / FOCUS III / KUGA II', 'KALE', 'SU RADYATÖRÜ', '', 'https://pub-56f4ab060d934f85a7d1fec80dd03ee2.r2.dev/products_1775253940022-354265.webp', 160.64999999999998, 10, 'adet', TRUE, '2026-04-03T22:05:42.713975+00:00', NULL, 10, 0, 'USD', 0, 1, '', 'FORD', '', 114.75, 40, FALSE, 'İKLİM OTOMOTİV', FALSE, 0, 0, 'TRY', NULL),
('f961f1e0-3ec1-41ed-a283-17f3fc751b0b', 'ARTPAR-FR-PEXP00680', 'FAR PEUGEOT EXPERT SOL ', 'ARTPAR', 'FAR', '', 'https://pub-56f4ab060d934f85a7d1fec80dd03ee2.r2.dev/products_1775553485538-9808572680.webp', 106.59599999999999, 5, 'adet', TRUE, '2026-04-07T09:18:09.187351+00:00', NULL, 5, 0, 'USD', 0, 1, '9808572680', 'PEUGEOT', 'EXPERT', 76.14, 40, FALSE, 'ZENON OTOMOTİV', FALSE, 0, 0, 'TRY', NULL),
('fbbc6d85-e505-4dee-bf2a-801fab4d34f8', 'ARTPAR-FR-VWMRK0018', 'FAR AMAROK 2017-2022 BEYİNLİ MOTORLU SAĞ', 'ARTPAR', 'VOLKSWAGEN', '', 'https://cdn.artpar.com/products_migrated-1772832431073-fbbc6d85-e505-4dee-bf2a-801fab4d34f8.webp', 233.19799999999998, 99, 'adet', TRUE, '2026-03-06T11:19:49.379058+00:00', NULL, 49, 50, 'USD', 0, 1, '2H1941018', 'VOLKSWAGEN', 'AMAROK', 166.57, 40, FALSE, 'KOREA OTOMOTİV', FALSE, 0, 0, 'TRY', NULL),
('e4443dab-ca89-4fd6-b8b0-18debb705758', 'ARTPAR-LED-PE301580', 'GÜNDÜZ LEDİ PEUGEOT 301/308/PARTNER TEPEE', 'ARTPAR', 'GÜNDÜZ LED', '', 'https://cdn.artpar.com/products_1772924791526-9802795580.webp', 0, 0, 'adet', TRUE, '2026-03-07T23:06:34.211398+00:00', NULL, 0, 0, 'USD', 0, 1, '9802795580', 'PEUGEOT', '301 / 308 / PARTNER', 0, 40, FALSE, NULL, FALSE, 0, 0, 'TRY', NULL),
('92513521-3762-4d50-8158-4a0efbcd18a5', 'ARTPAR-FR-FIDB00780', 'FAR BERLİNGO K9 20-24/DOBLO 5/PROACE CİTY SAĞ', 'ARTPAR', 'FAR', '', 'https://cdn.artpar.com/products_1772925188677-9816824780.webp', 146.958, 50, 'adet', TRUE, '2026-03-07T23:13:11.12687+00:00', NULL, 0, 50, 'USD', 0, 1, '9816824780', 'FİAT / PEUGEOT / TOYOTA', 'DOBLO5 / BERLİNGO / PROACE', 104.97, 40, FALSE, NULL, FALSE, 0, 0, 'TRY', NULL),
('abdff147-015b-402f-9f7e-928f2e3234de', 'ARTPAR-FR-PE3008080', 'FAR 3008/5008 LEDLİ MOTORLU SAĞ', 'ARTPAR', 'FAR', '', 'https://cdn.artpar.com/products_1772924587528-1616878080.webp', 134.11999999999998, 60, 'adet', TRUE, '2026-03-07T23:00:11.775132+00:00', NULL, 50, 10, 'USD', 0, 1, '1616878080', 'PEUGEOT', '3008 / 5008', 95.8, 40, FALSE, NULL, FALSE, 0, 0, 'TRY', NULL),
('bb895341-22b0-42a2-945c-2e13ce51425c', 'ARTPAR-FR-PERF00280', 'FAR PARTNER RIFTER 18-> LEDLİ SAĞ', 'ARTPAR', 'FAR', '', 'https://cdn.artpar.com/products_1772925082412-9816827180.webp', 151.522, 100, 'adet', TRUE, '2026-03-07T23:11:24.262946+00:00', NULL, 50, 50, 'USD', 0, 1, '9816827280', 'PEUGEOT', 'PARTNER / RİFTER', 108.23, 40, FALSE, NULL, FALSE, 0, 0, 'TRY', NULL),
('6f2323e4-6ebb-4407-8eca-ea78b2d8447a', 'ARTPAR-FR-PERF00180', 'FAR PARTNER RIFTER 18-> LEDLİ SOL', 'ARTPAR', 'FAR', '', 'https://cdn.artpar.com/products_1772925090933-9816827280.webp', 151.522, 100, 'adet', TRUE, '2026-03-07T23:10:27.143439+00:00', NULL, 50, 50, 'USD', 0, 1, '9816827180', 'PEUGEOT', 'PARTNER / RİFTER', 108.23, 40, FALSE, NULL, FALSE, 0, 0, 'TRY', NULL),
('d82ad65b-d439-408f-9a15-f6647ee0efdc', 'ARTPAR-STP-OPCRI0280', 'STOP CORSA F 19-> LEDLİ İÇ SAĞ', 'ARTPAR', 'STOP', '', 'https://cdn.artpar.com/products_1772926282950-9830096280.webp', 52.611999999999995, 50, 'adet', TRUE, '2026-03-07T23:31:24.52947+00:00', NULL, 0, 50, 'USD', 0, 1, '9830096280', 'OPEL', 'CORSA F', 37.58, 40, FALSE, NULL, FALSE, 0, 0, 'TRY', NULL),
('89526630-a595-4460-8f10-bb68bb1367fe', 'ARTPAR-STP-OPCR00280', 'STOP CORSA F 19-> LEDSİZ DIŞ SAĞ ', 'ARTPAR', 'STOP', '', 'https://cdn.artpar.com/products_1772926389240-9829317280.webp', 52.611999999999995, 0, 'adet', TRUE, '2026-03-07T23:33:11.341118+00:00', NULL, 0, 0, 'USD', 0, 1, '9829317280', 'OPEL', 'CORSA F', 37.58, 40, FALSE, NULL, FALSE, 0, 0, 'TRY', NULL),
('a2b32121-3aef-41cd-bb0b-17cef2f4caf2', 'ARTPAR-FR-DCJG00940R', 'FAR SANDERO BJI 2022 JOGGER LEDLİ KROM ÇİZGİLİ SOL', 'ARTPAR', 'FAR', '', 'https://cdn.artpar.com/products_migrated-1772832455316-a2b32121-3aef-41cd-bb0b-17cef2f4caf2.webp', 207.82999999999998, 100, 'adet', TRUE, '2026-03-06T12:30:50.999078+00:00', NULL, 50, 50, 'USD', 10, 1, '260101940R', 'DACİA', 'SANDERO JOGGER', 148.45, 40, FALSE, NULL, FALSE, 0, 0, 'TRY', NULL),
('f4592518-3e4c-4ca9-8456-557f4c679cad', 'KALE 0138011AB', 'MOTOR SU RADYATÖRÜ FIAT FIORINO 1.3JTD BRAZING 26MM', 'KALE', 'SU RADYATÖRÜ', '', '', 146.64999999999998, 5, 'adet', TRUE, '2026-04-05T17:21:00.780836+00:00', NULL, 5, 0, 'USD', 10, 1, '1330T9 - 1330V0 - 1330Y1 - 1330Y4', 'FIAT', '', 104.75, 40, TRUE, 'İKLİM OTOMOTİV', FALSE, 0, 0, 'TRY', NULL),
('90163fe3-6484-4880-93fa-b6d6c08a5ebf', 'ARTPAR-FR-FIEGL00245', 'FAR EGEA 2022 FULL ÜSTEN LEDLİ MOTORLU SOL', 'ARTPAR', 'FIAT', '', 'https://cdn.artpar.com/products_migrated-1772832444078-90163fe3-6484-4880-93fa-b6d6c08a5ebf.webp', 196.784, 220, 'adet', TRUE, '2026-03-06T11:56:31.879043+00:00', NULL, 0, 220, 'USD', 10, 1, '52198245', 'FIAT', 'EGEA', 140.56, 40, TRUE, '', FALSE, 0, 0, 'TRY', NULL),
('42c800b5-960b-4d83-9094-d15afe663421', 'ARTPAR-FR-HYEL-F2600R', 'FAR HYUNDAİ ELANTRA 2019-2021 SAĞ LEDLİ', 'ARTPAR', 'FAR', '', 'https://cdn.artpar.com/products_1774473376412-92102-f2600.webp', 157.03799999999998, 50, 'adet', TRUE, '2026-03-25T21:16:18.33663+00:00', NULL, 0, 50, 'USD', 0, 1, '92102-F2600', 'HYUNDAİ', 'ELANTRA', 112.17, 40, FALSE, 'KOREA OTOMOTİV', FALSE, 0, 0, 'TRY', NULL),
('c15a9098-dddf-4eb9-974a-f13f86914851', 'KALE 357225', 'MOTOR SU RADYATÖRÜ NİSSAN MİCRA V K14 / CLİO 5 2019 - 1.0 12mm', 'KALE', 'SU RADYATÖRÜ', '', 'https://cdn.artpar.com/products_1774646803704-357225.webp', 83.62199999999999, 10, 'adet', TRUE, '2026-03-27T21:26:47.480249+00:00', NULL, 10, 0, 'USD', 0, 1, '214105FA0A - 214105FA0B', 'RENAULT', 'CLİO 5', 59.73, 40, FALSE, 'İKLİM OTOMOTİV', FALSE, 0, 0, 'TRY', NULL),
('0ff0d0bf-f7d1-4159-bcbb-1201369db0a3', 'ARTPAR-SİS-VWGL00700A', 'LAMBA SİS GOLF 5 04-09 MERCEKLİ AMPULLU SAĞ', 'ARTPAR', 'SİS', '', 'https://cdn.artpar.com/products_1772879734578-1k0941699a.webp', 12.474, 100, 'adet', TRUE, '2026-03-07T10:35:36.560667+00:00', NULL, 100, 0, 'USD', 0, 1, '1K0941700A', 'VOLKSWAGEN', 'GOLF 5', 8.91, 40, FALSE, NULL, FALSE, 0, 0, 'TRY', NULL),
('937adb0b-b347-4429-b5cb-b7fb16685d1e', 'ARTPAR-SİS-VWPS00699', 'LAMBA SİS PASSAT B8.5 19-> SOL', 'ARTPAR', 'SİS', '', 'https://cdn.artpar.com/products_1772879816144-3g0941699.webp', 33.879999999999995, 200, 'adet', TRUE, '2026-03-07T10:37:03.944983+00:00', NULL, 100, 100, 'USD', 0, 1, '3G0941699', 'VOLKSWAGEN', 'PASSAT B8.5', 24.2, 40, FALSE, NULL, FALSE, 0, 0, 'TRY', NULL),
('b6e4a317-8ba0-4984-ad76-59db4cf2457c', 'ARTPAR-SİS-VWPS60699', 'LAMBA SİS PASSAT 06-11 MERCEKSİZ AMPULLU SOL', 'ARTPAR', 'SİS', '', 'https://cdn.artpar.com/products_1772879998777-3c0941699.webp', 8.316, 100, 'adet', TRUE, '2026-03-07T10:40:02.365299+00:00', NULL, 100, 0, 'USD', 0, 1, '3C0941699', 'VOLKSWAGEN', 'PASSAT', 5.94, 40, FALSE, NULL, FALSE, 0, 0, 'TRY', NULL),
('1a15e813-d00e-457b-84be-09d3a7662c75', 'ARTPAR-SİS-VWPS60700', 'LAMBA SİS PASSAT 06-11 MERCEKSİZ AMPULLU SAĞ', 'ARTPAR', 'SİS', '', 'https://cdn.artpar.com/products_1772880043448-3c0941699.webp', 8.316, 0, 'adet', TRUE, '2026-03-07T10:40:45.254664+00:00', NULL, 0, 0, 'USD', 0, 1, '3C0941700', 'VOLKSWAGEN', 'PASSAT ', 5.94, 40, FALSE, NULL, FALSE, 0, 0, 'TRY', NULL),
('b3d83e38-78bd-4fa6-afb1-b8464ebc797a', 'ARTPAR-FR-PEXP00580', 'FAR PEUGEOT EXPERT SAĞ', 'ARTPAR', 'FAR', '', 'https://pub-56f4ab060d934f85a7d1fec80dd03ee2.r2.dev/products_1775553542254-9808572580.webp', 106.59599999999999, 10, 'adet', TRUE, '2026-04-07T09:19:38.106053+00:00', NULL, 10, 0, 'USD', 0, 1, '9808572580', 'PEUGEOT', 'EXPERT', 76.14, 40, FALSE, 'ZENON OTOMOTİV', FALSE, 0, 0, 'TRY', NULL),
('af9ef199-e918-4ff2-a2d5-3dcaeb98a57b', 'ARTPAR-FR-PE208-980', 'FAR PEUGEOT 208 LEDSİZ SOL', 'ARTPAR', 'FAR', '', 'https://pub-56f4ab060d934f85a7d1fec80dd03ee2.r2.dev/products_1775595107224-9823193980.webp', 99.16199999999999, 10, 'adet', TRUE, '2026-04-07T20:51:51.774183+00:00', NULL, 10, 0, 'USD', 0, 1, '9823193980', 'PEUGEOT', '208', 70.83, 40, FALSE, 'ZENON OTOMOTİV', FALSE, 0, 0, 'TRY', NULL),
('3e0a716f-5e25-4d92-b99d-23510a28da5b', 'ARTPAR-STP-RNCL-843R', 'Clio 3-III GRANDTOUR SOL ARKA STOP LAMBASI (2009-2012)', 'DEPO', 'STOP', '', 'https://cdn.artpar.com/products_1774440031698-8200586843.webp', 0, 0, 'adet', TRUE, '2026-03-25T12:00:33.435525+00:00', NULL, 0, 0, 'USD', 0, 1, '8200586843', 'RENAULT', 'CLIO3 SW', 0, 40, FALSE, '', FALSE, 0, 0, 'TRY', NULL),
('73a3a946-d040-489e-be86-fc55b0ab045e', 'ARTPAR-FR-HYAC1R740L', 'FAR ACCENT BLUE 15-19 SOL ELEKTRİKLİ MOTORLU KAŞLI', 'ARTPAR', 'FAR', '', 'https://cdn.artpar.com/products_1772932280003-92101-1r740.webp', 60.186, 100, 'adet', TRUE, '2026-03-08T01:11:22.110597+00:00', NULL, 0, 100, 'USD', 0, 1, '92101-1R740', 'HYUNDAİ', 'ACCENT BLUE', 42.99, 40, FALSE, NULL, FALSE, 0, 0, 'TRY', NULL),
('4874051d-a3fa-4b72-b4eb-46782624608c', 'ARTPAR-SİS-VWGL700', 'LAMBA SİS VOLKSWAGEN GOLF 6/JETTA/CADDY 11-> AMPULLU', 'ARTPAR', 'SİS', '', 'https://cdn.artpar.com/products_1774619315207-5k0941700.webp', 6.789999999999999, 200, 'adet', TRUE, '2026-03-27T13:48:38.077521+00:00', NULL, 200, 0, 'USD', 0, 1, '5K0941700', 'VOLKSWAGEN', 'GOLF', 4.85, 40, FALSE, 'KOREA OTOMOTİV', FALSE, 0, 0, 'TRY', NULL),
('4eff851c-b044-4b1d-bc87-7418c766a105', 'ARTPAR-FR-HYAC1E088R', 'FAR ACCENT ERA 06-08 ELEKTRİKLİ SARI SAĞ', 'ARTPAR', 'FAR', '', 'https://cdn.artpar.com/products_1772931849079-92102-1e088.webp', 0, 0, 'adet', TRUE, '2026-03-08T01:04:11.387159+00:00', NULL, 0, 0, 'USD', 0, 1, '92102-1E088', 'HYUNDAİ', 'ACCENT ERA', 0, 40, FALSE, NULL, FALSE, 0, 0, 'TRY', NULL),
('a7eae47a-6180-4508-9510-8315397d1fe6', 'ARTPAR-LED-CTBR00680', 'GÜNDÜZ LEDİ BERLİNGO 18-> K9/OPEL COMBO/PROACE SOL', 'ARTPAR', 'GÜNDÜZ LED', '', 'https://cdn.artpar.com/products_1772925733921-9819435680.webp', 68.74, 100, 'adet', TRUE, '2026-03-07T23:22:16.611745+00:00', NULL, 50, 50, 'USD', 0, 1, '9819435680', 'CİTROEN', 'BERLİNGO / RİFTER / COMBO / DOBLO', 49.1, 40, FALSE, NULL, FALSE, 0, 0, 'TRY', NULL),
('29b94b90-08db-4e6c-aeb7-d359f4e08864', 'ARTPAR-FR-OPASH-660', 'OPEL ASTRA H FAR KROM ELEKTRİKLİ SAĞ', 'İTHAL', 'FAR', '', 'https://cdn.artpar.com/products_1774712813483-1216660.webp', 0, 0, 'adet', TRUE, '2026-03-28T15:46:55.647551+00:00', NULL, 0, 0, 'USD', 0, 1, '1216660', 'OPEL', 'ASTRA', 0, 40, FALSE, '', FALSE, 0, 0, 'TRY', NULL),
('b9c03c31-990f-42d8-8772-97b83fd7bac1', 'ARTPAR-STP-TYCR-02D10L', 'STOP TOYOTA COROLLA 2019-2021 DIŞ SOL', 'ARTPAR', 'STOP', '', 'https://cdn.artpar.com/products_1774455022760-81561-02d10.webp', 47.978, 50, 'adet', TRUE, '2026-03-25T16:10:25.15063+00:00', NULL, 0, 50, 'USD', 0, 1, '81561-02D10', 'TOYOTA', 'COROLLA', 34.27, 40, FALSE, 'KOREA OTOMOTİV', FALSE, 0, 0, 'TRY', NULL),
('edf3910e-2d9d-4734-bb03-f215704ed669', 'ARTPAR-FR-HYEL-3X210L', 'FAR HYUNDAİ ELANTRA 2013-2015 LEDSİZ SOL', 'ARTPAR', 'FAR', '', 'https://cdn.artpar.com/products_1774472907375-92101-3x210.webp', 62.99999999999999, 50, 'adet', TRUE, '2026-03-25T21:08:29.552724+00:00', NULL, 0, 50, 'USD', 0, 1, '92101-3X210', 'HYUNDAİ', 'ELANTRA', 45, 40, FALSE, 'KOREA OTOMOTİV', FALSE, 0, 0, 'TRY', NULL),
('f5ff88fa-41a2-4206-965a-379f47a472dc', 'KALE 355615', 'MOTOR SU RADYATÖRÜ AUDI A3 - Q2 - SEAT ATECA - LEON - LEON SC', 'KALE', 'SU RADYATÖRÜ', '', 'https://cdn.artpar.com/products_1774646341027-355615.webp', 90.16, 10, 'adet', TRUE, '2026-03-27T21:19:04.485841+00:00', NULL, 10, 0, 'USD', 0, 1, '5Q0121251EJ - 5Q0121251GB - 5Q0121251GF', 'SEAT', '', 64.4, 40, FALSE, 'İKLİM OTOMOTİV', FALSE, 0, 0, 'TRY', NULL),
('f8a31409-7eb6-4ab4-8527-fbea7dc4424a', 'ARTPAR-STP-VWCD00096AD', 'STOP CADDY 16-19 ÇİFT KAPI SAĞ', 'ARTPAR', 'STOP', '', 'https://cdn.artpar.com/products_1772839142113-2k1945096q.webp', 0, 0, 'adet', TRUE, '2026-03-06T23:19:03.686429+00:00', NULL, 0, 0, 'USD', 0, 1, '2K1945096AD', 'VOLKSWAGEN', 'CADDY', 0, 40, FALSE, NULL, FALSE, 0, 0, 'TRY', NULL),
('75eecf17-f8fa-429f-8a99-9b65386df56a', 'KALE 342100', 'TURBO RADYATÖRÜ VOLKSWAGEN CADDY/GOLF V/JETTA/A3/LEON/OCTAVIA 1.8TFSI- 1.9TDI-2.0TDI-2.0TFSI', 'KALE', 'TURBO RADYATÖRÜ', '', 'https://pub-56f4ab060d934f85a7d1fec80dd03ee2.r2.dev/products_1774988208945-342100.webp', 109.18599999999999, 15, 'adet', TRUE, '2026-03-31T20:16:51.627964+00:00', NULL, 15, 0, 'USD', 0, 1, '1K0145803 - 1K0145803A - 1K0145803B', 'VOLKSWAGEN', '', 77.99, 40, FALSE, 'İKLİM OTOMOTİV', FALSE, 0, 0, 'TRY', NULL),
('6646f04c-8671-46f4-ac17-c866f640a178', 'ARTPAR-STP-TYCR-02250L', 'STOP TOYOTA COROLLA 2005-2006 SEDAN SOL', 'ARTPAR', 'STOP', '', 'https://cdn.artpar.com/products_1774454257095-81561-02250.webp', 44.674, 50, 'adet', TRUE, '2026-03-25T15:57:39.188774+00:00', NULL, 0, 50, 'USD', 0, 1, '81561-02250', 'TOYOTA', 'COROLLA', 31.91, 40, FALSE, 'KOREA OTOMOTİV', FALSE, 0, 0, 'TRY', NULL),
('b14740b5-d5d9-42f0-a902-84a77996ad35', 'KALE 346830', 'KALORİFER RADYATÖRÜ DISCOVERY III-RANGE ROVER SPORT 2.7 TD', 'KALE', 'KALORİFER', '', 'https://cdn.artpar.com/products_1774897238397-346830.webp', 47.278, 50, 'adet', TRUE, '2026-03-30T19:00:41.619069+00:00', NULL, 50, 0, 'USD', 0, 1, 'JEP500020 - LR017030', 'JEEP', '', 33.77, 40, FALSE, 'İKLİM OTOMOTİV', FALSE, 0, 0, 'TRY', NULL),
('07790a13-65de-4556-af9f-0b729e7985d3', 'ARTPAR-STP-VWPLQ0095', 'STOP POLO 05-09 SOL ', 'ARTPAR', 'STOP', '', 'https://cdn.artpar.com/products_1772877633810-6q6945095.webp', 0, 0, 'adet', TRUE, '2026-03-07T10:00:35.692339+00:00', NULL, 0, 0, 'USD', 0, 1, '6Q6945095', 'VOLKSWAGEN', 'POLO', 0, 40, FALSE, NULL, FALSE, 0, 0, 'TRY', NULL),
('53439623-da70-433a-aedf-8c764992a600', 'ARTPAR-STP-OPASJ0193', 'STOP ASTRA J SEDAN İÇ SOL', 'ARTPAR', ' STOP', '', 'https://cdn.artpar.com/products_1772926932276-25870193.webp', 0, 0, 'adet', TRUE, '2026-03-07T23:41:40.31826+00:00', NULL, 0, 0, 'USD', 0, 1, '25870193', 'OPEL', 'ASTRA J', 0, 40, FALSE, NULL, FALSE, 0, 0, 'TRY', NULL),
('b37d6d40-bbf9-462f-ae37-888d6ccbf178', 'ARTPAR-FR-DCJG00561R', 'FAR SANDERO BJI 2022 JOGGER LEDLİ BEYAZÇİZGİLİ SOL', 'ARTPAR', 'FAR', '', 'https://cdn.artpar.com/products_migrated-1772832457935-b37d6d40-bbf9-462f-ae37-888d6ccbf178.webp', 172.81599999999997, 100, 'adet', TRUE, '2026-03-06T12:34:13.227526+00:00', NULL, 50, 50, 'USD', 0, 1, '260602561R', 'DACİA', 'SANDERO JOGGER', 123.44, 40, FALSE, NULL, FALSE, 0, 0, 'TRY', NULL),
('9e617a97-46a9-4ed3-a7a0-1ca2f9c5c2f2', 'ARTPAR-FR-CTBR00180', 'FAR BERLİNGO 18-> K9 MOTORLU ELEKTRİKLİ SİYAH SOL', 'ARTPAR', 'FAR', '', 'https://cdn.artpar.com/products_1772925548734-9816825180.webp', 91.18199999999999, 100, 'adet', TRUE, '2026-03-07T23:19:10.398424+00:00', NULL, 50, 50, 'USD', 0, 1, '9816825180', 'CİTROEN', 'BERLİNGO', 65.13, 40, FALSE, NULL, FALSE, 0, 0, 'TRY', NULL),
('54576247-713b-472c-94f3-c45c1db56cbd', 'ARTPAR-FR-MBSP000461', 'FAR SPRİNTER 14-18 SAĞ', 'ARTPAR', 'FAR', '', 'https://cdn.artpar.com/products_migrated-1772832483880-54576247-713b-472c-94f3-c45c1db56cbd.webp', 98.28, 50, 'adet', TRUE, '2026-03-06T17:56:25.301256+00:00', NULL, 0, 50, 'USD', 0, 1, '9068202461', 'MERCEDES', 'SPRİNTER', 70.2, 40, FALSE, 'KOREA OTOMOTİV', FALSE, 0, 0, 'TRY', NULL),
('120f676a-5259-4a57-954f-23944eaef379', 'KALE 342655', 'KLİMA RADYATÖRÜ P301-C ELYSEE 1.2VTİ / 1.6VTİ / 1.6 HDI', 'KALE', 'KLİMA RADYATÖRÜ', '', 'https://cdn.artpar.com/products_1774891863191-342655.webp', 61.446, 15, 'adet', TRUE, '2026-03-30T17:31:06.285489+00:00', NULL, 15, 0, 'USD', 0, 1, '9674994280', 'PEUGEOT', '', 43.89, 40, FALSE, 'İKLİM OTOMOTİV', FALSE, 0, 0, 'TRY', NULL),
('60747dc8-cb8e-4f28-bea9-557af4bfa5fb', 'ARTPAR-FR-TYCR-1E730R', 'FAR TOYOTA COROLLA 2003-2006 SAĞ SEDAN ELEKTİRKLİ', 'CASP', 'FAR', '', 'https://cdn.artpar.com/products_1774458582673-81130-1e730.webp', 61.39, 50, 'adet', TRUE, '2026-03-25T17:09:46.596178+00:00', NULL, 0, 50, 'USD', 0, 1, '81130-1E730', 'TOYOTA', 'COROLLA', 43.85, 40, FALSE, 'KOREA OTOMOTİV', FALSE, 0, 0, 'TRY', NULL),
('304bd88b-2817-450f-895e-adcf13094b6b', 'ARTPAR-FR-DCDULD0133R', 'FAR DUSTER 2018 LEDLİ SAĞ', 'ARTPAR', 'RENAULT', '', 'https://cdn.artpar.com/products_migrated-1772832423566-304bd88b-2817-450f-895e-adcf13094b6b.webp', 60.75999999999999, 50, 'adet', TRUE, '2026-03-05T21:11:19.901497+00:00', NULL, 50, 0, 'USD', 0, 1, '260101133R', 'RENAULT', 'DUSTER XJD', 43.4, 40, FALSE, 'KOREA OTOMOTİV', FALSE, 0, 0, 'TRY', NULL),
('32db6855-c6cf-455f-a682-e8efe26ec101', 'ARTPAR-FR-TYCR-1E380R', 'FAR TOYOTA COROLLA AE111 1999-2000 SAĞ', 'CASP', 'FAR', '', 'https://cdn.artpar.com/products_1774460048842-81150-1e250.webp', 35.349999999999994, 50, 'adet', TRUE, '2026-03-25T17:34:12.501858+00:00', NULL, 0, 50, 'USD', 0, 1, '81130-1E380', 'TOYOTA', 'COROLLA', 25.25, 40, FALSE, 'KOREA OTOMOTİV', FALSE, 0, 0, 'TRY', NULL),
('77a74541-08a8-406c-b0a0-22978fffac59', 'ARTPAR-FR-VWPS8006A', 'FAR VOLKSWAGEN PASSAT B8 2016-2019 MOTORLU SAĞ', 'ARTPAR', 'FAR', '', 'https://cdn.artpar.com/products_1774735720962-3g1941006a.webp', 0, 0, 'adet', TRUE, '2026-03-28T22:08:43.092108+00:00', NULL, 0, 0, 'USD', 0, 1, '3G1941006A', 'VOLKSWAGEN', 'PASSAT B8', 0, 40, FALSE, 'KOREA OTOMOTİV', FALSE, 0, 0, 'TRY', NULL),
('da54faac-4a93-41b0-9e21-95f91904ae13', 'KALE 342585', 'KLİMA RADYATÖRÜ RENAULT CLIO III-MODUS 1.2/1.4/1.6/2.0 (05+)', 'KALE', 'KLİMA RADYATÖRÜ', '', 'https://pub-56f4ab060d934f85a7d1fec80dd03ee2.r2.dev/products_1774988790485-342585.webp', 69.74799999999999, 5, 'adet', TRUE, '2026-03-31T20:26:32.398842+00:00', NULL, 5, 0, 'USD', 0, 1, '8200443897 - 8200688393', 'RENAULT', '', 49.82, 40, FALSE, 'İKLİM OTOMOTİV', FALSE, 0, 0, 'TRY', NULL)
ON CONFLICT DO NOTHING;

INSERT INTO public."products" ("id", "code", "name", "brand", "category", "description", "image_url", "list_price", "stock_quantity", "unit", "is_active", "created_at", "product_number", "stock_merkez", "stock_depo", "currency", "discount_rate", "box_quantity", "oem_no", "car_brand", "car_model", "cost_price", "profit_margin", "is_campaign", "supplier_brand", "is_fixed_price", "cart_discount_rate", "fixed_price_value", "fixed_price_currency", "fixed_usd_rate") VALUES
('447047d0-6c21-409c-a7cc-86b92e28281d', 'ARTPAR-STP-BMW000450', 'STOP BMW 3/G20 19-21 SAĞ', 'ARTPAR', 'STOP', '', 'https://cdn.artpar.com/products_migrated-1772832468575-447047d0-6c21-409c-a7cc-86b92e28281d.webp', 77.434, 100, 'adet', TRUE, '2026-03-06T17:22:45.024905+00:00', NULL, 48, 50, 'USD', 0, 1, '63217420450', 'BMW', '3/G20', 55.31, 40, FALSE, NULL, FALSE, 0, 0, 'TRY', NULL),
('effdb89f-dbbb-4bc6-a0ce-0d2afebfa3ed', 'ARTPAR-FR-FIEGL00244', 'FAR EGEA 2022 FULL ÜSTEN LEDLİ MOTORLU SAĞ', 'ARTPAR', 'FIAT', '', 'https://cdn.artpar.com/products_migrated-1772832445046-effdb89f-dbbb-4bc6-a0ce-0d2afebfa3ed.webp', 196.784, 220, 'adet', TRUE, '2026-03-06T11:57:20.102203+00:00', NULL, 0, 220, 'USD', 10, 1, '52198244', 'FIAT', 'EGEA', 140.56, 40, TRUE, '', FALSE, 0, 0, 'TRY', NULL),
('32f6407d-650d-4430-bb3d-40ebd643c6cf', 'ARTPAR-SİS-VWPS00700', 'LAMBA SİS PASSAT B8.5 19-> SAĞ ', 'ARTPAR', 'SİS', '', 'https://cdn.artpar.com/products_1772879874808-3g0941699.webp', 33.879999999999995, 200, 'adet', TRUE, '2026-03-07T10:37:56.886294+00:00', NULL, 100, 100, 'USD', 0, 1, '3G0941700', 'VOLKSWAGEN', 'PASSAT B8.5', 24.2, 40, FALSE, NULL, FALSE, 0, 0, 'TRY', NULL),
('aed682e6-cf35-4098-901d-26daaca863eb', 'ARTPAR-SİS-VWPS00699A', 'LAMBA SİS PASSAT 06-11 MERCEKLİ SOL', 'ARTPAR', 'SİS', '', 'https://cdn.artpar.com/products_1772880331539-3c0941699a.webp', 15.246, 200, 'adet', TRUE, '2026-03-07T10:45:34.468439+00:00', NULL, 100, 100, 'USD', 0, 1, '3C0941699A', 'VOLKSWAGEN', 'PASSAT', 10.89, 40, FALSE, NULL, FALSE, 0, 0, 'TRY', NULL),
('97ad32cf-f4f3-48ce-b7ac-88327b5ffb88', 'ARTPAR-STP-TYAV-05140R', 'STOP TOYOTA AVENSİS 2003-2005 SAĞ', 'ARTPAR', 'STOP', '', 'https://pub-56f4ab060d934f85a7d1fec80dd03ee2.r2.dev/products_1775342441674-81551-05140.webp', 36.007999999999996, 20, 'adet', TRUE, '2026-04-04T22:40:44.721177+00:00', NULL, 0, 20, 'USD', 0, 1, '81551-05140', 'TOYOTA', 'AVENSİS', 25.72, 40, FALSE, 'KOREA OTOMOTİV', FALSE, 0, 0, 'TRY', NULL),
('afa24496-daff-4876-a052-795d829063d5', 'ARTPAR-FR-CIJU00780', 'FAR CITROEN JUMPY SOL 2017 SONRASI', 'ARTPAR', 'FAR', '', 'https://pub-56f4ab060d934f85a7d1fec80dd03ee2.r2.dev/products_1775553773888-9808567780.webp', 106.14799999999998, 10, 'adet', TRUE, '2026-04-07T09:22:56.502285+00:00', NULL, 10, 0, 'USD', 0, 1, '9808567780', 'CITROEN', 'JUMPY', 75.82, 40, FALSE, 'ZENON OTOMOTİV', FALSE, 0, 0, 'TRY', NULL),
('5d36596a-ab40-412e-a3fd-25c7dea6f8fb', 'ARTPAR-STP-VWPLQ0096', 'STOP POLO 05-09 SAĞ', 'ARTPAR', 'STOP', '', 'https://cdn.artpar.com/products_1772877676441-6q6945096.webp', 0, 0, 'adet', TRUE, '2026-03-07T10:01:18.626456+00:00', NULL, 0, 0, 'USD', 0, 1, '6Q6945096', 'VOLKSWAGEN', 'POLO', 0, 40, FALSE, NULL, FALSE, 0, 0, 'TRY', NULL),
('2f106055-402d-4f2a-a81d-f2b88c5a488b', 'ARTPAR-STP-PEBR00280', 'STOP BERLİNGO/RİFTER/COMBO E/DOBLO DUYSUZ SOL', 'ARTPAR', 'STOP', '', 'https://cdn.artpar.com/products_1772925394398-9819649280.webp', 39.284, 100, 'adet', TRUE, '2026-03-07T23:16:36.156818+00:00', NULL, 50, 50, 'USD', 0, 1, '9819649280', 'PEUGEOT', 'BERLİNGO / RİFTER / COMBO / DOBLO', 28.06, 40, FALSE, NULL, FALSE, 0, 0, 'TRY', NULL),
('9f5188c0-1ccc-4f58-99bd-7274b586a60d', 'ARTPAR-FR-HYAC1E088L', 'FAR ACCENT ERA 06-08 ELEKTRİKLİ SARI SOL', 'ARTPAR', 'FAR', '', 'https://cdn.artpar.com/products_1772931781843-92101-1e088.webp', 0, 0, 'adet', TRUE, '2026-03-08T01:03:07.449346+00:00', NULL, 0, 0, 'USD', 0, 1, '92101-1E088', 'HYUNDAİ', 'ACCENT ERA', 0, 40, FALSE, NULL, FALSE, 0, 0, 'TRY', NULL),
('b8829970-8dd2-4d5b-8aeb-f6689ff52e6a', 'ARTPAR-FR-HYEL-F2500R', 'FAR HYUNDAİ ELANTRA 2019-2021 SAĞ LEDSİZ', 'ARTPAR', 'FAR', '', 'https://cdn.artpar.com/products_1774472715901-92102-f2500.webp', 109.368, 50, 'adet', TRUE, '2026-03-25T21:02:36.112836+00:00', NULL, 0, 50, 'USD', 0, 1, '92102-F2500', 'HYUNDAİ', 'ELANTRA', 78.12, 40, FALSE, 'KOREA OTOMOTİV', FALSE, 0, 0, 'TRY', NULL),
('b9fde2f1-6ee9-474e-b72c-96aac087ed7c', 'KALE 346455', 'KALORİFER RADYATÖRÜ A3-LEON-TOLEDO-OCTAVIA-CADDY 1.6/1.8/2.0/2.0TDI (03+)', 'KALE', 'KALORİFER RADYATÖRÜ', '', 'https://cdn.artpar.com/products_1774897417743-346455.webp', 34.818, 50, 'adet', TRUE, '2026-03-30T19:03:40.507929+00:00', NULL, 50, 0, 'USD', 0, 1, '1K0819031 - 1K0819031A - 1K0819031B', 'AUDI', '', 24.87, 40, FALSE, 'İKLİM OTOMOTİV', FALSE, 0, 0, 'TRY', NULL),
('c4f7048b-7664-49a4-b626-0cb99ba9da66', 'ARTPAR-STP-VWPS0095F', 'STOP PASSAT B7 2010-2014 DIŞ SOL', 'ARTPAR', 'STOP', '', 'https://cdn.artpar.com/products_1772877887534-3ae945095f.webp', 0, 0, 'adet', TRUE, '2026-03-07T10:04:50.702802+00:00', NULL, 0, 0, 'USD', 0, 1, '3AE945095F-B-C', 'VOLKSWAGEN', 'PASSAT B7', 0, 40, FALSE, NULL, FALSE, 0, 0, 'TRY', NULL),
('2c3c9bd2-7945-447b-866c-2623a02e5d6e', 'ARTPAR-FR-PE208-580', 'FAR PEUGEOT 208 LEDSİZ SAĞ', 'ARTPAR', 'FAR', '', 'https://pub-56f4ab060d934f85a7d1fec80dd03ee2.r2.dev/products_1775595164402-9823193580.webp', 99.16199999999999, 10, 'adet', TRUE, '2026-04-07T20:52:47.097198+00:00', NULL, 10, 0, 'USD', 0, 1, '9823193580', 'PEUGEOT', '208', 70.83, 40, FALSE, 'ZENON OTOMOTİV', FALSE, 0, 0, 'TRY', NULL),
('b1e760a3-dcd7-4395-b577-c40b637cd7ae', 'ARTPAR-STP-BMW000230', 'STOP BMW 5/F10 2010-2013 SAĞ', 'ARTPAR', 'STOP', '', 'https://cdn.artpar.com/products_migrated-1772832464060-b1e760a3-dcd7-4395-b577-c40b637cd7ae.webp', 61.221999999999994, 40, 'adet', TRUE, '2026-03-06T12:55:23.904504+00:00', NULL, 40, 0, 'USD', 0, 1, '63217203230', 'BMW', '5/F10', 43.73, 40, FALSE, '', FALSE, 0, 0, 'TRY', NULL),
('a904b0ce-7023-4bee-bd42-5d46e8d36dc4', 'ARTPAR-STP-VWPS009F', 'STOP PASSAT B7 2010-2014 DIŞ SAĞ', 'ARTPAR', 'STOP', '', 'https://cdn.artpar.com/products_1772877932673-3ae945096f.webp', 0, 0, 'adet', TRUE, '2026-03-07T10:05:34.805646+00:00', NULL, 0, 0, 'USD', 0, 1, '3AE945096F-B-C', 'VOLKSWAGEN', 'PASSAT B7', 0, 40, FALSE, NULL, FALSE, 0, 0, 'TRY', NULL),
('3e5277e8-7f46-4f0c-b320-7ce561fc99ef', 'ARTPAR-FR-FDFI0029AJ', 'FAR FIESTA 09-12 MOTORLU Y.VERSİYON GRİ SAĞ', 'ARTPAR', 'FAR', '', 'https://pub-56f4ab060d934f85a7d1fec80dd03ee2.r2.dev/products_1774984923369-whatsapp-image-2026-03-31-at-22-21-05.webp', 61.12399999999999, 60, 'adet', TRUE, '2026-03-06T19:31:43.434381+00:00', NULL, 49, 10, 'USD', 0, 1, '8A61-13W029-AJ', 'FORD', 'FİESTA', 43.66, 40, FALSE, '', FALSE, 0, 0, 'TRY', NULL),
('db8e1f23-5e31-4458-b021-a2885b7a9dc0', 'ARTPAR-SİS-RNMG00862R', 'LAMBA SİS CLİO 5/MEGANE 4 23->/TALISMAN LEDLİ SOL', 'ARTPAR', 'SİS', '', 'https://cdn.artpar.com/products_1772881596941-261550862r.webp', 16.128, 100, 'adet', TRUE, '2026-03-07T11:06:39.694346+00:00', NULL, 100, 0, 'USD', 0, 50, '261550862R', 'RENAULT', 'MEGANE4 / CLİO5 / TALİSMAN', 11.52, 40, FALSE, NULL, FALSE, 0, 0, 'TRY', NULL),
('73da9c3d-d367-4a36-ab26-d06a5ba19f1d', 'KALE 358610', 'KALORİFER RADYATÖRÜ HONDA CR-V 2002', 'KALE', 'KALORİFER RADYATÖRÜ', '', 'https://cdn.artpar.com/products_1774728386016-358610.webp', 30.603999999999996, 10, 'adet', TRUE, '2026-03-28T20:06:33.339115+00:00', NULL, 10, 0, 'USD', 0, 1, '79110SCAA01', 'HONDA', '', 21.86, 40, FALSE, 'İKLİM OTOMOTİV', FALSE, 0, 0, 'TRY', NULL),
('6a2e4950-367f-4ce1-9724-5bcb6a1bc8cf', 'ARTPAR-STP-BMW000811', 'STOP BMW 5/G30 LCI 21-24 SOL', 'ARTPAR', 'STOP', '', 'https://cdn.artpar.com/products_migrated-1772832471884-6a2e4950-367f-4ce1-9724-5bcb6a1bc8cf.webp', 125.10399999999998, 100, 'adet', TRUE, '2026-03-06T17:27:24.134788+00:00', NULL, 50, 50, 'USD', 0, 1, '63218493811', 'BMW', '5/G30LCI', 89.36, 40, FALSE, NULL, FALSE, 0, 0, 'TRY', NULL),
('989540b8-e2b1-4048-9539-93cf369ccc23', 'ARTPAR-FR-VWMRK0017', 'FAR AMAROK 2017-2022 BEYİNLİ MOTORLU SOL', 'ARTPAR', 'VOLKSWAGEN', '', 'https://cdn.artpar.com/products_migrated-1772832436588-989540b8-e2b1-4048-9539-93cf369ccc23.webp', 233.19799999999998, 99, 'adet', TRUE, '2026-03-06T11:21:55.372885+00:00', NULL, 49, 50, 'USD', 0, 1, '2H1941017', 'VOLKSWAGEN', 'AMAROK', 166.57, 40, FALSE, 'KOREA OTOMOTİV', FALSE, 0, 0, 'TRY', NULL),
('08c34c87-db2a-46a9-b2ee-0f43b6c0c957', 'KALE 359105', 'MOTOR SU RADYATÖRÜ MERCEDES BENZ ATEGO', 'KALE', 'SU RADYATÖRÜ', '', 'https://cdn.artpar.com/products_1774718712247-359105.webp', 299.558, 10, 'adet', TRUE, '2026-03-28T17:25:20.084991+00:00', NULL, 10, 0, 'USD', 0, 1, '9735000803 - A9735000803', 'MERCEDES', 'ATEGO', 213.97, 40, FALSE, 'İKLİM OTOMOTİV', FALSE, 0, 0, 'TRY', NULL),
('77406e56-5bd3-4dc9-883f-5c4df4aeab22', 'ARTPAR-FR-VWPS8035P', 'FAR VOLKSWAGEN PASSAT 2020-> B8.5 FULL LEDLİ SOL', 'ARTPAR', 'FAR', '', 'https://cdn.artpar.com/products_1774735886353-3g1941035p.webp', 0, 0, 'adet', TRUE, '2026-03-28T22:11:29.399042+00:00', NULL, 0, 0, 'USD', 0, 1, '3G1941035P', 'VOLKSWAGEN', 'PASSAT B8.5', 0, 40, FALSE, 'KOREA OTOMOTİV', FALSE, 0, 0, 'TRY', NULL),
('b27ac7e5-668b-41d2-8b55-5377989c0ba9', 'KALE 359120', 'MOTOR SU RADYATÖRÜ HYUNDAIN İ20 ACTIVE / I20 II RADYATÖR', 'KALE', 'SU RADYATÖRÜ', '', 'https://cdn.artpar.com/products_1774718877048-359120.webp', 118.58, 10, 'adet', TRUE, '2026-03-28T17:27:59.148176+00:00', NULL, 10, 0, 'USD', 0, 1, '25310-C8000', 'HYUNDAİ', 'İ20', 84.7, 40, FALSE, 'İKLİM OTOMOTİV', FALSE, 0, 0, 'TRY', NULL),
('c188f0df-978a-4fd1-8a8e-7de110b49211', 'ARTPAR-FR-VWPSCC0754Q', 'FAR PASSAT CC 2013-2017 XENON LEDLİ MORTORLU SOL', 'ARTPAR', 'FAR', '', 'https://cdn.artpar.com/products_1774736167227-3c8941754q.webp', 0, 0, 'adet', TRUE, '2026-03-28T22:16:09.3447+00:00', NULL, 0, 0, 'USD', 0, 1, '3C8941754Q', 'VOLKSWAGEN', 'PASSAT CC', 0, 40, FALSE, 'KOREA OTOMOTİV', FALSE, 0, 0, 'TRY', NULL),
('74651649-c2a8-4218-99fe-f9bb8cf56c17', 'ARTPAR-FR-NSJK-1KA0B-L', 'FAR NİSSAN JUKE 2010 SONRASI SOL MOTORLU', 'CASP', 'FAR', '', 'https://cdn.artpar.com/products_1774640803505-26060-1ka0b.webp', 83.60799999999999, 50, 'adet', TRUE, '2026-03-27T19:46:46.393063+00:00', NULL, 0, 50, 'USD', 0, 1, '26060-1KA0B', 'NİSSAN', 'JUKE', 59.72, 40, FALSE, 'KOREA OTOMOTİV', FALSE, 0, 0, 'TRY', NULL),
('cf757d6b-02a2-4bd6-88b9-75652eda9ae5', 'ARTPAR-FR-TYCR-1E550A', 'FAR TOYOTA COROLLA AE101 1993-1998 SOL', 'ARTPAR', 'FAR', '', 'https://cdn.artpar.com/products_1774458831757-81150-1e550a.webp', 25.914, 50, 'adet', TRUE, '2026-03-25T17:13:53.937434+00:00', NULL, 0, 50, 'USD', 0, 1, '81150-1E550A', 'TOYOTA', 'COROLLA', 18.51, 40, FALSE, 'KOREA OTOMOTİV', FALSE, 0, 0, 'TRY', NULL),
('4a31a4f9-d67c-41c5-bc79-4dba10107820', 'KALE 360175', 'MOTOR SU RADYATÖRÜ W208 CLK 200 KOMP. 1997-2002', 'KALE', 'SU RADYATÖRÜ', '', 'https://cdn.artpar.com/products_1774719180653-360175.webp', 165.61999999999998, 10, 'adet', TRUE, '2026-03-28T17:33:02.692669+00:00', NULL, 10, 0, 'USD', 0, 1, 'A2025008203', 'MERCEDES', '', 118.3, 40, FALSE, 'İKLİM OTOMOTİV', FALSE, 0, 0, 'TRY', NULL),
('94717c18-d496-4c24-9c3d-b31e6cb46a88', 'ARTPAR-FR-PE208-080', 'FAR PEUGEOT 208-2008 LEDLİ SOL', 'ARTPAR', 'FAR', '', 'https://pub-56f4ab060d934f85a7d1fec80dd03ee2.r2.dev/products_1775595523376-9833036080.webp', 140.742, 10, 'adet', TRUE, '2026-04-07T20:58:47.50724+00:00', NULL, 10, 0, 'USD', 0, 1, '9833036080', 'PEUGEOT', '', 100.53, 40, FALSE, 'ZENON OTOMOTİV', FALSE, 0, 0, 'TRY', NULL),
('7729cc87-8dfc-4ac0-95a5-b56832a3664c', 'KALE 020ABC040', 'KLİMA RADYATÖRÜ FORD CONNECT 2002-2014 1.8TDCI 75-90-110PS', 'KALE', 'KLİMA RADYATÖRÜ', '', 'https://cdn.artpar.com/products_1774891649796-020abc040.webp', 0, 0, 'adet', TRUE, '2026-03-30T13:40:08.850665+00:00', NULL, 0, 0, 'USD', 0, 1, '2T1H19710AC - 4488406 - 2T1H19710AB', 'FORD', '', 0, 40, FALSE, 'İKLİM OTOMOTİV', FALSE, 0, 0, 'TRY', NULL),
('55927495-c357-4da6-b96a-dfb61fca0191', 'ARTPAR-FR-TYCR-1E250L', 'FAR TOYOTA COROLLA AE111 1999-2000 SOL', 'CASP', 'FAR', '', 'https://cdn.artpar.com/products_1774459893246-81150-1e250.webp', 35.349999999999994, 50, 'adet', TRUE, '2026-03-25T17:31:35.841581+00:00', NULL, 0, 50, 'USD', 0, 1, '81150-1E250', 'TOYOTA', 'COROLLA', 25.25, 40, FALSE, 'KOREA OTOMOTİV', FALSE, 0, 0, 'TRY', NULL),
('e31aeb9a-0220-4393-897f-4ff836716d7b', 'ARTPAR-STP-FIPL00632', 'STOP FIAT PALIO YM SAĞ 2002 SONRASI', 'ARTPAR', 'STOP', '', 'https://pub-56f4ab060d934f85a7d1fec80dd03ee2.r2.dev/products_1775505570022-110000683488433.webp', 0, 0, 'adet', TRUE, '2026-04-06T19:59:32.023479+00:00', NULL, 0, 0, 'USD', 0, 1, '46845632', 'FIAT', 'PALIO', 0, 40, FALSE, 'ZENON OTOMOTİV', FALSE, 0, 0, 'TRY', NULL),
('1e6aeb23-a579-4416-88c7-c81c667832a7', 'KALE 347355', 'KALORİFER RADYATÖRÜ MITSUBISHI ASX / LANCER / OUTLANDER 2 - PEUGEOT 4007 - 4008', 'KALE', 'KALORİFER RADYATÖRÜ', '', 'https://cdn.artpar.com/products_1774730396117-347355.webp', 69.92999999999999, 10, 'adet', TRUE, '2026-03-28T20:40:01.824542+00:00', NULL, 10, 0, 'USD', 0, 1, '6448.S1 - 7801A133 - 7801A986 - 1610544580', 'PEUGEOT', '', 49.95, 40, FALSE, 'İKLİM OTOMOTİV', FALSE, 0, 0, 'TRY', NULL),
('235cf137-aa09-492b-8387-4df20c687237', 'ARTPAR-STP-VWGL0096', 'STOP GOLF 8 20-23 DIŞ SAĞ LEDLİ', 'ARTPAR', 'STOP', '', 'https://cdn.artpar.com/products_1772878625707-5h0945096.webp', 43.708, 50, 'adet', TRUE, '2026-03-07T10:17:07.409491+00:00', NULL, 0, 50, 'USD', 0, 1, '5H0945096', 'VOLKSWAGEN', 'GOLF', 31.22, 40, FALSE, NULL, FALSE, 0, 0, 'TRY', NULL),
('f4add163-c6ed-4ff3-bcb1-9ee961f45d57', 'ARTPAR-STP-VWGL0093', 'STOP GOLF 8 20-23 İÇ SOL LEDLİ', 'ARTPAR', 'STOP', '', 'https://cdn.artpar.com/products_1772878737532-5h0945093.webp', 38.57, 50, 'adet', TRUE, '2026-03-07T10:19:00.237943+00:00', NULL, 0, 50, 'USD', 0, 1, '5H0945093', 'VOLKSWAGEN', 'GOLF 8', 27.55, 40, FALSE, NULL, FALSE, 0, 0, 'TRY', NULL),
('1a15ce50-1c81-499b-b32e-72d7105f7793', 'ARTPAR-STP-VWGL0094', 'STOP GOLF 8 20-23 İÇ SAĞ LEDLİ', 'ARTPAR', 'STOP', '', 'https://cdn.artpar.com/products_1772878777480-5h0945094.webp', 38.57, 50, 'adet', TRUE, '2026-03-07T10:19:44.328247+00:00', NULL, 0, 50, 'USD', 0, 1, '5H0945094', 'VOLKSWAGEN', 'GOLF 8', 27.55, 40, FALSE, NULL, FALSE, 0, 0, 'TRY', NULL),
('cf28301c-1304-48fa-82c5-b28aa1c16eac', 'ARTPAR-STP-BMW000812', 'STOP BMW 5/G30 LCI 21-24 SAĞ', 'ARTPAR', 'STOP', '', 'https://cdn.artpar.com/products_migrated-1772832472906-cf28301c-1304-48fa-82c5-b28aa1c16eac.webp', 125.10399999999998, 100, 'adet', TRUE, '2026-03-06T17:28:29.760811+00:00', NULL, 50, 50, 'USD', 0, 1, '63218493812', 'BMW', '5/G30LCI', 89.36, 40, FALSE, NULL, FALSE, 0, 0, 'TRY', NULL),
('8fa6edcc-92f7-4dd4-a0bc-441fe837a8ac', 'ARTPAR-VKT-RNCL00019R', 'VİTES KUMANDA TELİ / KOLLU TELLİ / RENAULT SYMBOL - CLIO IV - CAPTUR 2013', 'İTHAL', 'VİTES KUMANDA TELİ', '', 'https://pub-56f4ab060d934f85a7d1fec80dd03ee2.r2.dev/products_1775555998952-11783.webp', 58.239999999999995, 10, 'adet', TRUE, '2026-04-07T10:00:00.825692+00:00', NULL, 10, 0, 'USD', 0, 1, '349016019R / 349017122R', '', '', 41.6, 40, FALSE, 'ZENON OTOMOTİV', FALSE, 0, 0, 'TRY', NULL),
('34dea09a-df02-462c-b7b8-1aa1d3ddc774', 'ARTPAR-STP-BMW000591', 'STOP BMW E60LCI 06-09 SOL', 'ARTPAR', 'STOP', '', 'https://cdn.artpar.com/products_migrated-1772832475033-34dea09a-df02-462c-b7b8-1aa1d3ddc774.webp', 121.338, 60, 'adet', TRUE, '2026-03-06T17:31:16.837741+00:00', NULL, 50, 10, 'USD', 0, 1, '63217361591', 'BMW', 'E60LCI', 86.67, 40, FALSE, NULL, FALSE, 0, 0, 'TRY', NULL),
('8b1a5a7d-29c0-4edf-84ab-091f9966209d', 'ARTPAR-STP-TYCR-02E00L', 'STOP TOYOTA COROLLA 2019-2021 DIŞ LEDLİ SOL', 'ARTPAR', 'STOP', '', 'https://cdn.artpar.com/products_1774455867147-81561-02e00.webp', 54.767999999999994, 50, 'adet', TRUE, '2026-03-25T16:24:29.401403+00:00', NULL, 0, 50, 'USD', 0, 1, '81561-02E00', 'TOYOTA', 'COROLLA', 39.12, 40, FALSE, 'KOREA OTOMOTİV', FALSE, 0, 0, 'TRY', NULL),
('81cac4f7-b0bd-446f-a741-c51955bf5023', 'KALE 362730', 'RADYATÖR ; CERATO 04- 1.5 CRDI', 'KALE', 'SU RADYATÖRÜ', '', 'https://pub-56f4ab060d934f85a7d1fec80dd03ee2.r2.dev/products_1775406624139-362730.webp', 131.88, 15, 'adet', TRUE, '2026-04-05T16:30:26.84893+00:00', NULL, 15, 0, 'USD', 0, 1, '253102F500', 'KIA', 'CERATO', 94.2, 40, FALSE, 'İKLİM OTOMOTİV', FALSE, 0, 0, 'TRY', NULL),
('2f3abe58-c82a-4024-8a14-17484c1be761', 'ARTPAR-FR-CIJU00680', 'FAR CITROEN JUMPY SAĞ 2017 SONRASI', 'ARTPAR', 'FAR', '', 'https://pub-56f4ab060d934f85a7d1fec80dd03ee2.r2.dev/products_1775554031851-9808567680.webp', 106.14799999999998, 10, 'adet', TRUE, '2026-04-07T09:27:16.987809+00:00', NULL, 10, 0, 'USD', 0, 1, '9808567680', 'CITROEN', 'JUMPY', 75.82, 40, FALSE, 'ZENON OTOMOTİV', FALSE, 0, 0, 'TRY', NULL),
('eed1ab3d-bf64-438b-849c-a19d3cf5242c', 'ARTPAR-STP-PEBR00080', 'STOP BERLİNGO/RİFTER/COMBO E/DOBLO DUYSUZ SAĞ', 'ARTPAR', 'STOP', '', 'https://cdn.artpar.com/products_1772925449076-9819649280.webp', 39.284, 0, 'adet', TRUE, '2026-03-07T23:17:31.279631+00:00', NULL, 0, 0, 'USD', 0, 1, '9820555080', 'PEUGEOT', 'BERLİNGO / RİFTER / COMBO / DOBLO', 28.06, 40, FALSE, NULL, FALSE, 0, 0, 'TRY', NULL),
('e3120500-3fec-4474-82a6-6de26fc19502', 'ARTPAR-STP-DCJG-165R', 'STOP SAĞ BEYAZ ÇİZGİLİ DACIA JOGGER 2021-25', 'İTHAL', 'STOP', '', 'https://cdn.artpar.com/products_1774439717542-265500165r.webp', 0, 0, 'adet', TRUE, '2026-03-25T11:55:20.122519+00:00', NULL, 0, 0, 'USD', 0, 1, '265500165R', 'DACİA', 'JOGGER', 0, 40, FALSE, '', FALSE, 0, 0, 'TRY', NULL),
('49aa93cf-76fb-4220-b43b-73da4f77bd66', 'ARTPAR-FR-HYİ20-C8000L', 'FAR HYUNDAİ İ20 2015-2018 DÜZ TİP MOTORLU LEDSİZ SOL', 'ARTPAR', 'FAR', '', 'https://cdn.artpar.com/products_1774470338123-92101-c8000.webp', 112.78399999999999, 50, 'adet', TRUE, '2026-03-25T20:25:40.151531+00:00', NULL, 0, 50, 'USD', 0, 1, '92101-C8000', 'HYUNDAİ', 'İ20', 80.56, 40, FALSE, 'KOREA OTOMOTİV', FALSE, 0, 0, 'TRY', NULL),
('1df58d8c-9f52-4020-90ca-0be4168225f1', 'KALE 358980', 'SU RADYATÖRÜ FORD FOCUS 2018> OTOMATİK VİTES', 'KALE', 'SU RADYATÖRÜ', '', 'https://cdn.artpar.com/products_1774643140069-358980.webp', 147.91, 10, 'adet', TRUE, '2026-03-27T20:25:42.597991+00:00', NULL, 10, 0, 'USD', 0, 1, 'JX61-8005-BC / JX61-8005-BD', 'FORD', 'FOCUS', 105.65, 40, FALSE, 'İKLİM OTOMOTİV', FALSE, 0, 0, 'TRY', NULL),
('07851a59-c111-4fc0-851c-7e1f1ffc6794', 'ARTPAR-SİS-VWCD00662', 'LAMBA SİS CADDY 15-20/TRANSPORTER T7 AMPULLU SAĞ', 'ARTPAR', 'SİS', '', 'https://cdn.artpar.com/products_1772878976613-2k5941662.webp', 13.972, 100, 'adet', TRUE, '2026-03-07T10:22:58.909697+00:00', NULL, 50, 50, 'USD', 0, 1, '2K5941662 / 7E0941662', 'VOLKSWAGEN', 'CADDY / TRANSPORTER', 9.98, 40, FALSE, NULL, FALSE, 0, 0, 'TRY', NULL),
('fcab404f-029a-4e1e-a015-44cf2e821c26', 'KALE 342720', 'KALORİFER MOTORU MERCEDES SPRINTER 3.5-T / SPRINTER 3-T / SPRINTER 4.6-T / SPRINTER 5-T 12V', 'KALE', 'KALORİFER MOTORU', '', 'https://pub-56f4ab060d934f85a7d1fec80dd03ee2.r2.dev/products_1774988921265-342720.webp', 51.211999999999996, 5, 'adet', TRUE, '2026-03-31T20:28:43.210894+00:00', NULL, 5, 0, 'USD', 0, 1, 'A0008356007 - 2E0819987', 'MERCEDES', '', 36.58, 40, FALSE, 'İKLİM OTOMOTİV', FALSE, 0, 0, 'TRY', NULL),
('47c9581a-35b2-4b56-8c79-77646e1393c9', 'ARTPAR-STP-TYCR-02760L', 'STOP TOYOTA COROLLA 2013-2018 DIŞ SOL', 'ARTPAR', 'STOP', '', 'https://cdn.artpar.com/products_1774455164064-81561-02760.webp', 24.009999999999998, 50, 'adet', TRUE, '2026-03-25T16:12:46.291985+00:00', NULL, 0, 50, 'USD', 0, 1, '81561-02760', 'TOYOTA', 'COROLLA', 17.15, 40, FALSE, 'KOREA OTOMOTİV', FALSE, 0, 0, 'TRY', NULL),
('5c9d60da-d2a5-4974-8c5e-6e751c5b19ab', 'ARTPAR-IND-RNMG400376R', 'SİNYAL MEGANE IV ÖN SAĞ', 'ARTPAR', 'SİNYAL', '', 'https://cdn.artpar.com/products_1774223624169-261306376r.webp', 18.997999999999998, 50, 'adet', TRUE, '2026-03-22T23:51:27.646798+00:00', NULL, 50, 0, 'USD', 0, 1, '261306376R', 'RENAULT', 'MEGANE4', 13.57, 40, FALSE, NULL, FALSE, 0, 0, 'TRY', NULL),
('5db0f3fe-d047-415b-976e-7f2c1b1613c2', 'ARTPAR-IND-NSJK-1KL0C-L', 'SİNYAL 2.FAR NİSSAN JUKE 2010 SONRASI SOL', 'CASP', 'FAR / SİNYAL', '', 'https://cdn.artpar.com/products_1774641111931-26125-1kl0c.webp', 68.782, 50, 'adet', TRUE, '2026-03-27T19:51:54.252149+00:00', NULL, 0, 50, 'USD', 0, 1, '26125-1KL0C', 'NİSSAN', 'JUKE', 49.13, 40, FALSE, 'KOREA OTOMOTİV', FALSE, 0, 0, 'TRY', NULL),
('be66c8e8-feef-485f-9983-96c226758d96', 'ARTPAR-FR-RNCL400493R', 'FAR RENAULT CLİO 4 MAKYAJLI SİYAH SOL', 'ARTPAR', 'FAR', '', 'https://cdn.artpar.com/products_1774223139069-260103421r.webp', 70.40599999999999, 50, 'adet', TRUE, '2026-03-22T23:45:07.210527+00:00', NULL, 50, 0, 'USD', 0, 1, '260609493R', 'RENAULT', 'CLİO 4', 50.29, 40, FALSE, '', FALSE, 0, 0, 'TRY', NULL),
('f1452091-9646-49fc-a1b5-70d413cbe191', 'ARTPAR-FR-OPASH-559HEL', 'OPEL ASTRA H FAR KROM ELEKTRİKLİ SOL', 'HELLA', 'FAR', '', 'https://cdn.artpar.com/products_1774713062568-1216659.webp', 280, 1, 'adet', TRUE, '2026-03-28T15:51:04.184145+00:00', NULL, 0, 1, 'USD', 0, 1, '1216659', 'OPEL', 'ASTRA H', 200, 40, FALSE, '', FALSE, 0, 0, 'TRY', NULL),
('f2e4d59d-3595-4e17-a47b-e5aced6154e3', 'ARTPAR-FR-HYEL-F2600L', 'FAR ELANTRA 2019-2021 SOL LEDLİ', 'ARTPAR', 'FAR', '', 'https://cdn.artpar.com/products_1774473435673-92101-f2600.webp', 157.03799999999998, 50, 'adet', TRUE, '2026-03-25T21:17:17.763427+00:00', NULL, 0, 50, 'USD', 0, 1, '92101-F2600', 'HYUNDAİ', 'ELANTRA', 112.17, 40, FALSE, 'KOREA OTOMOTİV', FALSE, 0, 0, 'TRY', NULL),
('024615c5-6f45-40c7-8bea-1c3d4ce877d2', 'KALE 0518591AB', 'MOTOR SU RADYATÖRÜ RENAULT CLİO 4 12mm', 'KALE', 'SU RADYATÖRÜ', '', 'https://cdn.artpar.com/products_1774646919731-kale-0518591ab.webp', 105.854, 10, 'adet', TRUE, '2026-03-27T21:28:42.497185+00:00', NULL, 10, 0, 'USD', 0, 1, '214107326R - 214100055R', 'RENAULT', 'CLİO 4', 75.61, 40, FALSE, 'İKLİM OTOMOTİV', FALSE, 0, 0, 'TRY', NULL),
('647b88de-1772-43c7-b0cc-acdcd9c91267', 'ARTPAR-STP-RNCL-844R', 'Clio 3-III Grandtour Sağ Arka Stop Lambası (2009-2012)', 'DEPO', 'STOP', '', 'https://cdn.artpar.com/products_1774439948407-8200586844.webp', 0, 0, 'adet', TRUE, '2026-03-25T11:59:10.804383+00:00', NULL, 0, 0, 'USD', 0, 1, '8200586844 ', 'RENAULT', 'CLIO SW', 0, 40, FALSE, '', FALSE, 0, 0, 'TRY', NULL),
('89b8284d-69c8-4818-8c70-865f659c606f', 'ARTPAR-STP-BMW000118', 'STOP BMW 3/F30 LCI 15-18 SAĞ', 'ARTPAR', 'STOP', '', 'https://cdn.artpar.com/products_migrated-1772832462166-89b8284d-69c8-4818-8c70-865f659c606f.webp', 79.856, 2, 'adet', TRUE, '2026-03-06T12:51:43.666395+00:00', NULL, 2, 0, 'USD', 0, 1, '63217369118', 'BMW', '3/F30 LCI', 57.04, 40, FALSE, '', FALSE, 0, 0, 'TRY', NULL),
('a0f359f8-049d-4d08-89f1-dd2175fd8904', 'ARTPAR-SİS-HYİ30-2L000L', 'LAMBA SİS HYUNDAİ İ30 2008-2011 SOL AMPUL ÜZERİNDE', 'ARTPAR', 'SİS', '', 'https://cdn.artpar.com/products_1774470575036-92201-2l000.webp', 17.794, 50, 'adet', TRUE, '2026-03-25T20:29:37.202724+00:00', NULL, 0, 50, 'USD', 0, 1, '92201-2L000', 'HYUNDAİ', 'İ30', 12.71, 40, FALSE, 'KOREA OTOMOTİV', FALSE, 0, 0, 'TRY', NULL),
('530c4e4a-e4c8-4d29-b326-22c3fe93c6fe', 'KALE 0514172AL', 'MOTOR SU RADYATÖRÜ RENAULT MEGANE 1.6 CC / DACIA LOGAN 1.4 / 1.6 MPI', 'KALE', 'SU RADYATÖRÜ', '', 'https://cdn.artpar.com/products_1774644643624-kale-0514172al.webp', 104.48199999999999, 10, 'adet', TRUE, '2026-03-27T20:50:48.855764+00:00', NULL, 10, 0, 'USD', 0, 1, '7700838134 - 7700836301 - 7702258282', 'RENAULT / DACIA', 'MEGANE / LOGAN', 74.63, 40, FALSE, 'İKLİM OTOMOTİV', FALSE, 0, 0, 'TRY', NULL),
('1459b6e8-fb8d-4331-8e2f-1d6cddb93100', 'KALE 344720', 'FAN MOTORU DAVLUMBAZLI RENAULT THALIA / SYMBOL 1 / 2 / TRAFIC 2 / CLIO 1 / CLIO 2 / KANGO / MEGANE 1 /', 'KALE', 'FAN MOTORU', '', 'https://cdn.artpar.com/products_1774719689884-344720.webp', 49.980000000000004, 10, 'adet', TRUE, '2026-03-28T17:41:31.585976+00:00', NULL, 10, 0, 'USD', 0, 1, '7701045816 - 7701070217', 'RENAULT', '', 35.7, 40, FALSE, 'İKLİM OTOMOTİV', FALSE, 0, 0, 'TRY', NULL),
('152c0cdf-9ad4-41d9-aee8-ed0281e9c704', 'KALE 342395', 'KLİMA RADYATÖRÜ IBIZA V / POLO (09+) FABIA / RAPID (10+) 1.2 - 1.2TSI - 1.4 - 1.2TDI - 1.6TDI', 'KALE', 'KLİMA RADYATÖRÜ', '', 'https://cdn.artpar.com/products_1774891963294-342395.webp', 84.238, 15, 'adet', TRUE, '2026-03-30T17:32:45.517191+00:00', NULL, 15, 0, 'USD', 0, 1, '6R0820411D - 6R0820411 - 6R0820411H', 'VOLKSWAGEN', '', 60.17, 40, FALSE, 'İKLİM OTOMOTİV', FALSE, 0, 0, 'TRY', NULL),
('1b31fb10-1402-4b52-97f9-540ceca1633f', 'ARTPAR-FR-FDFC0030RB', 'FAR FOCUS 12-14 MOTORLU SİYAH AMPULLÜ SOL', 'ARTPAR', 'FAR', '', 'https://cdn.artpar.com/products_migrated-1772832502089-1b31fb10-1402-4b52-97f9-540ceca1633f.webp', 65.632, 50, 'adet', TRUE, '2026-03-06T19:12:58.865764+00:00', NULL, 50, 0, 'USD', 0, 1, ' BM51-13W030-RB', 'FORD', 'FOCUS', 46.88, 40, FALSE, NULL, FALSE, 0, 0, 'TRY', NULL),
('6d2cc552-9a61-4004-a10b-525139795253', 'ARTPAR-FR-RNCL5500507R', 'FAR RENAULT CLİO 5.5 24-> LEDLİ MOTORLU BEYİNLİ SAĞ', 'ARTPAR', 'RENAULT', '', 'https://cdn.artpar.com/products_migrated-1772832418017-6d2cc552-9a61-4004-a10b-525139795253.webp', 131.67, 0, 'adet', TRUE, '2026-03-06T11:02:05.000945+00:00', NULL, 0, 0, 'USD', 0, 1, '260103507R', 'RENAULT', 'CLİO 5.5', 94.05, 40, FALSE, 'KOREA OTOMOTİV', FALSE, 0, 0, 'TRY', NULL),
('4fc4b87f-e597-47a9-89f1-dc383e790b7f', 'ARTPAR-STP-FIPL00633', 'STOP FIAT PALIO YM SOL 2002 SONRASI', 'ARTPAR', 'STOP', '', 'https://pub-56f4ab060d934f85a7d1fec80dd03ee2.r2.dev/products_1775505520135-110000683488433.webp', 0, 0, 'adet', TRUE, '2026-04-06T19:58:42.038344+00:00', NULL, 0, 0, 'USD', 0, 1, '46845633', 'FIAT', 'PALIO', 0, 40, FALSE, 'ZENON OTOMOTİV', FALSE, 0, 0, 'TRY', NULL),
('1d7b2867-efb6-4ac8-9846-ad3136036469', 'ORJ 7P5941591AJ', 'FAR BEYNİ OCTAVIA FABIA GOLF T-ROC IBIZA LEON', 'ORİJİNAL', 'FAR BEYİN', '', 'https://pub-56f4ab060d934f85a7d1fec80dd03ee2.r2.dev/products_1775640272575-7p5941591aj.webp', 65.38, 25, 'adet', TRUE, '2026-04-08T09:24:34.791025+00:00', NULL, 25, 0, 'USD', 0, 1, '7P5941591AJ', '', '', 46.7, 40, FALSE, 'EYLÜL OTOMOTİV', FALSE, 0, 0, 'TRY', NULL),
('0f4e7a96-95e0-427f-a75d-f50738ceb631', 'ARTPAR-FR-RNCL500987R', 'FAR RENAULT CLİO 5 JOY/TOUCH LEDLİ MOTORLU BEYİNLİ SOL', 'ARTPAR', 'RENAULT', '', 'https://cdn.artpar.com/products_migrated-1772832415856-0f4e7a96-95e0-427f-a75d-f50738ceb631.webp', 131.656, 99, 'adet', TRUE, '2026-03-05T20:57:00.33829+00:00', NULL, 49, 50, 'USD', 0, 1, '260609987R', 'RENAULT', '', 94.04, 40, FALSE, '', FALSE, 0, 0, 'TRY', NULL),
('b9da3060-fad9-4384-960d-6e3104aa4f4c', 'KALE 050ABC030', 'KLİMA RADYATÖRÜ CLIO 2 2001- SYMBOL THALIA 1.2 / 1.4', 'KALE', 'KLİMA RADYATÖRÜ', '', 'https://cdn.artpar.com/products_1774720462812-050abc030.webp', 119.28, 10, 'adet', TRUE, '2026-03-28T17:54:24.717983+00:00', NULL, 10, 0, 'USD', 0, 1, '8200106950 - 8200757789 - 7700428083', 'RENAULT', '', 85.2, 40, FALSE, 'İKLİM OTOMOTİV', FALSE, 0, 0, 'TRY', NULL),
('cf302b2f-3837-4716-bab4-4fb1da11ad51', 'KALE  342415', 'KLİMA RADYATÖRÜ 5 GRAN TURISMO / 6 GRAN COUPE / 518 D / 520D / 525D', 'ARTPAR', 'KLİMA RADYATÖRÜ', '', 'https://cdn.artpar.com/products_1774892078842-342415.webp', 100.73, 15, 'adet', TRUE, '2026-03-30T17:34:45.05556+00:00', NULL, 15, 0, 'USD', 0, 1, '64509109723', 'BMW', '', 71.95, 40, FALSE, 'İKLİM OTOMOTİV', FALSE, 0, 0, 'TRY', NULL),
('eb044634-eaa3-44b7-88bd-eb32952a93d7', 'KALE 2061011AB', 'MOTOR SU RADYATÖRÜ PEUGEOT PARTNER TEPEE / 307 / 407 - CITROEN C4 / C5 2-3 1.6HDI', 'KALE', 'SU RADYATÖRÜ', '', 'https://cdn.artpar.com/products_1774725657429-2061011ab.webp', 110.6, 10, 'adet', TRUE, '2026-03-28T19:21:00.041196+00:00', NULL, 10, 0, 'USD', 0, 1, '1330.Y5 - 1330.F5 - 1330.P9 - 1330.W2', 'PEUGEOT', '', 79, 40, FALSE, 'İKLİM OTOMOTİV', FALSE, 0, 0, 'TRY', NULL),
('bd1147b8-c17a-4e0d-925a-63a6a59adccf', 'KALE 2054011AB', 'MOTOR SU RADYATÖRÜ CITROEN C5 1.6HDI / TDI - PEUGEOT 407 1.6 HDI / TDI 2.2', 'KALE', 'SU RADYATÖRÜ', '', 'https://cdn.artpar.com/products_1774731107696-kale-2054011ab.webp', 112, 15, 'adet', TRUE, '2026-03-28T20:51:49.952229+00:00', NULL, 15, 0, 'USD', 0, 1, '1330.J9', 'CITROEN', '', 80, 40, FALSE, 'İKLİM OTOMOTİV', FALSE, 0, 0, 'TRY', NULL),
('f8fb2de9-5278-4280-859c-190824dd97e4', 'KALE 346460', 'KALORİFER RADYATÖRÜ 1 E87 - 3 E90 - X1 E84', 'KALE', 'KALORİFER RADYATÖRÜ', '', 'https://cdn.artpar.com/products_1774897631817-346460.webp', 57.54, 50, 'adet', TRUE, '2026-03-30T19:07:14.242888+00:00', NULL, 50, 0, 'USD', 0, 1, '64119123506', 'BMW', '', 41.1, 40, FALSE, 'İKLİM OTOMOTİV', FALSE, 0, 0, 'TRY', NULL),
('6970c3db-c116-43a5-918d-bbd6c1d0dbb6', 'KALE 0137011AB', 'MOTOR SU RADYATÖRÜ FIAT DOBLO 1.3/1.9 JTD', 'KALE', 'SU RADYATÖRÜ', '', 'https://pub-56f4ab060d934f85a7d1fec80dd03ee2.r2.dev/products_1775407100865-0137011ab.webp', 118.06199999999998, 5, 'adet', TRUE, '2026-04-05T16:38:23.258602+00:00', NULL, 5, 0, 'USD', 10, 1, '55174187 - 51779233 - 51861635', 'FIAT', 'DOBLO', 84.33, 40, TRUE, 'İKLİM OTOMOTİV', FALSE, 0, 0, 'TRY', NULL),
('6082acd8-8a79-4488-bfcd-a1d519cdafe1', 'ARTPAR-VKT-RNMG200267', 'VİTES KUMANDA TELİ / KOLLU TELLİ / RENAULT MEGANE 2', 'İTHAL', 'VİTES KUMANDA TELİ', '', 'https://pub-56f4ab060d934f85a7d1fec80dd03ee2.r2.dev/products_1775555803153-11749.webp', 76.92999999999999, 10, 'adet', TRUE, '2026-04-07T09:56:45.288506+00:00', NULL, 10, 0, 'USD', 0, 1, '8200905267 / 820010501', 'RENAULT', 'MEGANE2', 54.95, 40, FALSE, 'ZENON OTOMOTİV', FALSE, 0, 0, 'TRY', NULL),
('f2f54c92-3b6d-499b-aa4c-224ef0a25888', 'ARTPAR-FR-STLN008L', 'FAR SEAT LEON 2018 - 2020 MOTORLU SAĞ', 'ARTPAR', 'FAR', '', 'https://pub-56f4ab060d934f85a7d1fec80dd03ee2.r2.dev/products_1775481119417-5f1941008l.webp', 0, 0, 'adet', TRUE, '2026-04-06T13:12:02.579239+00:00', NULL, 0, 0, 'USD', 0, 1, '5F1941008L', 'SEAT', 'LEON', 0, 40, FALSE, 'KOREA OTOMOTİV', FALSE, 0, 0, 'TRY', NULL),
('3fd472c6-6dfb-4a49-9d38-828449ed421e', 'ARTPAR-STP-FISI800', 'STOP FIAT SIENA SOL 1996 SONRASI ', 'ARTPAR', 'STOP', '', 'https://pub-56f4ab060d934f85a7d1fec80dd03ee2.r2.dev/products_1775506640616-46542800.webp', 0, 0, 'adet', TRUE, '2026-04-06T20:17:22.728371+00:00', NULL, 0, 0, 'USD', 0, 1, '46542800', 'FIAT', 'SIEANA', 0, 40, FALSE, 'ZENON OTOMOTİV', FALSE, 0, 0, 'TRY', NULL),
('0a7898ae-d46e-459f-9329-0981fd4c9a4f', 'KALE 348490', 'FAN MOTORU DAVLUMBAZLI FIAT DUCATO II-III 2.3JTD 06=> 200/300 WATT (KLİMASIZ)', 'KALE', 'FAN MOTORU', '', 'https://pub-56f4ab060d934f85a7d1fec80dd03ee2.r2.dev/products_1774989282771-348490.webp', 105.64399999999999, 5, 'adet', TRUE, '2026-03-31T20:34:44.662658+00:00', NULL, 5, 0, 'USD', 0, 1, '1358009080', 'FIAT', '', 75.46, 40, FALSE, 'İKLİM OTOMOTİV', FALSE, 0, 0, 'TRY', NULL),
('39128aa5-317b-4204-98d9-cff9d66dfa13', 'KALE 346260', 'KALORİFER RADYATÖRÜ CORDOBA-IBIZA-FABIA 1.2 1.4-1.6 (06-09)', 'KALE', 'KALORİFER RADYATÖRÜ', '', 'https://cdn.artpar.com/products_1774900875360-346260.webp', 37.464, 50, 'adet', TRUE, '2026-03-30T20:01:18.954902+00:00', NULL, 50, 0, 'USD', 0, 1, '6Q0819031 - 6R0819031', 'SEAT', '', 26.76, 40, FALSE, 'İKLİM OTOMOTİV', FALSE, 0, 0, 'TRY', NULL),
('d9e3a57f-89a5-46cb-bdad-f76a520d6f0f', 'ARTPAR-FR-RNMS000567R', 'FAR RENAULT MASTER 20-> LEDLİ MOTORLU SAĞ', 'ARTPAR', 'RENAULT', '', 'https://cdn.artpar.com/products_migrated-1772832453237-d9e3a57f-89a5-46cb-bdad-f76a520d6f0f.webp', 156.79999999999998, 100, 'adet', TRUE, '2026-03-06T12:26:26.963197+00:00', NULL, 50, 50, 'USD', 0, 1, '260105567R', 'RENAULT', 'MASTER 4', 112, 40, FALSE, NULL, FALSE, 0, 0, 'TRY', NULL),
('6b71ec6b-4c83-4503-a054-37d5321a372f', 'ARTPAR-SİS-VWTP00700', 'LAMBA SİS T5 03-09/POLO/FABIA AMPULLU SAĞ', 'ARTPAR', 'SİS', '', 'https://cdn.artpar.com/products_1772879201638-7e0941699.webp', 9.366, 0, 'adet', TRUE, '2026-03-07T10:26:43.285714+00:00', NULL, 0, 0, 'USD', 0, 50, '7E0941700', 'VOLKSWAGEN', 'TRANSPORTER T5', 6.69, 40, FALSE, NULL, FALSE, 0, 0, 'TRY', NULL),
('2c974ef9-0486-430b-8091-8ac1c60d89b2', 'ARTPAR-SİS-VWTP00699A', 'LAMBA SİS T6 11-15 AMPULLU SOL', 'ARTPAR', 'SİS', '', 'https://cdn.artpar.com/products_1772879318489-7e0941700a.webp', 6.832, 10, 'adet', TRUE, '2026-03-07T10:28:40.1309+00:00', NULL, 10, 0, 'USD', 0, 50, '7E0941699A', 'VOLKSWAGEN', 'TRANSPORTER T6', 4.88, 40, FALSE, NULL, FALSE, 0, 0, 'TRY', NULL),
('0a60e07e-fb4e-49b8-97da-7d6a2f9529b8', 'ARTPAR-FR-VWPL0007E', 'FAR POLO 10-13 MOTORLU SOL', 'ARTPAR', 'FAR', '', 'https://cdn.artpar.com/products_1772836073970-6r1941007e.webp', 58.226, 0, 'adet', TRUE, '2026-03-06T22:27:56.209914+00:00', NULL, 0, 0, 'USD', 0, 1, '6R1941007E', 'VOLKSWAGEN', 'POLO', 41.59, 40, FALSE, NULL, FALSE, 0, 0, 'TRY', NULL),
('e68d296d-6f93-4219-ba49-dcdbc92a2257', 'ORJ 4G0907697G', 'FAR BEYNİ A4 A5 A6 PASSAT AMAROK GOLF', 'ORİJİNAL', 'FAR BEYİN', '', 'https://pub-56f4ab060d934f85a7d1fec80dd03ee2.r2.dev/products_1775640451216-4g0907697g.webp', 39.227999999999994, 25, 'adet', TRUE, '2026-04-08T09:27:34.046039+00:00', NULL, 25, 0, 'USD', 0, 1, '4G0907697G', '', '', 28.02, 40, FALSE, 'EYLÜL OTOMOTİV', FALSE, 0, 0, 'TRY', NULL),
('1f867c08-269b-4e81-95a8-f588680fbc77', ' ARTPAR-STP-VWPL0094B', 'STOP POLO 20-23 İÇ SAĞ LEDLİ', 'ARTPAR', 'STOP', '', 'https://cdn.artpar.com/products_1772878474178-2g0945094b.webp', 41.132, 50, 'adet', TRUE, '2026-03-07T10:14:36.275696+00:00', NULL, 0, 50, 'USD', 0, 1, '2G0945094B', 'VOLKSWAGEN', 'POLO', 29.38, 40, FALSE, NULL, FALSE, 0, 0, 'TRY', NULL),
('eb0e6e77-be4f-4ac6-ba4b-04d22f2e3d3c', 'ARTPAR-FR-HYGT1C010R', 'FAR GETZ 2002-2005 SAĞ ELEKTRİKLİ', 'ARTPAR', 'FAR', '', 'https://cdn.artpar.com/products_1772976447392-92102-1c010.webp', 39.032, 50, 'adet', TRUE, '2026-03-08T13:24:32.840277+00:00', NULL, 0, 50, 'USD', 0, 1, '92102-1C010', 'HYUNDAİ', 'GETZ', 27.88, 40, FALSE, NULL, FALSE, 0, 0, 'TRY', NULL),
('2e5b577d-bb8b-4b48-be3f-b6e93e859f48', 'ARTPAR-FR-VWGLF5005', 'FAR GOLF V 07-09/JETTA 06-10 KROM SOL', 'ARTPAR', 'VOLKSWAGEN', '', 'https://cdn.artpar.com/products_migrated-1772832438926-2e5b577d-bb8b-4b48-be3f-b6e93e859f48.webp', 43.988, 100, 'adet', TRUE, '2026-03-06T11:26:47.713612+00:00', NULL, 50, 50, 'USD', 0, 1, '1K6941005', 'VOLKSWAGEN', 'GOLF', 31.42, 40, FALSE, NULL, FALSE, 0, 0, 'TRY', NULL),
('acab2e7b-9b72-4e2e-b38f-c8743afcd922', 'ARTPAR-STP-TYCR-02340L', 'STOP TOYOTA COROLLA 2010-2012 İÇ SOL', 'ARTPAR', 'STOP', '', 'https://cdn.artpar.com/products_1774458157579-81591-02340.webp', 0, 0, 'adet', TRUE, '2026-03-25T17:02:39.61551+00:00', NULL, 0, 0, 'USD', 0, 1, '81581-02340', 'TOYOTA', 'COROLLA', 0, 40, FALSE, 'KOREA OTOMOTİV', FALSE, 0, 0, 'TRY', NULL),
('420e45a3-95d7-4739-8c3c-14e88b3fef36', 'KALE 2206102AB', 'MOTOR SU RADYATÖRÜ NEWHOLLAND TD75-95 TRAKTÖR 2 SIRA ALB SİSTEM', 'KALE', 'SU RADYATÖRÜ', '', 'https://cdn.artpar.com/products_1774724741147-kale-2206102ab.webp', 294, 5, 'adet', TRUE, '2026-03-28T19:05:43.400376+00:00', NULL, 5, 0, 'USD', 0, 1, '', 'NEWHOLLAND', '', 210, 40, FALSE, 'İKLİM OTOMOTİV', FALSE, 0, 0, 'TRY', NULL),
('6f7f36f2-824b-409b-b14a-b4c53109c949', 'KALE 346850', 'KALORİFER RADYATÖRÜ (BORUSUZ) EGEA / DOBLO / PRATICO / LINEA / GRANDE PUNTO / PUNTO EVO / QUBO - ALFA ROMEO MITO - OPEL ADAM / CORSA / CORSA D / CORSA E - VAUXHALL ADAM / CORSA Mk ', 'KALE', 'KALORİFER RADYATÖRÜ', '', 'https://cdn.artpar.com/products_1774894619822-346850.webp', 32.004, 50, 'adet', TRUE, '2026-03-30T18:17:02.804138+00:00', NULL, 50, 0, 'USD', 0, 1, '39033120 - 77363898 - 77365032 - 77364557', 'FIAT', '', 22.86, 40, FALSE, 'İKLİM OTOMOTİV', FALSE, 0, 0, 'TRY', NULL),
('b2d30f14-8c5c-43c2-aba5-ae9afe056731', 'ARTPAR-STP-STIB00096L', 'STOP İBİZA 13-16 4 KAPI 5 PİM LEDLİ SAĞ', 'ARTPAR', 'STOP', '', 'https://cdn.artpar.com/products_1772838836649-6j4945096l.webp', 58.926, 50, 'adet', TRUE, '2026-03-06T23:13:58.717135+00:00', NULL, 50, 0, 'USD', 0, 1, '6J4945096L', 'SEAT', 'IBIZA', 42.09, 40, FALSE, NULL, FALSE, 0, 0, 'TRY', NULL),
('c1516cbe-f87d-4643-bcc3-85f344bb0f2e', 'ARTPAR-STP-OPASJ0153', 'STOP ASTRA J SEDAN DIŞ SOL', 'ARTPAR', 'STOP', '', 'https://cdn.artpar.com/products_1772926791505-25870153.webp', 0, 0, 'adet', TRUE, '2026-03-07T23:39:53.328171+00:00', NULL, 0, 0, 'USD', 0, 1, '25870153', 'OPEL', 'ASTRA J', 0, 40, FALSE, NULL, FALSE, 0, 0, 'TRY', NULL),
('21adc91b-07b5-4ed1-9034-9b4e4d004ca9', 'ARTPAR-FR-FIDB00880', 'FAR BERLİNGO K9 20-24/DOBLO 5/PROACE CİTY SOL', 'ARTPAR', 'FAR', '', 'https://cdn.artpar.com/products_1772925274617-9816824880.webp', 146.958, 50, 'adet', TRUE, '2026-03-07T23:14:37.256971+00:00', NULL, 0, 50, 'USD', 0, 1, '9816824880', 'FIAT ', 'DOBLO5 / BERLİNGO / PROACE', 104.97, 40, FALSE, NULL, FALSE, 0, 0, 'TRY', NULL),
('5e6e46f4-8f15-46db-9a1c-7f0f5a212843', 'ARTPAR-FR-PERF00880', 'FAR PARTNER RİFTER 18-> SONRASI MOTORLU LEDSİZ SAĞ', 'ARTPAR', 'FAR', '', 'https://cdn.artpar.com/products_1772924949654-9816826880.webp', 96.79599999999999, 0, 'adet', TRUE, '2026-03-07T23:09:11.506854+00:00', NULL, 0, 0, 'USD', 0, 1, '9816826880', 'PEUGEOT', 'RİFTER / PARTNER', 69.14, 40, FALSE, NULL, FALSE, 0, 0, 'TRY', NULL),
('0c851c79-75ce-4fb5-aedc-8fe4e662e547', 'ARTPAR-LED-CTBR00580', 'GÜNDÜZ LEDİ BERLİNGO 18-> K9/OPEL COMBO/PROACE SAĞ', 'ARTPAR', 'FAR', '', 'https://cdn.artpar.com/products_1772925835577-9819435680.webp', 68.74, 100, 'adet', TRUE, '2026-03-07T23:23:57.566118+00:00', NULL, 50, 50, 'USD', 0, 1, '9819435580', 'CİTROEN', 'BERLİNGO / RİFTER / COMBO / DOBLO', 49.1, 40, FALSE, NULL, FALSE, 0, 0, 'TRY', NULL),
('e83933cf-1163-4044-a67e-0f55a2b7a260', 'ARTPAR-STP-CTJM00180', 'STOP EXPERT 4/JUMPY 4/VİVARO DUYSUZ SOL', 'ARTPAR', 'STOP', '', 'https://cdn.artpar.com/products_1772925937473-9808243180.webp', 33.096, 50, 'adet', TRUE, '2026-03-07T23:25:39.142896+00:00', NULL, 0, 50, 'USD', 0, 1, '9808243180', 'CİTROEN', 'JUMPY / EXPERT / VİVARO', 23.64, 40, FALSE, NULL, FALSE, 0, 0, 'TRY', NULL),
('1a2a980c-9a33-44ca-a6f4-449a4963a92c', 'KALE 346385', 'KALORİFER RADYATÖRÜ CROMA-SIGNUM-VECTRA C-CADILLAC BLS-SAAB 9-3-9-3X(03+) (Z18XER)', 'KALE', 'KALORİFER RADYATÖRÜ', '', 'https://pub-56f4ab060d934f85a7d1fec80dd03ee2.r2.dev/products_1774979976970-346385.webp', 34.034, 20, 'adet', TRUE, '2026-03-31T17:59:39.599497+00:00', NULL, 20, 0, 'USD', 0, 1, '1618260 - 93171801', '', '', 24.31, 40, FALSE, 'İKLİM OTOMOTİV', FALSE, 0, 0, 'TRY', NULL),
('5867a9cb-95fc-406a-899b-8c24710af002', 'ARTPAR-FR-STLN007G', 'FAR SEAT LEON 2018 - 2020 MOTORLU SOL', 'ARTPAR', 'FAR', '', 'https://pub-56f4ab060d934f85a7d1fec80dd03ee2.r2.dev/products_1775481188416-5f1941007g.webp', 0, 0, 'adet', TRUE, '2026-04-06T13:13:11.097652+00:00', NULL, 0, 0, 'USD', 0, 1, '5F1941007G', 'SEAT', 'LEON', 0, 40, FALSE, 'KOREA OTOMOTİV', FALSE, 0, 0, 'TRY', NULL),
('86bcb802-6f2c-4dd5-a5ed-64d70619afe4', 'ARTPAR-FR-VWPSCC0753Q', 'FAR VOLKSWAGEN PASSAT CC 2013-2017 XENON LEDLİ MORTORLU SOL', 'ARTPAR', 'FAR', '', 'https://cdn.artpar.com/products_1774736105241-3c8941753q.webp', 0, 0, 'adet', TRUE, '2026-03-28T22:14:34.060841+00:00', NULL, 0, 0, 'USD', 0, 1, '3C8941753Q', 'VOLKSWAGEN', 'PASSAT CC', 0, 40, FALSE, 'KOREA OTOMOTİV', FALSE, 0, 0, 'TRY', NULL),
('f6037302-e87f-4d4f-824c-26099172da1f', 'ARTPAR-STP-BMW000449', 'STOP BMW 3/G20 19-21 SOL', 'ARTPAR', 'STOP', '', 'https://cdn.artpar.com/products_migrated-1772832467280-f6037302-e87f-4d4f-824c-26099172da1f.webp', 77.434, 100, 'adet', TRUE, '2026-03-06T17:21:14.076485+00:00', NULL, 49, 50, 'USD', 0, 1, '63217420449', 'BMW', '3/G20', 55.31, 40, FALSE, NULL, FALSE, 0, 0, 'TRY', NULL),
('ee00a221-20d7-424f-aaa1-647b1301a103', 'ARTPAR-STP-DCDU00837R', 'STOP DUSTER 2015 SAĞ ', 'ARTPAR', 'STOP', '', 'https://cdn.artpar.com/products_1772881774772-265506837r.webp', 21.63, 50, 'adet', TRUE, '2026-03-07T11:09:37.104283+00:00', NULL, 50, 0, 'USD', 0, 1, '265506837R', 'DACİA', 'DUSTER', 15.45, 40, FALSE, '', FALSE, 0, 0, 'TRY', NULL),
('3727d86a-62a6-4e9d-8dc1-b98784521627', 'KALE 347325', 'MOTOR SU RADYATÖRÜ DOBLO / PRATICO - OPEL COMBO - VAUXHALL COMBO Mk III RADYATÖR', 'KALE', 'SU RADYATÖRÜ', '', 'https://pub-56f4ab060d934f85a7d1fec80dd03ee2.r2.dev/products_1775407746122-347325.webp', 101.09399999999998, 5, 'adet', TRUE, '2026-04-05T16:49:10.993215+00:00', NULL, 5, 0, 'USD', 10, 1, '51812209-51938013 - 1300328 - 95510450', '', '', 72.21, 40, TRUE, 'İKLİM OTOMOTİV', FALSE, 0, 0, 'TRY', NULL),
('d33b5635-3e17-4609-b2c5-d5c262f82ff0', 'ARTPAR-FR-NSQS-4EA0A-L', 'FAR NİSSAN QASHQAİ 14-17 ELEK MOTORLU LEDLİ SOL', 'ARTPAR', 'FAR', '', 'https://cdn.artpar.com/products_1774639283821-26060-4ea0a.webp', 256.662, 50, 'adet', TRUE, '2026-03-27T19:21:26.3438+00:00', NULL, 0, 50, 'USD', 0, 1, '26060-4EA0A', 'NİSSAN', 'QASHQAİ', 183.33, 40, FALSE, 'KOREA OTOMOTİV', FALSE, 0, 0, 'TRY', NULL)
ON CONFLICT DO NOTHING;

INSERT INTO public."products" ("id", "code", "name", "brand", "category", "description", "image_url", "list_price", "stock_quantity", "unit", "is_active", "created_at", "product_number", "stock_merkez", "stock_depo", "currency", "discount_rate", "box_quantity", "oem_no", "car_brand", "car_model", "cost_price", "profit_margin", "is_campaign", "supplier_brand", "is_fixed_price", "cart_discount_rate", "fixed_price_value", "fixed_price_currency", "fixed_usd_rate") VALUES
('200f6ea7-6e95-4f5e-8534-93f02906c4bf', 'ARTPAR-FR-HYEL-F2500L', 'FAR HYUNDAİ ELANTRA 2019-2021 SOL LEDSİZ', 'ARTPAR', 'FAR', '', 'https://cdn.artpar.com/products_1774472729881-92101-f2500.webp', 109.368, 50, 'adet', TRUE, '2026-03-25T21:04:59.497487+00:00', NULL, 0, 50, 'USD', 0, 1, '92101-F2500', 'HYUNDAİ', 'ELANTRA', 78.12, 40, FALSE, 'KOREA OTOMOTİV', FALSE, 0, 0, 'TRY', NULL),
('7ca88490-db6e-4df6-979f-99608eda97a7', 'UNI 30VWG700B', 'KALORİFER RADYATÖRÜ GOLF 7 VALEO TİP', 'UNICORE', 'KALORİFER RADYATÖRÜ', '', '', 31.359999999999996, 10, 'adet', TRUE, '2026-03-27T21:16:46.181906+00:00', NULL, 10, 0, 'USD', 0, 1, '5Q0819031-5Q0819031B', 'VOLKSWAGEN', 'GOLF7', 22.4, 40, FALSE, 'İKLİM OTOMOTİV', FALSE, 0, 0, 'TRY', NULL),
('8369a967-98d8-4031-ba41-ed0187ce08d2', 'KALE 367500', 'MOTOR SU RADYATÖRÜ A4 - A6 - 1.8 2000 - 2005', 'KALE', 'SU RADYATÖRÜ', '', 'https://cdn.artpar.com/products_1774646676239-367500.webp', 73.5, 10, 'adet', TRUE, '2026-03-27T21:24:38.862836+00:00', NULL, 10, 0, 'USD', 0, 1, '8D0121251Q - 8D0121251K - 8D0121251E', 'SK0DA', '', 52.5, 40, FALSE, 'İKLİM OTOMOTİV', FALSE, 0, 0, 'TRY', NULL),
('b3773a0b-cd01-4a6d-baa3-53461c92736a', 'ARTPAR-FR-MBVT00800', 'FAR VİTO MAYBACH MODEL LEDSİZ FARLARA UYUMLU SAĞ', 'ARTPAR', 'FAR', '', 'https://cdn.artpar.com/products_migrated-1772832480249-b3773a0b-cd01-4a6d-baa3-53461c92736a.webp', 213.542, 60, 'adet', TRUE, '2026-03-06T17:47:40.085441+00:00', NULL, 10, 50, 'USD', 0, 1, '4479067800M', 'MERCEDES', 'VİTO MAYBACH', 152.53, 40, FALSE, NULL, FALSE, 0, 0, 'TRY', NULL),
('aef29ebe-4a43-4258-ad50-49a8420b7120', 'KALE 346380', 'KALORİFER RADYATÖRÜ HYUNDAI ACCENT (94-99)', 'KALE', 'KALORİFER RADYATÖRÜ', '', 'https://cdn.artpar.com/products_1774900961697-346380.webp', 35.699999999999996, 50, 'adet', TRUE, '2026-03-30T20:02:44.267731+00:00', NULL, 50, 0, 'USD', 0, 1, '9722122000 - 9722122001', 'HYUNDAI', 'ACCENT', 25.5, 40, FALSE, 'İKLİM OTOMOTİV', FALSE, 0, 0, 'TRY', NULL),
('f0a12c42-6cef-4f3e-b573-c83f8ca6dcfa', 'KALE 346345', 'KALORİFER RADYATÖRÜ ALBEA-PALIO-STRADA (MUSLUKLU)', 'KALE', 'KALORİFER RADYATÖRÜ', '', 'https://cdn.artpar.com/products_1774897532087-346345.webp', 27.44, 50, 'adet', TRUE, '2026-03-30T19:05:34.76944+00:00', NULL, 50, 0, 'USD', 0, 1, '7078698', 'FIAT', '', 19.6, 40, FALSE, 'İKLİM OTOMOTİV', FALSE, 0, 0, 'TRY', NULL),
('0ecad48b-ff0a-422f-a5f4-60db3450f333', 'ARTPAR-STP-MBSP000164', 'STOP SPRİNTER 2006-2018 SOL', 'ARTPAR', 'STOP', '', 'https://cdn.artpar.com/products_migrated-1772832489917-0ecad48b-ff0a-422f-a5f4-60db3450f333.webp', 32.059999999999995, 50, 'adet', TRUE, '2026-03-06T18:37:55.423361+00:00', NULL, 0, 50, 'USD', 0, 1, '9068200164', 'MERCEDES', 'SPRİNTER', 22.9, 40, FALSE, 'KOREA OTOMOTİV', FALSE, 0, 0, 'TRY', NULL),
('fa8425d9-95f9-4da8-af19-057cf95e7636', 'ARTPAR-STP-MBSP000264', 'STOP SPRİNTER 2006-2018 SAĞ', 'ARTPAR', 'STOP', '', 'https://cdn.artpar.com/products_migrated-1772832490820-fa8425d9-95f9-4da8-af19-057cf95e7636.webp', 32.059999999999995, 50, 'adet', TRUE, '2026-03-06T18:38:44.469775+00:00', NULL, 0, 50, 'USD', 0, 1, '9068200264', 'MERCEDES', 'SPRİNTER', 22.9, 40, FALSE, 'KOREA OTOMOTİV', FALSE, 0, 0, 'TRY', NULL),
('4e808a93-dcd0-4edb-8019-0d26a0ec9866', 'ARTPAR-STP-RNSY00392R', 'STOP SYMBOL JOY 2018 LEDLİ SAĞ', 'ARTPAR', 'STOP', '', 'https://cdn.artpar.com/products_1772881992598-265505533r.webp', 0, 0, 'adet', TRUE, '2026-03-07T11:13:14.621124+00:00', NULL, 0, 0, 'USD', 0, 1, '265505392R', 'RENAULT', 'SYMBOL', 0, 40, FALSE, NULL, FALSE, 0, 0, 'TRY', NULL),
('d068193c-baf2-4a7e-af12-8513d470221a', 'ARTPAR-SİS-FIEG00550', 'LAMBA SİS FIAT EGEA SOL', 'ARTPAR', 'SİS', '', 'https://cdn.artpar.com/products_1772906051779-51775550.webp', 9.155999999999999, 10, 'adet', TRUE, '2026-03-07T17:54:13.988789+00:00', NULL, 10, 0, 'USD', 0, 1, '51775550', 'FIAT', 'EGEA', 6.54, 40, FALSE, NULL, FALSE, 0, 0, 'TRY', NULL),
('b6688bc5-9a2a-4ab4-a402-ea38c485b8d7', 'ARTPAR-SİS-FIEG00551', 'LAMBA SİS FIAT EGEA SAĞ', 'ARTPAR', 'SİS', '', 'https://cdn.artpar.com/products_1772906091649-51775551.webp', 0, 0, 'adet', TRUE, '2026-03-07T17:54:56.728077+00:00', NULL, 0, 0, 'USD', 0, 1, '51775551', 'FİAT', 'EGEA', 0, 40, FALSE, NULL, FALSE, 0, 0, 'TRY', NULL),
('1d4da716-25a9-4e4b-8f8a-b25e54086aee', 'ARTPAR-FR-FIEG00269', 'LAMBA SİS FIAT ALBEA/DOBLO/FİORİNO/LİNEA SAĞ/SOL', 'ARTPAR', 'SİS', '', 'https://cdn.artpar.com/products_1772906158371-46823269--51756924.webp', 3.8919999999999995, 200, 'adet', TRUE, '2026-03-07T17:56:00.427302+00:00', NULL, 200, 0, 'USD', 0, 1, '46823269', 'FİAT', 'EGEA', 2.78, 40, FALSE, NULL, FALSE, 0, 0, 'TRY', NULL),
('d32dd1e6-dcc3-447f-a408-fbc8c235a352', 'ARTPAR-FR-CTELY00080', 'FAR C-ELYSEE 13-16 MOTORLU SOL', 'ARTPAR', 'FAR', '', 'https://cdn.artpar.com/products_1772906246175-9675140080.webp', 0, 0, 'adet', TRUE, '2026-03-07T17:57:27.908591+00:00', NULL, 0, 0, 'USD', 0, 1, '9675140080', 'CİTROEN', 'C-ELYSEE', 0, 40, FALSE, NULL, FALSE, 0, 0, 'TRY', NULL),
('44a2077e-2c93-4313-94b1-60d7617b041b', 'ARTPAR-FR-CTELY00480', 'FAR C-ELYSEE 17-> MAKLAJLI MOTORLU SOL', 'ARTPAR', 'FAR', '', 'https://cdn.artpar.com/products_1772906453344-9817298480.webp', 0, 0, 'adet', TRUE, '2026-03-07T18:00:55.546855+00:00', NULL, 0, 0, 'USD', 0, 1, '9817298480', 'CİTROEN', 'C-ELYSEE', 0, 40, FALSE, NULL, FALSE, 0, 0, 'TRY', NULL),
('ab4d928c-be23-41a2-8e04-8c82436925f1', 'ARTPAR-FR-VWCDY00015A', 'FAR CADDY 2015-2019 TRENDLINE MOTORLU SOL', 'ARTPAR', 'FAR', '', 'https://cdn.artpar.com/products_migrated-1772832540413-ab4d928c-be23-41a2-8e04-8c82436925f1.webp', 67.158, 60, 'adet', TRUE, '2026-03-06T21:01:39.743229+00:00', NULL, 10, 50, 'USD', 0, 1, '2K1941015A', 'VOLKSWAGEN', 'CADDY', 47.97, 40, FALSE, NULL, FALSE, 0, 0, 'TRY', NULL),
('6037b8a6-4cf8-440d-ab1c-78bcbc73e590', 'ARTPAR-FR-FDFC0029CF', 'FAR FOCUS 18-> SİYAH MOTORLU AMPULLÜ SAĞ', 'ARTPAR', 'FAR', '', 'https://cdn.artpar.com/products_migrated-1772832499106-6037b8a6-4cf8-440d-ab1c-78bcbc73e590.webp', 100.91199999999999, 0, 'adet', TRUE, '2026-03-06T19:03:09.557105+00:00', NULL, 0, 0, 'USD', 0, 1, 'JX7B-13W029-CF', 'FORD', 'FOCUS', 72.08, 40, FALSE, NULL, FALSE, 0, 0, 'TRY', NULL),
('aacfa558-482e-44bd-90da-b0b3edfd311f', 'ARTPAR-FR-FDFC0030NB', 'FAR FOCUS 12-14 MOTORLU BEYAZ AMPULLÜ SOL', 'ARTPAR', 'FAR', '', 'https://cdn.artpar.com/products_migrated-1772832500085-aacfa558-482e-44bd-90da-b0b3edfd311f.webp', 65.632, 10, 'adet', TRUE, '2026-03-06T19:07:50.439478+00:00', NULL, 0, 10, 'USD', 0, 1, 'BM51-13W030-NB', 'FORD', 'FOCUS', 46.88, 40, FALSE, NULL, FALSE, 0, 0, 'TRY', NULL),
('2598f1a8-36d9-429d-aca3-828f8bcc1f28', 'ARTPAR-FR-FDFC0030AE', 'FAR FOCUS 18-> BEYAZ MOTORLU AMPULLÜ SOL', 'ARTPAR', 'FAR', '', 'https://cdn.artpar.com/products_migrated-1772832497250-2598f1a8-36d9-429d-aca3-828f8bcc1f28.webp', 109.41, 100, 'adet', TRUE, '2026-03-06T18:57:45.676692+00:00', NULL, 50, 50, 'USD', 0, 1, 'JX7B-13W030-AE', 'FORD', 'FOCUS', 78.15, 40, FALSE, NULL, FALSE, 0, 0, 'TRY', NULL),
('003e8ee0-5732-40b5-b57b-e64902dd797f', 'ORJ 8K0941597F', 'FAR BEYNİ AMAROK CADDY TOUAREG A1 BEETLE MACAN', 'ORİJİNAL', 'FAR BEYİN', '', 'https://pub-56f4ab060d934f85a7d1fec80dd03ee2.r2.dev/products_1775640792033-8k0941597f.webp', 39.227999999999994, 25, 'adet', TRUE, '2026-04-08T09:33:16.960245+00:00', NULL, 25, 0, 'USD', 0, 1, '8K0941597F', '', '', 28.02, 40, FALSE, 'EYLÜL OTOMOTİV', FALSE, 0, 0, 'TRY', NULL),
('8f25aee4-05fe-4983-82d1-adda24e7b137', 'ARTPAR-FR-DCSNL00529R', 'SANDERO STEPWAY 2018  FAR LEDLİ SAG', 'ARTPAR', 'FAR', '', 'https://cdn.artpar.com/products_1772904928930-260604218r-260605665r.webp', 0, 0, 'adet', TRUE, '2026-03-07T17:35:31.398499+00:00', NULL, 0, 0, 'USD', 0, 1, '260103529R', 'DACİA', 'SANDERO', 0, 40, FALSE, NULL, FALSE, 0, 0, 'TRY', NULL),
('d618674b-1b0c-4f45-9503-4fb71366b4e3', 'ARTPAR-FR-DCSNL00665R', 'FAR SANDERO STEPWAY 2018 LEDLİ SOL', 'ARTPAR', 'FAR', '', 'https://cdn.artpar.com/products_1772905006239-260103529r.webp', 0, 0, 'adet', TRUE, '2026-03-07T17:36:50.188716+00:00', NULL, 0, 0, 'USD', 0, 1, '260605665R', 'DACİA', 'SANDERO', 0, 40, FALSE, NULL, FALSE, 0, 0, 'TRY', NULL),
('a937494e-4a85-4a79-9938-f1fbaa973f6b', 'ARTPAR-FR-DCDU515R', 'DACIA DUSTER III 2024-2025 ÖN FAR SOL FULL LED', 'ARTPAR', 'FAR', '', 'https://pub-56f4ab060d934f85a7d1fec80dd03ee2.r2.dev/products_1775490647646-260603515r.webp', 461.538, 5, 'adet', TRUE, '2026-04-06T15:50:50.620876+00:00', NULL, 5, 0, 'USD', 0, 1, '260603515R', 'DACIA', 'DUSTER III', 329.67, 40, FALSE, 'ZENON OTOMOTİV', FALSE, 0, 0, 'TRY', NULL),
('52a29661-0a1f-49ac-9f17-b39c3b8e3775', 'ARTPAR-FR-VWPS005J', 'FAR VOLKSWAGEN PASSAT B6 MOTORLU 2006-2010 SOL', 'ARTPAR', 'FAR', '', 'https://cdn.artpar.com/products_migrated-1772832530667-52a29661-0a1f-49ac-9f17-b39c3b8e3775.webp', 74.95599999999999, 0, 'adet', TRUE, '2026-03-06T20:43:17.546032+00:00', NULL, 0, 0, 'USD', 0, 1, '3C0941005J ', 'VOLKSWAGEN', 'PASSAT B6', 53.54, 40, FALSE, 'KOREA OTOMOTİV', FALSE, 0, 0, 'TRY', NULL),
('11bd72ac-5132-4a21-a367-bf639d471761', 'ARTPAR-VKT-RNDC00155R', 'VİTES KUMANDA TELİ / KOLLU TELLİ / DACIA DUSTER 4X2 1.5', 'İTHAL', 'VİTES KUMANDA TELİ', '', 'https://pub-56f4ab060d934f85a7d1fec80dd03ee2.r2.dev/products_1775555883485-11747.webp', 72.53399999999999, 5, 'adet', TRUE, '2026-04-07T09:58:08.620663+00:00', NULL, 5, 0, 'USD', 0, 1, '349011155R / 341080304R', 'DACIA', 'DUSTER', 51.81, 40, FALSE, 'ZENON OTOMOTİV', FALSE, 0, 0, 'TRY', NULL),
('5a72b6ab-0a50-4ea7-817e-8b92d3c1ae1e', 'ARTPAR-FR-FDFC0029NB', 'FAR FOCUS 12-14 MOTORLU BEYAZ AMPULLÜ SAĞ', 'ARTPAR', 'FAR', '', 'https://cdn.artpar.com/products_migrated-1772832501171-5a72b6ab-0a50-4ea7-817e-8b92d3c1ae1e.webp', 65.632, 0, 'adet', TRUE, '2026-03-06T19:09:05.228641+00:00', NULL, 0, 0, 'USD', 0, 1, 'BM51-13W029-NB', 'FORD', 'FOCUS', 46.88, 40, FALSE, NULL, FALSE, 0, 0, 'TRY', NULL),
('13831b13-30e4-4706-a275-2de2ddd9173a', ' ARTPAR-FR-VWPL00005B', 'POLO 14-17 FAR MOTORLU SOL', 'ARTPAR', 'FAR', '', 'https://cdn.artpar.com/products_migrated-1772833178097-13831b13-30e4-4706-a275-2de2ddd9173a.webp', 68.628, 100, 'adet', TRUE, '2026-03-06T21:31:02.37943+00:00', NULL, 50, 50, 'USD', 0, 1, '6C1941005B', 'VOLKSWAGEN', 'POLO', 49.02, 40, FALSE, NULL, FALSE, 0, 0, 'TRY', NULL),
('4edfaee6-a691-424a-b279-6406c6e8b13e', 'ARTPAR-FR-STIBZ00774A', 'FAR IBIZA/ARONA 18-21 MOTORLU SAĞ', 'ARTPAR', 'FAR', '', 'https://cdn.artpar.com/products_migrated-1772832548377-4edfaee6-a691-424a-b279-6406c6e8b13e.webp', 315.518, 100, 'adet', TRUE, '2026-03-06T21:23:49.198619+00:00', NULL, 50, 50, 'USD', 0, 1, '6F1941774A', 'SEAT', 'IBIZA ARONA', 225.37, 40, FALSE, NULL, FALSE, 0, 0, 'TRY', NULL),
('20ee6ea1-1d96-4ed7-a721-adf527acd66d', 'ARTPAR-STP-VWMRK0095A', 'AMAROK ARKA STOP SOL  DUYLU ', 'ARTPAR', 'STOP', '', 'https://cdn.artpar.com/products_1772838016220-2h1945095a.webp', 32.41, 50, 'adet', TRUE, '2026-03-06T23:00:17.924389+00:00', NULL, 50, 0, 'USD', 0, 1, '2H1945095A', 'VOLKSWAGEN', 'AMAROK', 23.15, 40, FALSE, NULL, FALSE, 0, 0, 'TRY', NULL),
('44f5dd46-c78f-4baa-8d81-c03c8fdef1db', 'ARTPAR-STP-BMW000592', 'STOP BMW E60LCI 06-09 SAĞ', 'ARTPAR', 'STOP', '', 'https://cdn.artpar.com/products_migrated-1772832473958-44f5dd46-c78f-4baa-8d81-c03c8fdef1db.webp', 121.338, 59, 'adet', TRUE, '2026-03-06T17:32:21.064636+00:00', NULL, 50, 10, 'USD', 0, 1, '63217361592', 'BMW', 'E60LCI', 86.67, 40, FALSE, NULL, FALSE, 0, 0, 'TRY', NULL),
('afd0d374-5a77-4528-acda-ecc8d18dc8eb', 'ARTPAR-STP-FIPL00801', 'STOP FIAT PALIO WEEKEND SAĞ 1996 - 2002', 'ARTPAR', 'STOP', '', 'https://pub-56f4ab060d934f85a7d1fec80dd03ee2.r2.dev/products_1775505932132-46542801.webp', 0, 0, 'adet', TRUE, '2026-04-06T20:05:34.333972+00:00', NULL, 0, 0, 'USD', 0, 1, '46542801', 'FIAT', 'PALIO', 0, 40, FALSE, 'ZENON OTOMOTİV', FALSE, 0, 0, 'TRY', NULL),
('9beec780-d505-4812-9b99-b01fa34552c9', 'ARTPAR-STP-TYHI-04K50L', 'STOP TOYOTA HILUX REVO 20-24 LEDLİ SOL (FUUL PAKET)', 'ARTPAR', 'STOP', '', 'https://pub-56f4ab060d934f85a7d1fec80dd03ee2.r2.dev/products_1775915149601-hilux-yeni-model-sol.webp', 71.568, 25, 'adet', TRUE, '2026-04-11T13:45:53.964488+00:00', NULL, 0, 25, 'USD', 0, 1, '81560-0K450 / 81560-0K700', 'TOYOTA', 'HILUX', 51.12, 40, FALSE, 'KOREA OTOMOTİV', FALSE, 0, 0, 'TRY', NULL),
('ff8811a2-66e7-45b8-844a-d463da9bbf4e', 'ARTPAR-STP-VWCD00095A', 'CADDY 2020-2025 LEDSİZ ARKA STOP SOL ', 'ARTPAR', 'STOP', '', 'https://cdn.artpar.com/products_1772838380519-2k7945095a.webp', 53.032000000000004, 50, 'adet', TRUE, '2026-03-06T23:06:22.781835+00:00', NULL, 50, 0, 'USD', 0, 1, '2K7945095A', 'VOLKSWAGEN', 'CADDY', 37.88, 40, FALSE, NULL, FALSE, 0, 0, 'TRY', NULL),
('3bb87f1e-2842-43f9-816a-d9592ae83924', 'ARTPAR-STP-VWCD00096A', 'CADDY 2020-2025 LEDSİZ ARKA STOP SAG', 'ARTPAR', 'STOP', '', 'https://cdn.artpar.com/products_1772838421467-2k7945096a.webp', 53.032000000000004, 50, 'adet', TRUE, '2026-03-06T23:07:03.821628+00:00', NULL, 50, 0, 'USD', 0, 1, '2K7945096A', 'VOLKSWAGEN', 'CADDY', 37.88, 40, FALSE, NULL, FALSE, 0, 0, 'TRY', NULL),
('266b5560-61c9-40b0-8fec-c0034df71759', 'ARTPAR-SİS-VWPL00662B', 'LAMBA SİS POLO 18-> LEDLİ SİS FARSIZ SAĞ', 'ARTPAR', 'SİS', '', 'https://cdn.artpar.com/products_1772881319540-2g0-941-661b.webp', 16.799999999999997, 100, 'adet', TRUE, '2026-03-07T11:02:02.702817+00:00', NULL, 0, 100, 'USD', 0, 20, '2G0941662B', 'POLO', 'POLO', 12, 40, FALSE, NULL, FALSE, 0, 0, 'TRY', NULL),
('4246f4a8-4d20-4772-b869-4ec62a7b889b', 'ARTPAR-SİS-VWPL00661', 'LAMBA SİS POLO 18> GUNDUZ FARI LEDLİ SİS FARLI SOL', 'ARTPAR', 'SİS', '', 'https://cdn.artpar.com/products_1772881407872-2g0-941-661.webp', 19.264, 100, 'adet', TRUE, '2026-03-07T11:03:30.680422+00:00', NULL, 0, 100, 'USD', 0, 20, '2G0941661', 'VOLKSWAGEN', 'POLO', 13.76, 40, FALSE, NULL, FALSE, 0, 0, 'TRY', NULL),
('659eac4e-9623-4bd1-bbb9-44b4250dd5e8', 'ARTPAR-FR-VWTP00006B', 'FAR TRANSPORTER T7 20-> MORTORLU SAĞ', 'ARTPAR', 'FAR', '', 'https://cdn.artpar.com/products_migrated-1772832533676-659eac4e-9623-4bd1-bbb9-44b4250dd5e8.webp', 82.264, 0, 'adet', TRUE, '2026-03-06T20:49:00.389976+00:00', NULL, 0, 0, 'USD', 0, 1, '7L1941006B', 'VOLKSWAGEN', 'TRANSPORTER T7', 58.76, 40, FALSE, NULL, FALSE, 0, 0, 'TRY', NULL),
('71cccf69-5d34-47a8-805d-458e5ccbc5b2', 'ARTPAR-STP-DCDUX0473R', 'STOP DUSTER XJD 2022 LEDLİ SAĞ', 'ARTPAR', 'RENAULT', '', 'https://cdn.artpar.com/products_migrated-1772832428540-71cccf69-5d34-47a8-805d-458e5ccbc5b2.webp', 74.05999999999999, 100, 'adet', TRUE, '2026-03-06T10:58:39.074008+00:00', NULL, 50, 50, 'USD', 0, 1, '265509473R', 'RENAULT', 'DUSTER XJD', 52.9, 40, FALSE, NULL, FALSE, 0, 0, 'TRY', NULL),
('b2ded734-c8fb-4d4b-9f6a-037eb9b1ca7e', 'ARTPAR-STP-TYCR-02C50L', 'STOP TOYOTA COROLLA 2019-2021 İÇ SOL', 'ARTPAR', 'STOP', '', 'https://cdn.artpar.com/products_1774456137888-stop-corolla-19-21----sol.webp', 36.68, 50, 'adet', TRUE, '2026-03-25T16:28:33.483484+00:00', NULL, 0, 50, 'USD', 0, 1, '81591-02C50', 'TOYOTA', 'COROLLA', 26.2, 40, FALSE, 'KOREA OTOMOTİV', FALSE, 0, 0, 'TRY', NULL),
('5c4a584c-14d0-4312-928d-e40aea23666d', 'ARTPAR-FR-MBSP000361', 'FAR SPRİNTER 14-18 SOL', 'ARTPAR', 'FAR', '', 'https://cdn.artpar.com/products_migrated-1772832485012-5c4a584c-14d0-4312-928d-e40aea23666d.webp', 98.28, 50, 'adet', TRUE, '2026-03-06T17:57:23.801971+00:00', NULL, 0, 50, 'USD', 0, 1, '9068202361', 'MERCEDES', 'SPRİNTER', 70.2, 40, FALSE, 'KOREA OTOMOTİV', FALSE, 0, 0, 'TRY', NULL),
('7aa6a651-077d-4072-ab63-8218e7f8ceb2', 'ARTPAR-FR-STIBZ00773A', 'FAR IBIZA/ARONA 18-21 MOTORLU SOL', 'ARTPAR', 'FAR', '', 'https://cdn.artpar.com/products_migrated-1772832546401-7aa6a651-077d-4072-ab63-8218e7f8ceb2.webp', 315.518, 100, 'adet', TRUE, '2026-03-06T21:22:29.859381+00:00', NULL, 50, 50, 'USD', 0, 1, '6F1941773A', 'SEAT', 'IBIZA ARONA', 225.37, 40, FALSE, NULL, FALSE, 0, 0, 'TRY', NULL),
('b3b16329-864d-4152-8006-91f8c75dbd24', 'ARTPAR-FR-VWGLF60006J', 'FAR GOLF 6 09-13 H7 AMPUL MOTORLU SAĞ', 'ARTPAR', 'VOLKSWAGEN', '', 'https://cdn.artpar.com/products_migrated-1772832443118-b3b16329-864d-4152-8006-91f8c75dbd24.webp', 62.328, 0, 'adet', TRUE, '2026-03-06T11:45:00.187383+00:00', NULL, 0, 0, 'USD', 0, 1, '5K1941006J', 'VOLKSWAGEN', 'GOLF6', 44.52, 40, FALSE, NULL, FALSE, 0, 0, 'TRY', NULL),
('a369c8e6-ddad-4881-b726-80975b7500e2', 'ARTPAR-FR-VWCD0005B', 'CADDY 2020-2024 FAR HELOGEN SOL  MOTORLU ', 'ARTPAR', 'FAR', '', 'https://cdn.artpar.com/products_migrated-1772832537341-a369c8e6-ddad-4881-b726-80975b7500e2.webp', 99.834, 50, 'adet', TRUE, '2026-03-06T20:56:59.354776+00:00', NULL, 0, 50, 'USD', 0, 1, '2K8941005B', 'VOLKSWAGEN', 'CADDY', 71.31, 40, FALSE, NULL, FALSE, 0, 0, 'TRY', NULL),
('8654d213-aea6-4d53-bb6c-86759f976e54', 'KALE 342085', 'MOTOR SU RADYATÖRÜ JEEP GRAND CHEROKEE II 4.7 V8 4X4 (99-05) (AT)', 'KALE', 'SU RADYATÖRÜ', '', 'https://pub-56f4ab060d934f85a7d1fec80dd03ee2.r2.dev/products_1774988102623-342085.webp', 182, 15, 'adet', TRUE, '2026-03-31T20:15:04.500362+00:00', NULL, 15, 0, 'USD', 0, 1, '52079425 - 52079425AB - 52079425AC', 'JEEP', '', 130, 40, FALSE, 'İKLİM OTOMOTİV', FALSE, 0, 0, 'TRY', NULL),
('23337cce-315b-400e-b615-fc6ce9fa18ea', 'ARTPAR-STP-TYCR-02260R', 'STOP TOYOTA COROLLA 2005-2006 SEDAN SAĞ', 'ARTPAR', 'STOP', '', 'https://cdn.artpar.com/products_1774454178792-81551-02260.webp', 44.674, 50, 'adet', TRUE, '2026-03-25T15:56:21.881057+00:00', NULL, 0, 50, 'USD', 0, 1, '81551-02260', 'TOYOTA', 'COROLLA', 31.91, 40, FALSE, 'KOREA OTOMOTİV', FALSE, 0, 0, 'TRY', NULL),
('c7c0c773-69cb-4483-8375-dc127679fb52', 'ARTPAR-FR-HYEL-AA000R', 'FAR HYUNDAİ ELANTRA 2020-2021 SAĞ', 'HYUNDAİ', 'FAR', '', 'https://cdn.artpar.com/products_1774471833118-92102-aa000.webp', 177.772, 50, 'adet', TRUE, '2026-03-25T20:50:35.340859+00:00', NULL, 0, 50, 'USD', 0, 1, '92102-AA000', 'HYUNDAİ', 'ELANTRA', 126.98, 40, FALSE, 'KOREA OTMOTİV', FALSE, 0, 0, 'TRY', NULL),
('bd4a0255-583a-4747-bd2e-c905698fedff', 'KALE 0520251AB', 'MOTOR SU RADYATÖRÜ RENAULT MEGANE 4 / TALİSMAN / SCENİC 4', 'KALE', 'SU RADYATÖRÜ', '', 'https://cdn.artpar.com/products_1774645262277-kale-0520251ab.webp', 109.55, 10, 'adet', TRUE, '2026-03-27T21:01:04.384994+00:00', NULL, 10, 0, 'USD', 0, 1, '214105169R', 'RENAULT', 'MEGANE / SCENİC', 78.25, 40, FALSE, 'İKLİM OTOMOTİV', FALSE, 0, 0, 'TRY', NULL),
('5c908f82-965f-4937-b019-8a7347d0c8c6', 'ARTPAR-STP-VWCR0095H', 'STOP CRAFTER 2018 SONRASI SOL', 'ARTPAR', 'STOP', '', 'https://cdn.artpar.com/products_migrated-1772832487144-5c908f82-965f-4937-b019-8a7347d0c8c6.webp', 46.56399999999999, 50, 'adet', TRUE, '2026-03-06T18:07:54.175477+00:00', NULL, 0, 50, 'USD', 0, 1, '7C0945095H', 'VOLKSWAGEN', 'CRAFTER', 33.26, 40, FALSE, NULL, FALSE, 0, 0, 'TRY', NULL),
('a1938a57-ce3b-49be-a2aa-198a32972162', 'ARTPAR-FR-HNCV305R', 'FAR CIVIC 16-21 LEDSİZ MOTORLU SAĞ', 'ARTPAR', 'FAR', '', 'https://cdn.artpar.com/products_1772977748020-33100-tec-305.webp', 111.916, 50, 'adet', TRUE, '2026-03-08T13:49:10.725226+00:00', NULL, 0, 50, 'USD', 0, 1, '33100-TEC-305', 'HONDA', 'CİVİC', 79.94, 40, FALSE, NULL, FALSE, 0, 0, 'TRY', NULL),
('ffd1d806-7470-4418-ab43-3fca7a1ae4ef', 'ARTPAR-FR-KICR-1M020-R', 'FAR KİA CERATO 2009-2012 SAĞ', 'ARTPAR', 'FAR', '', '', 52.08, 50, 'adet', TRUE, '2026-03-27T20:09:51.365846+00:00', NULL, 0, 50, 'USD', 0, 1, '92102-1M020', 'KIA', 'CERATO', 37.2, 40, FALSE, 'KOREA OTOMOTİV', FALSE, 0, 0, 'TRY', NULL),
('609f8a53-8a7e-4b49-808b-08914050eb3d', 'ARTPAR-FR-TYCR-1E280A', 'FAR TOYOTA COROLLA AE101 1993-1998 SAĞ', 'ARTPAR', 'FAR', '', 'https://cdn.artpar.com/products_1774458908061-81110-1e280a.webp', 25.494, 50, 'adet', TRUE, '2026-03-25T17:15:10.578984+00:00', NULL, 0, 50, 'USD', 0, 1, '81110-1E280A', 'TOYOTA', 'COROLLA', 18.21, 40, FALSE, 'KOREA OTOMOTİV', FALSE, 0, 0, 'TRY', NULL),
('b6174d2a-dea0-4cbb-a354-b32a313f1e87', 'ARTPAR-STP-HYAC-25510R', 'STOP HYUNDAI ACCENT 2003-2005 SAĞ', 'ARTPAR', 'STOP', '', 'https://cdn.artpar.com/products_1774454692120-92402-25510.webp', 20.663999999999998, 50, 'adet', TRUE, '2026-03-25T16:04:55.056053+00:00', NULL, 0, 50, 'USD', 0, 1, '92402-25510', 'HYUNDAİ', 'ACCENT', 14.76, 40, FALSE, 'KOREA OTOMOTİV', FALSE, 0, 0, 'TRY', NULL),
('a9fcc05d-aa48-4ab0-a59b-81265e5e71e7', 'KALE 346650', 'KALORİFER RADYATÖRÜ NISSAN QASHQAI - QASHQAI+2 - X-TRAIL', 'KALE', 'KALORİFER RADYATÖRÜ', '', 'https://pub-56f4ab060d934f85a7d1fec80dd03ee2.r2.dev/products_1774980229242-346650.webp', 40.10999999999999, 20, 'adet', TRUE, '2026-03-31T18:03:51.537624+00:00', NULL, 20, 0, 'USD', 0, 1, '27140BR22A - 27140BR20C - 27140BR22C', 'NISSAN', '', 28.65, 40, FALSE, 'İKLİM OTOMOTİV', FALSE, 0, 0, 'TRY', NULL),
('681c9c6f-a9c3-4fcf-a4a1-84bbbe2946d3', 'KALE 2040011AB', 'MOTOR SU RADYATÖRÜ PEUGEOT 206/307 - XSARA 2.0i 16V TAHLİYELİ NAC MT', 'KALE', 'SU RADYATÖRÜ', '', 'https://cdn.artpar.com/products_1774725934348-kale-2040011ab.webp', 126.76999999999998, 10, 'adet', TRUE, '2026-03-28T19:25:36.429995+00:00', NULL, 10, 0, 'USD', 20, 1, '1330.53 - 1330.H6 - 1331.CZ', 'PEUGEOT', '', 90.55, 40, TRUE, 'İKLİM OTOMOTİV', FALSE, 0, 0, 'TRY', NULL),
('ea31bd97-0c31-45e2-b624-28507fa9987d', 'ARTPAR-STP-BMW000426', 'STOP BMW E90LCI 08-10 SAĞ', 'ARTPAR', 'STOP', '', 'https://cdn.artpar.com/products_migrated-1772832476906-ea31bd97-0c31-45e2-b624-28507fa9987d.webp', 63.06999999999999, 1, 'adet', TRUE, '2026-03-06T17:35:47.992706+00:00', NULL, 0, 1, 'USD', 0, 1, '63217289426', 'BMW', 'E90LCI', 45.05, 40, FALSE, '', FALSE, 0, 0, 'TRY', NULL),
('7305a757-0ed3-4983-8b4a-93fc52ffac4a', 'ARTPAR-STP-HYAC-1E030L', 'HYUNDAI ACCENT ERA 2006 - 2012 STOP SOL', 'ARTPAR', 'STOP', '', 'https://cdn.artpar.com/products/1776286403670-110000815811925.webp', 23.198, 20, 'adet', TRUE, '2026-04-15T20:53:25.723774+00:00', NULL, 0, 20, 'USD', 0, 1, '92401-1E030', 'HYUNDAI', 'ACCENT ERA', 16.57, 40, FALSE, 'KOREA OTOMOTİV', FALSE, 0, 0, 'TRY', NULL),
('3952b937-ff28-44b1-ba87-846b0a0b7fe9', 'ARTPAR-STP-TYHI-0K010L', 'STOP TOYOTA HILUX VİGO 2006 - 2011 SOL', 'ARTPAR', 'STOP', '', 'https://pub-56f4ab060d934f85a7d1fec80dd03ee2.r2.dev/products_1775915573743-81560-0k010.webp', 18.046, 25, 'adet', TRUE, '2026-04-11T13:52:55.864359+00:00', NULL, 0, 25, 'USD', 0, 1, '81560-0K010', 'TOYOTA', 'HILUX', 12.89, 40, FALSE, 'KOREA OTOMOTİV', FALSE, 0, 0, 'TRY', NULL),
('a8e95984-ec24-40a3-9ab0-13b44063658d', 'ARTPAR-FR-VWJT00751E', 'FAR JETTA 15-> MERCEKLİ XENON-D5S AMPUL SOL', 'ARTPAR', 'FAR', '', 'https://cdn.artpar.com/products_migrated-1772832516233-a8e95984-ec24-40a3-9ab0-13b44063658d.webp', 198.37999999999997, 50, 'adet', TRUE, '2026-03-06T19:50:49.057267+00:00', NULL, 0, 50, 'USD', 0, 1, '5C7941751E', 'VOLKSWAGEN', 'JETTA', 141.7, 40, FALSE, NULL, FALSE, 0, 0, 'TRY', NULL),
('fe49c06c-a54a-4965-bd93-b12a14db73f1', 'ARTPAR-STP-TYCR-02C50R', 'STOP COROLLA 19-21 İÇ SAĞ', 'ARTPAR', 'STOP', '', 'https://cdn.artpar.com/products_1774456222544-81581-02c50.webp', 36.68, 50, 'adet', TRUE, '2026-03-25T16:30:24.649252+00:00', NULL, 0, 50, 'USD', 0, 1, '81581-02C50', 'TOYOTA', 'COROLLA', 26.2, 40, FALSE, 'KOREA OTOMOTİV', FALSE, 0, 0, 'TRY', NULL),
('7f08d164-b5a8-4ef3-ab4d-442f805ae83f', 'ARTPAR-FR-DCSN00188R', 'FAR İÇİ SİYAH DACIA SANDERO JOGGER III SAĞ 2023 SONRASI', 'ARTPAR', 'FAR', '', 'https://pub-56f4ab060d934f85a7d1fec80dd03ee2.r2.dev/products_1775507064808-260104188r.webp', 161.53199999999998, 5, 'adet', TRUE, '2026-04-06T20:24:26.658644+00:00', NULL, 5, 0, 'USD', 0, 1, '260104188R', 'DACIA', '', 115.38, 40, FALSE, 'ZENON OTOMOTİV', FALSE, 0, 0, 'TRY', NULL),
('0ea9b1b9-3644-418d-a047-2809233e483e', 'ARTPAR-FR-VWCR0006', 'FAR CRAFTER 18-> SAĞ', 'ARTPAR', 'FAR', '', 'https://cdn.artpar.com/products_migrated-1772832535574-0ea9b1b9-3644-418d-a047-2809233e483e.webp', 122.52799999999999, 0, 'adet', TRUE, '2026-03-06T20:53:44.388141+00:00', NULL, 0, 0, 'USD', 0, 1, '7C1941006', 'VOLKSWAGEN', 'CRAFTER', 87.52, 40, FALSE, NULL, FALSE, 0, 0, 'TRY', NULL),
('0b89646a-5679-494b-9e80-4f55c585b8d5', 'ARTPAR-SİS-HYAC1E000R', 'LAMBA SİS ACCENT ERA 06-12 SAĞ AMPUL ÜZERİNDE', 'ARTPAR', 'SİS', '', 'https://cdn.artpar.com/products_1772932069131-92202-1e000.webp', 8.792, 500, 'adet', TRUE, '2026-03-08T01:07:50.797724+00:00', NULL, 0, 500, 'USD', 0, 1, '92202-1E000', 'HYUNDAİ', 'ACCENT ERA', 6.28, 40, FALSE, NULL, FALSE, 0, 0, 'TRY', NULL),
('d85efc3f-c0c7-4777-920a-531c765a1dff', 'ARTPAR-CS-CZD479G', '1.4 TSI CZD MOTOR EKSANTRİK MİLİ KONUMLANDIRICI ÜZERİNDE', 'ORİJİNAL', 'EKSANTRİK MİLİ', '', 'https://cdn.artpar.com/products_1773580047845-04e103479g.webp', 793.646, 50, 'adet', TRUE, '2026-03-15T13:07:29.39869+00:00', NULL, 50, 0, 'USD', 0, 1, '04E103479G', 'VOLKSWAGEN', '', 566.89, 40, FALSE, NULL, FALSE, 0, 0, 'TRY', NULL),
('8ebcf3ed-a947-46cc-b657-e275c82e8ebb', 'ARTPAR-ENJ-277E', '2.0 TDI DFG-DTS MOTOR ENJEKTÖR TAKIM', 'ORİJİNAL', 'ENJEKTÖR', '', 'https://cdn.artpar.com/products_1773608499908-05l130277e.webp', 1587.292, 5, 'adet', TRUE, '2026-03-15T21:01:42.788173+00:00', NULL, 5, 0, 'USD', 0, 1, '05L130277E', 'VOLKSWAGEN', '', 1133.78, 40, FALSE, NULL, FALSE, 0, 0, 'TRY', NULL),
('787a8ce4-f4d4-44e5-9945-19447b47e144', 'KALE 0559011AB', 'MOTOR SU RADYATÖRÜ RENAULT FLUENCE / MEGANE 3 BENZİNLİ', 'KALE', 'SU RADYATÖRÜ', '', 'https://cdn.artpar.com/products_1774645452072-kale-0559011ab.webp', 114.842, 10, 'adet', TRUE, '2026-03-27T21:04:21.612899+00:00', NULL, 10, 0, 'USD', 0, 1, '214100067R', 'RENAULT', 'FLUENCE / MEGANE', 82.03, 40, FALSE, 'İKLİM OTOMOTİV', FALSE, 0, 0, 'TRY', NULL),
('82dac967-6d38-4e36-8247-b88d5fc30d29', 'KALE 349500', 'MOTOR SU RADYATÖRÜ FORD FIESTA - FUSION 1.4TDCI 2002-2006 MAZDA 2 (TAHLİYE APARATLI) MT', 'KALE', 'SU RADYATÖRÜ', '', 'https://cdn.artpar.com/products_1774727651001-349500.webp', 80.612, 10, 'adet', TRUE, '2026-03-28T19:54:13.974007+00:00', NULL, 10, 0, 'TRY', 0, 1, 'ME4S6H8005CB - 4S6H8005CB - 1897431', 'FORD', '', 57.58, 40, FALSE, 'İKLİM OTOMOTİV', FALSE, 0, 0, 'TRY', NULL),
('a4bad9c5-9fb9-4897-84d1-7622c6b9b051', 'ARTPAR-FR-RNCL5305R', 'RENAULT CLIO 5 ICON FAR SOL', 'ARTPAR', 'FAR', '', 'https://pub-56f4ab060d934f85a7d1fec80dd03ee2.r2.dev/products_1775491657176-260606305r.webp', 164.822, 3, 'adet', TRUE, '2026-04-06T16:07:42.086873+00:00', NULL, 3, 0, 'USD', 0, 1, '260606305R', 'RENAULT', 'CLIO 5', 117.73, 40, FALSE, 'ZENON OTOMOTİV', FALSE, 0, 0, 'TRY', NULL),
('f2e8341b-8ce2-4df7-92a7-d84822bd1a61', 'ARTPAR-LED-PE208-980', 'GÜNDÜZ LEDİ PEUGEOT 208 MAKYAJLI KASA SAĞ 2024 SONRASI', 'ARTPAR', 'GÜNDÜZ LED', '', 'https://pub-56f4ab060d934f85a7d1fec80dd03ee2.r2.dev/products_1775596300133-9851054180.webp', 109.83, 20, 'adet', TRUE, '2026-04-07T21:11:42.268193+00:00', NULL, 20, 0, 'USD', 0, 1, '9851053980', 'PEUGEOT', '208', 78.45, 40, FALSE, 'ZENON OTOMOTİV', FALSE, 0, 0, 'TRY', NULL),
('1d6f201b-cfcc-418b-a9f8-8568531b7df2', 'ARTPAR-FR-VWPS0006A', 'FAR PASSAT B8 16-19 MOTORLU SAĞ', 'ARTPAR', 'FAR', '', 'https://cdn.artpar.com/products_migrated-1772832536468-1d6f201b-cfcc-418b-a9f8-8568531b7df2.webp', 77.91, 0, 'adet', TRUE, '2026-03-06T20:35:26.432579+00:00', NULL, 0, 0, 'USD', 0, 1, '3G1941006A', 'VOLKSWAGEN', 'PASSAT B8', 55.65, 40, FALSE, NULL, FALSE, 0, 0, 'TRY', NULL),
('29ee6939-1169-4f05-9125-888b6a7bbc63', 'ARTPAR-SİS-FIPL00162', 'SİS FARI FIAT PALIO SOL E.M', 'ARTPAR', 'SİS', '', 'https://pub-56f4ab060d934f85a7d1fec80dd03ee2.r2.dev/products_1775507646552-46540161.webp', 18.648, 20, 'adet', TRUE, '2026-04-06T20:34:08.356902+00:00', NULL, 20, 0, 'USD', 0, 1, '16540162', 'FIAT', 'PALIO', 13.32, 40, FALSE, 'ZENON OTOMOTİV', FALSE, 0, 0, 'TRY', NULL),
('3bb9b8cf-e7ff-449f-b7d6-ef840aabd5ed', 'ARTPAR-SİS-VWPS00700A', 'LAMBA SİS PASSAT 06-11 MERCEKLİ SAĞ', 'ARTPAR', 'SİS', '', 'https://cdn.artpar.com/products_1772880377395-3c0941699a.webp', 15.246, 200, 'adet', TRUE, '2026-03-07T10:46:20.417814+00:00', NULL, 100, 100, 'USD', 0, 1, '3C0941700A', 'VOLKSWAGEN', 'PASSAT', 10.89, 40, FALSE, NULL, FALSE, 0, 0, 'TRY', NULL),
('386562a3-a90c-4f06-8072-258e027cd85e', 'ARTPAR-FR-TYCR-02L50R', 'FAR TOYOTA COROLLA 2017-2018 LEDLİ MOTORLU NİKELAJ ÇITALI SAĞ', 'ARTPAR', 'FAR', '', 'https://cdn.artpar.com/products_1774460484187-81130-02l50.webp', 126.26599999999999, 0, 'adet', TRUE, '2026-03-25T17:41:27.159999+00:00', NULL, 0, 0, 'USD', 0, 1, '81130-02L50', 'TOYOTA', 'COROLLA', 90.19, 40, FALSE, 'KOREA OTOMOTİV', FALSE, 0, 0, 'TRY', NULL),
('ba3c02fc-7c0f-49c8-94f0-e961adf8dde0', 'ARTPAR-FR-NSQS-4EH1A-R', 'FAR NİSSAN QASHQAİ 2014-2017 ELEKTRİKLİ MOTORLU LEDLİ SAĞ', 'ARTPAR', 'FAR', '', 'https://cdn.artpar.com/products_1774639520761-26010-4eh1a.webp', 256.662, 0, 'adet', TRUE, '2026-03-27T19:25:24.615053+00:00', NULL, 0, 0, 'USD', 0, 1, '26010-4EH1A', 'NİSSAN', 'QASHQAİ', 183.33, 40, FALSE, 'KOREA OTOMOTİV', FALSE, 0, 0, 'TRY', NULL),
('ef0b7d6c-903f-4e52-ae1d-8a764f2f1e55', 'KALE 360205', 'KALORİFER RADYATÖRÜ MERCEDES BENZ C-CLAS / CLK / E-CLASS / S-CLASS KA', 'KALE', 'KALORİFER RADYATÖRÜ', '', 'https://cdn.artpar.com/products_1774719012681-360205.webp', 30.379999999999995, 10, 'adet', TRUE, '2026-03-28T17:30:14.426429+00:00', NULL, 10, 0, 'USD', 0, 1, 'A2108300661', 'MERCEDES', '', 21.7, 40, FALSE, 'İKLİM OTOMOTİV', FALSE, 0, 0, 'TRY', NULL),
('e8e052b3-a85b-4c2d-8e85-bb8238533d41', 'ARTPAR-FR-KISR-1M020-L', 'FAR KİA CERATO 2009-2012 SOL', 'ARTPAR', 'FAR', '', '', 52.08, 50, 'adet', TRUE, '2026-03-27T20:08:33.470424+00:00', NULL, 0, 50, 'USD', 0, 1, '92101-1M020', 'KIA', 'CERATO', 37.2, 40, FALSE, 'KOREA OTOMOTİV', FALSE, 0, 0, 'TRY', NULL),
('89075f01-6c0d-4af1-b844-97142dda7956', 'KALE 346675', 'KALORİFER RADYATÖRÜ OPEL VECTRA B', 'KALE', 'KALORİFER RADYATÖRÜ', '', 'https://pub-56f4ab060d934f85a7d1fec80dd03ee2.r2.dev/products_1774980313536-346675.webp', 21.294, 0, 'adet', TRUE, '2026-03-31T18:05:15.681627+00:00', NULL, 0, 0, 'USD', 0, 1, '1843107 - 90463839', 'OPEL', 'VECTRA B', 15.21, 40, FALSE, 'İKLİM OTOMOTİV', FALSE, 0, 0, 'TRY', NULL),
('a4adf3a9-ed06-4084-acb8-a8cdbc8b97f5', 'ARTPAR-STP-HYI20-1J000', 'STOP HYUNDAI  İ20 2009-2012 SAĞ', 'ARTPAR', 'STOP', '', 'https://cdn.artpar.com/products_1774440490823-92402-1j000.webp', 44.254, 50, 'adet', TRUE, '2026-03-25T12:08:14.277136+00:00', NULL, 0, 50, 'USD', 0, 1, '92402-1J000', 'HYUNDAİ', 'İ20', 31.61, 40, FALSE, 'KOREA OTOMOTİV', FALSE, 0, 0, 'TRY', NULL),
('46105e7f-adeb-4a87-99a2-2b33fc8c3379', 'ARTPAR-FR-HYAC-25511L', 'FAR HYUNDAİ ACCENT 2003-2005 ELEKTRİKLİ BEYAZ SOL', 'ARTPAR', 'FAR', '', 'https://cdn.artpar.com/products_1774471436997-92102-25511.webp', 36.483999999999995, 50, 'adet', TRUE, '2026-03-25T20:44:05.861429+00:00', NULL, 0, 50, 'USD', 0, 1, '92101-25511', 'HYUNDAİ', 'ACCENT', 26.06, 40, FALSE, 'KOREA OTOMOTİV', FALSE, 0, 0, 'TRY', NULL),
('d928b2cf-da8a-4d43-92ba-bb11a98df231', 'KALE 0520231AB', 'MOTOR SU RADYATÖRÜ RENAULT MEGANE 2 2002 SONRASI / SCENİC 2 35mm', 'KALE', 'SU RADYATÖRÜ', '', 'https://cdn.artpar.com/products_1774645027796-kale-0520231ab.webp', 147.14, 10, 'adet', TRUE, '2026-03-27T20:57:10.533622+00:00', NULL, 10, 0, 'USD', 0, 1, '8200357536 - 8200115542', 'RENAULT', 'MEGANE / SCENİC', 105.1, 40, FALSE, 'İKLİM OTOMOTİV', FALSE, 0, 0, 'TRY', NULL),
('3a7ee0ef-cf49-4428-979c-d9f8911046ee', 'ARTPAR-FR-FIEG000171', 'FAR EGEA 15-20 LEDSİZ İÇİ SİYAH MOTORLU SOL', 'ARTPAR', 'FIAT', '', 'https://cdn.artpar.com/products_migrated-1772832445976-3a7ee0ef-cf49-4428-979c-d9f8911046ee.webp', 62.3, 22, 'adet', TRUE, '2026-03-06T12:01:26.664628+00:00', NULL, 22, 0, 'USD', 0, 1, '52145171/52113800', 'FIAT', 'EGEA', 44.5, 40, FALSE, '', FALSE, 0, 0, 'TRY', NULL),
('26d0e956-1a6f-47b1-b48d-f9edd635683a', 'KALE 0835341AB', 'MOTOR SU RADYATÖRÜ BMC PRO 522 YM INT.', 'KALE', 'SU RADYATÖRÜ', '', 'https://cdn.artpar.com/products_1774726087847-kale-0835341ab.webp', 457.09999999999997, 2, 'adet', TRUE, '2026-03-28T19:28:09.847368+00:00', NULL, 2, 0, 'USD', 0, 1, '', 'BMC ', 'PRO 522', 326.5, 40, FALSE, 'İKLİM OTOMOTİV', FALSE, 0, 0, 'TRY', NULL),
('e3ea12cc-63ef-49bc-adc3-db8ee2b4b991', 'KALE 350190', 'MOTOR SU RADYATÖRÜ DAF 95 FA / 95 FAD / 95 FAR / 95 FAK / 95 FAT / 95 FT / 95 FTR / 95 FT (ÇERÇEVESİZ) (MT)', 'KALE', 'SU RADYATÖRÜ', '', 'https://pub-56f4ab060d934f85a7d1fec80dd03ee2.r2.dev/products_1774989364632-350190.webp', 456.74999999999994, 2, 'adet', TRUE, '2026-03-31T20:36:06.581161+00:00', NULL, 2, 0, 'USD', 0, 1, '', 'DAF', '', 326.25, 40, FALSE, 'İKLİM OTOMOTİV', FALSE, 0, 0, 'TRY', NULL),
('283e3e8d-ce43-409e-88e4-db0fa2196537', 'KALE 350235', 'MOTOR SU RADYATÖRÜ EUROSTAR LD / EUROTECH MP (ÇERÇEVESİZ) (MT)', 'KALE', 'SU RADYATÖRÜ', '', 'https://pub-56f4ab060d934f85a7d1fec80dd03ee2.r2.dev/products_1774989439307-350235.webp', 457.37999999999994, 2, 'adet', TRUE, '2026-03-31T20:37:21.259024+00:00', NULL, 2, 0, 'USD', 0, 1, '', 'IVECO', '', 326.7, 40, FALSE, 'İKLİM OTOMOTİV', FALSE, 0, 0, 'TRY', NULL),
('d5fb2d15-d406-4e0f-ac82-4deecaa728dc', 'ARTPAR-STP-OPCR00380', 'STOP CORSA F 19-> LEDSİZ DIŞ SOL ', 'ARTPAR', 'STOP', '', 'https://cdn.artpar.com/products_1772926338119-9829317380.webp', 0, 0, 'adet', TRUE, '2026-03-07T23:32:20.139139+00:00', NULL, 0, 0, 'USD', 0, 1, '9829317380', 'OPEL', 'CORSA F', 0, 40, FALSE, NULL, FALSE, 0, 0, 'TRY', NULL),
('feb21824-664b-4257-93a9-6a23a58ffaac', 'ARTPAR-FR-FIDB38980', 'FAR HALOJEN SAĞ MAKYAJLI KASA PEUGEOT PARTNER 4 / FIAT DOBLO / CITROEN BERLINGO / OPEL COMBO 2025 SONRASI', 'ARTPAR', 'FAR', '', 'https://pub-56f4ab060d934f85a7d1fec80dd03ee2.r2.dev/products_1775508464362-9864538980.webp', 142.856, 20, 'adet', TRUE, '2026-04-06T20:47:46.798211+00:00', NULL, 20, 0, 'USD', 0, 1, '9864538980', '', '', 102.04, 40, FALSE, 'ZENON OTOMOTİV', FALSE, 0, 0, 'TRY', NULL),
('dc7e5ccf-8604-4cd4-bd71-f4d209aa504a', 'ARTPAR-PNJ-HYI20-Q0GA0', 'HYUNDAI I20 PANJUR 2024 SONRASI', 'ARTPAR', 'PANJUR', '', 'https://cdn.artpar.com/products/1776286595450-86351-q0ga0.webp', 53.494, 20, 'adet', TRUE, '2026-04-15T20:56:37.740102+00:00', NULL, 0, 20, 'USD', 0, 1, '86351-Q0GA0', 'HYUNDAI', 'I20', 38.21, 40, FALSE, 'KOREA OTOMOTİV', FALSE, 0, 0, 'TRY', NULL),
('5aa4e834-9a7e-401a-9db8-9bd12954b05e', 'ARTPAR-SİS-VWPL00661C', 'LAMBA SİS POLO 15-> TEK DUYLU SO', 'ARTPAR', 'SİS', '', 'https://cdn.artpar.com/products_1772880559948-6c0941661c.webp', 11.69, 100, 'adet', TRUE, '2026-03-07T10:49:23.771555+00:00', NULL, 100, 0, 'USD', 0, 1, '6C0941661C', 'SİS', 'POLO', 8.35, 40, FALSE, NULL, FALSE, 0, 0, 'TRY', NULL),
('c06b7e5d-69e4-4f14-b914-659c67db0e1a', 'ARTPAR-FR-NSJK-1KA0B-R', 'FAR NİSSAN JUKE 2010 SONRASI SAĞ MOTORLU', 'CASP', 'FAR', '', 'https://cdn.artpar.com/products_1774640914846-26060-1ka0b.webp', 83.60799999999999, 50, 'adet', TRUE, '2026-03-27T19:48:37.549866+00:00', NULL, 0, 50, 'USD', 0, 1, '26010-1KA0B', 'NİSSAN', 'JUKE', 59.72, 40, FALSE, 'KOREA OTOMOTİV', FALSE, 0, 0, 'TRY', NULL),
('b666775d-c0fc-4d37-be5e-367532b78275', 'KALE 342105', 'MOTOR SU RADYATÖRÜ FORESTER 2.0 / 2.5 (02+) (AT)', 'KALE', 'SU RADYATÖRÜ', '', 'https://pub-56f4ab060d934f85a7d1fec80dd03ee2.r2.dev/products_1774988385013-342105.webp', 128.58999999999997, 15, 'adet', TRUE, '2026-03-31T20:19:47.328942+00:00', NULL, 15, 0, 'USD', 0, 1, '45111SA030 - 45111SA031 - 45119SA050', '', '', 91.85, 40, FALSE, 'İKLİM OTOMOTİV', FALSE, 0, 0, 'TRY', NULL),
('fadfbdbd-bf5f-4bb6-99b2-36db9b1c17e1', 'KALE 353150', 'KLİMA RADYATÖRÜ CITROEN BERLINGO 2019-> / C4 PICASSO 2019 -> / PEUGEOT 308 2013 -> / 3008 2016 -> / OPEL COMBO 2019 ->', 'KALE', 'KLİMA RADYATÖRÜ', '', 'https://cdn.artpar.com/products_1774731494729-353150.webp', 76.23, 15, 'adet', TRUE, '2026-03-28T20:58:16.776385+00:00', NULL, 15, 0, 'USD', 0, 1, '9816746580 - 9817334080 - 9673629780', 'PEUGEOT', '', 54.45, 40, FALSE, 'İKLİM OTOMOTİV', FALSE, 0, 0, 'TRY', NULL),
('b846c3da-8b97-4eab-8baf-5731384c4c1d', 'ARTPAR-TYCR-02B10R', 'FAR TOYOTA COROLLA 2010-2012 MOTORLU SAĞ', 'ARTPAR', 'FAR', '', 'https://cdn.artpar.com/products_1774465778782-81130-02b10.webp', 0, 0, 'adet', TRUE, '2026-03-25T19:09:44.698652+00:00', NULL, 0, 0, 'USD', 0, 1, '81130-02B10', 'TOYOTA', 'COROLLA', 0, 40, FALSE, 'KOREA OTOMOTİV', FALSE, 0, 0, 'TRY', NULL),
('714db0f7-53a9-447f-94a3-9931c6ec5cd2', 'KALE 346265', 'KALORİFER RADYATÖRÜ GOLF 7 - OCTAVİA - SUPERB - A3 - LEON 1.2 1.4 1.8TFSI 1.6 / 2.0TDI', 'KALE', 'KALORİFER RADYATÖRÜ', '', 'https://cdn.artpar.com/products_1774646082339-346265.webp', 32.354, 10, 'adet', TRUE, '2026-03-27T21:15:06.620728+00:00', NULL, 10, 0, 'USD', 0, 1, '5Q0819031 - 5Q0819031B', 'VOLKSWAGEN', '', 23.11, 40, FALSE, 'İKLİM OTOMOTİV', FALSE, 0, 0, 'TRY', NULL),
('d5163ffd-4d33-45cf-bfce-dd1b17df0b19', 'KALE 352125', 'KALORİFER RADYATÖRÜ A180 / A200 / B180 / B200 W169 04=> W245 05=> - MINI JOHN COOPER WORKS / ONE / COOPER / COOPER S / COOPER D / COOPER SD / COUNTRYMAN / CLUBMAN / PACEMAN 09=>', 'KALE', 'KALORİFER RADYATÖRÜ', '', 'https://pub-56f4ab060d934f85a7d1fec80dd03ee2.r2.dev/products_1774989557732-352125.webp', 40.93599999999999, 15, 'adet', TRUE, '2026-03-31T20:39:19.782426+00:00', NULL, 15, 0, 'USD', 0, 1, 'A1698300761 - 64113422666', '', '', 29.24, 40, FALSE, 'İKLİM OTOMOTİV', FALSE, 0, 0, 'TRY', NULL),
('ebd18f78-13a6-4d3a-a0b1-d1f9a8510e07', 'KALE 354030', 'KLİMA RADYATÖRÜ ISUZU D-MAX', 'KALE', 'KLİMA RADYATÖRÜ', '', 'https://pub-56f4ab060d934f85a7d1fec80dd03ee2.r2.dev/products_1774989779207-354030.webp', 87.682, 10, 'adet', TRUE, '2026-03-31T20:43:00.851536+00:00', NULL, 10, 0, 'USD', 0, 1, '8980526342', 'ISUZU', 'D-MAX', 62.63, 40, FALSE, 'İKLİM OTOMOTİV', FALSE, 0, 0, 'TRY', NULL),
('0927b981-bb2d-4fff-bf69-ebbe8bcf0983', 'KALE 0518601AB', 'MOTOR SU RADYATÖRÜ RENAULT CLİO 4 26mm', 'KALE', 'SU RADYATÖRÜ', '', 'https://cdn.artpar.com/products_1774647035704-kale-0518601ab.webp', 136.934, 0, 'adet', TRUE, '2026-03-27T21:30:39.813658+00:00', NULL, 0, 0, 'USD', 0, 1, '214100078R - 214101612R', 'RENAULT', 'CLİO 4', 97.81, 40, FALSE, 'İKLİM OTOMOTİV', FALSE, 0, 0, 'TRY', NULL),
('bc0d9934-28f7-47ca-a4c5-152fd3a210b0', 'KALE 0529292AL', 'MOTOR SU RADYATÖRÜ RENAULT CLİO 2 / KANGOO 1.2I / 1.4I 16V DACIA LOGAN 1.4 / 1.6 MPI', 'KALE', 'SU RADYATÖRÜ', '', 'https://cdn.artpar.com/products_1774647161116-kale-0528292al.webp', 93.1, 10, 'adet', TRUE, '2026-03-27T21:32:52.194825+00:00', NULL, 10, 0, 'USD', 0, 1, '7700428082', 'RENAULT', 'CLİO 2', 66.5, 40, FALSE, 'İKLİM OTOMOTİV', FALSE, 0, 0, 'TRY', NULL),
('3cef29e6-64b5-4c0d-abf8-d56434965b4c', 'ARTPAR-STP-VWPLR0095', 'STOP POLO 10-15 DIŞ SOL', 'ARTPAR', 'STOP', '', 'https://cdn.artpar.com/products_1772877487751-6r0945095.webp', 0, 0, 'adet', TRUE, '2026-03-07T09:58:10.921089+00:00', NULL, 0, 0, 'USD', 0, 1, '6R0945095', 'VOLKSWAGEN', 'POLO', 0, 40, FALSE, NULL, FALSE, 0, 0, 'TRY', NULL),
('949ed976-4365-4cda-a0ed-aa3d072e480b', 'KALE 345695', 'KLİMA RADYATÖRÜ FORD TRANSIT V363 (14+) CUSTOM (12+)', 'KALE', 'KLİMA RADYATÖRÜ', '', 'https://pub-56f4ab060d934f85a7d1fec80dd03ee2.r2.dev/products_1774991051254-345695.webp', 100.03, 5, 'adet', TRUE, '2026-03-31T21:04:13.059786+00:00', NULL, 5, 0, 'USD', 0, 1, 'BK2119710AB - 1778169-BK2119710', 'FORD', '', 71.45, 40, FALSE, 'İKLİM OTOMOTİV', FALSE, 0, 0, 'TRY', NULL),
('03a76a07-5e02-425d-805a-b97c7d962295', 'ARTPAR-STP-OPASJ0194', 'STOP ASTRA J SEDAN İÇ SAĞ', 'ARTPAR', 'STOP', '', 'https://cdn.artpar.com/products_1772926975677-25870194.webp', 0, 0, 'adet', TRUE, '2026-03-07T23:42:58.224549+00:00', NULL, 0, 0, 'USD', 0, 1, '25870194', 'OPEL', 'ASTRA J', 0, 40, FALSE, NULL, FALSE, 0, 0, 'TRY', NULL),
('3dbc5d9c-72c1-4214-8591-ed509d221687', 'KALE 050ABC040', 'KLİMA RADYATÖRÜ RENAULT MEGANE 2 ', 'KALE', 'KLİMA RADYATÖRÜ', '', 'https://cdn.artpar.com/products_1774719426202-kale-050abc040.webp', 112.392, 10, 'adet', TRUE, '2026-03-28T17:37:08.193543+00:00', NULL, 10, 0, 'USD', 0, 1, '8200115543 - 8671017589', 'RENAULT', 'MEGANE 2', 80.28, 40, FALSE, 'İKLİM OTOMOTİV', FALSE, 0, 0, 'TRY', NULL),
('8e09afd4-bfbc-4fbd-837c-02c3ec11150e', 'ARTPAR-SİS-VWCD00661', 'LAMBA SİS CADDY 15-20/TRANSPORTER T7 AMPULLU SOL', 'ARTPAR', 'SİS', '', 'https://cdn.artpar.com/products_1772879034236-2k5941662.webp', 13.972, 50, 'adet', TRUE, '2026-03-07T10:23:56.627323+00:00', NULL, 50, 0, 'USD', 0, 1, '2K5941661 / 7E0941661', 'VOLKSWAGEN', 'CADDY / TRANSPORTER', 9.98, 40, FALSE, NULL, FALSE, 0, 0, 'TRY', NULL)
ON CONFLICT DO NOTHING;

INSERT INTO public."products" ("id", "code", "name", "brand", "category", "description", "image_url", "list_price", "stock_quantity", "unit", "is_active", "created_at", "product_number", "stock_merkez", "stock_depo", "currency", "discount_rate", "box_quantity", "oem_no", "car_brand", "car_model", "cost_price", "profit_margin", "is_campaign", "supplier_brand", "is_fixed_price", "cart_discount_rate", "fixed_price_value", "fixed_price_currency", "fixed_usd_rate") VALUES
('d23ac5a9-ca18-443c-931d-8abac2f3fcaa', 'KALE 345835', 'MOTOR SU RADYATÖRÜ VOLKSWAGEN POLO-IBIZA V-TOLEDO IV-RAPID-A1-ROOMSTER-FABIA 1.2/1.6/1.9TDI/1.2/1.4TSI/1.2TFSI (06+)', 'KALE', 'SU RADYATÖRÜ', '', 'https://pub-56f4ab060d934f85a7d1fec80dd03ee2.r2.dev/products_1774992434751-345835.webp', 87.682, 5, 'adet', TRUE, '2026-03-31T21:27:16.988426+00:00', NULL, 5, 0, 'USD', 0, 1, '6R0121253 - 6R0121253A - 6R0121253L', 'VOLKSWAGEN', '', 62.63, 40, FALSE, 'İKLİM OTOMOTİV', FALSE, 0, 0, 'TRY', NULL),
('ba81f983-15cd-419a-b5ce-308f72c86ad1', 'ARTPAR-STP-TYCR-02530', 'STOP COROLLA 13-18 İÇ SOL', 'ARTPAR', 'STOP', '', 'https://cdn.artpar.com/products_1774455496394-81591-02530.webp', 0, 0, 'adet', TRUE, '2026-03-25T16:18:18.228677+00:00', NULL, 0, 0, 'USD', 0, 1, '81591-02530', 'TOYOTA', 'COROLLA', 0, 40, FALSE, 'KOREA OTOMOTİV', FALSE, 0, 0, 'TRY', NULL),
('9d0d1a52-6b4c-492c-b692-d72eb8964577', 'ARTPAR-FR-FDFI00030AJ', 'FAR FIESTA 09-12 MOTORLU Y.VERSİYON GRİ SOL', 'ARTPAR', 'FAR', '', 'https://pub-56f4ab060d934f85a7d1fec80dd03ee2.r2.dev/products_1774984931410-whatsapp-image-2026-03-31-at-22-21-05.webp', 61.12399999999999, 100, 'adet', TRUE, '2026-03-06T19:29:51.582924+00:00', NULL, 49, 50, 'USD', 0, 1, '8A61-13W030-AJ', 'FORD', 'FİESTA', 43.66, 40, FALSE, '', FALSE, 0, 0, 'TRY', NULL),
('f44b6e9d-aaf7-4157-b057-edecbf3185e8', 'ARTPAR-FR-HYST-4A500R', 'FAR HYUNDAİ STAREX 02-08 SAĞ ELEKTRİKLİ', 'ARTPAR', 'FAR', '', 'https://cdn.artpar.com/products_1774473168416-92102-4a500.webp', 38.99, 50, 'adet', TRUE, '2026-03-25T21:12:50.233183+00:00', NULL, 0, 50, 'USD', 0, 1, '92102-4A500', 'HYUNDAİ', 'STAREX', 27.85, 40, FALSE, 'KOREA OTOMOTİV', FALSE, 0, 0, 'TRY', NULL),
('6ef8f34d-52f1-4673-a236-43a88276cf6c', 'ARTPAR-FR-MBVT00700', 'FAR VİTO MAYBACH MODEL LEDSİZ FARLARA UYUMLU SOL', 'ARTPAR', 'FAR', '', 'https://cdn.artpar.com/products_migrated-1772832479250-6ef8f34d-52f1-4673-a236-43a88276cf6c.webp', 213.542, 60, 'adet', TRUE, '2026-03-06T17:46:42.95703+00:00', NULL, 50, 10, 'USD', 0, 1, '4479067700M', 'MERCEDES', 'VİTO MAYBACH', 152.53, 40, FALSE, NULL, FALSE, 0, 0, 'TRY', NULL),
('de3e3bb9-b9e7-46d5-8767-e41c5e53e28f', 'ARTPAR-STP-FIPL00549', 'STOP FIAT PALIO WEEKEND SOL 2002 SONRASI ', 'ARTPAR', 'STOP', '', 'https://pub-56f4ab060d934f85a7d1fec80dd03ee2.r2.dev/products_1775506057443-46840549.webp', 34.608, 0, 'adet', TRUE, '2026-04-06T20:07:20.590552+00:00', NULL, 0, 0, 'USD', 0, 1, '46840549', 'FIAT', 'PALIO SW', 24.72, 40, FALSE, 'ZENON OTOMOTİV', FALSE, 0, 0, 'TRY', NULL),
('6220e1af-77ed-4895-bdab-bbb25b5ba8e6', 'ARTPAR-STP-BMW000162', 'STOP BMW 5/F10 LCI 2015-2018 SAĞ', 'ARTPAR', 'STOP', '', 'https://cdn.artpar.com/products_migrated-1772832465996-6220e1af-77ed-4895-bdab-bbb25b5ba8e6.webp', 67.10199999999999, 10, 'adet', TRUE, '2026-03-06T17:19:11.37925+00:00', NULL, 10, 0, 'USD', 0, 1, '63217306162', 'BMW', '5/F10LCI', 47.93, 40, FALSE, 'KOREA OTOMOTİV', FALSE, 0, 0, 'TRY', NULL),
('6add836e-1c18-48b3-893b-14de85ccf01b', 'ARTPAR-STP-TYHI-04K30R', 'STOP TOYOTA HILUX REVO 20-24 LEDLİ SAĞ (FULL PAKET)', 'ARTPAR', 'STOP', '', 'https://pub-56f4ab060d934f85a7d1fec80dd03ee2.r2.dev/products_1775915241323-h-lux-yen--model-sa-.webp', 71.568, 25, 'adet', TRUE, '2026-04-11T13:47:24.292643+00:00', NULL, 0, 25, 'USD', 0, 1, '81560-0K430', 'TOYOTA', 'HILUX', 51.12, 40, FALSE, 'KOREA OTOMOTİV', FALSE, 0, 0, 'TRY', NULL),
('d9244815-9369-40e3-8220-e1da76993610', 'ARTPAR-FR-FDFC0030CF', 'FAR FOCUS 2018 SONRASI SİYAH MOTORLU AMPULLÜ SOL', 'ARTPAR', 'FAR', '', 'https://cdn.artpar.com/products_migrated-1772832498196-d9244815-9369-40e3-8220-e1da76993610.webp', 100.91199999999999, 10, 'adet', TRUE, '2026-03-06T19:01:15.727399+00:00', NULL, 0, 10, 'USD', 0, 1, 'JX7B-13W030-CF', 'FORD', 'FOCUS', 72.08, 40, FALSE, NULL, FALSE, 0, 0, 'TRY', NULL),
('3fadabd7-ffd6-4b2f-adeb-277eeb980f99', 'ARTPAR-IND-NSJK-1KL0C-R', 'SİNYAL 2.FAR NİSSAN JUKE 2010 SONRASI SAĞ', 'CASP', 'FAR / SİNYAL', '', 'https://cdn.artpar.com/products_1774641048515-26120-1kl0c.webp', 68.782, 50, 'adet', TRUE, '2026-03-27T19:50:50.855047+00:00', NULL, 0, 50, 'USD', 0, 1, '26120-1KL0C', 'NİSSAN', 'JUKE', 49.13, 40, FALSE, 'KOREA OTOMOTİV', FALSE, 0, 0, 'TRY', NULL),
('0e5c4d3d-956b-4822-bfc6-d911be74613d', 'KALE 346750', 'KALORİFER RADYATÖRÜ 5 F10 - 6 F06 - 7 F07', 'KALE', 'KALORİFER RADYATÖRÜ', '', 'https://cdn.artpar.com/products_1774896935662-346750.webp', 55.565999999999995, 50, 'adet', TRUE, '2026-03-30T18:55:39.858808+00:00', NULL, 50, 0, 'USD', 0, 1, '64119163330', 'BMW', '', 39.69, 40, FALSE, 'İKLİM OTOMOTİV', FALSE, 0, 0, 'TRY', NULL),
('610f276b-3b09-4f39-8ed0-318a9e000ac3', 'ARTPAR-FR-FDFC0029PD', 'FAR FOCUS 15-18 SİYAH MOTORLU AMPULLÜ SAĞ', 'ARTPAR', 'FAR', '', 'https://cdn.artpar.com/products_migrated-1772832507279-610f276b-3b09-4f39-8ed0-318a9e000ac3.webp', 73.556, 0, 'adet', TRUE, '2026-03-06T19:23:10.919828+00:00', NULL, 0, 0, 'USD', 0, 1, 'F1EB-13W029-PD', 'FORD', 'FOCUS', 52.54, 40, FALSE, NULL, FALSE, 0, 0, 'TRY', NULL),
('dbc317d2-fafc-4b6b-aee9-4466a39d9f96', 'ARTPAR-FR-DCDUK0002', 'FAR DUSTER 2023 XJD LEDLİ KROM ÇİZGİLİ MOTORLU SAĞ', 'ARTPAR', 'RENAULT', '', 'https://cdn.artpar.com/products_migrated-1772832413517-dbc317d2-fafc-4b6b-aee9-4466a39d9f96.webp', 154.868, 99, 'adet', TRUE, '2026-03-05T21:03:32.646806+00:00', NULL, 49, 50, 'USD', 0, 1, '260101613R - 260109550R', 'RENAULT', 'DUSTER XJD', 110.62, 40, FALSE, 'KOREA OTOMOTİV', FALSE, 0, 0, 'TRY', NULL),
('41a0c747-16bf-46b6-97ac-2b453f07218a', 'ARTPAR-FR-TYCR-02L50L', 'FAR TOYOTA COROLLA 2017-2018 LEDLİ MOTORLU NİKELAJ ÇITALI SOL', 'ARTPAR', 'FAR', '', 'https://cdn.artpar.com/products_1774462107256-81170-02l50.webp', 0, 0, 'adet', TRUE, '2026-03-25T18:08:31.418583+00:00', NULL, 0, 0, 'USD', 0, 1, '81170-02L50', 'TOYOTA', 'COROLLA', 0, 40, FALSE, 'KOREA OTOMOTİV', FALSE, 0, 0, 'TRY', NULL),
('06122ca2-f258-48f5-a1bc-9a7bd864cb12', 'ARTPAR-STP-TYCR-02520', 'STOP TOYOTA COROLLA 2013-2018 İÇ SAĞ', 'ARTPAR', 'STOP', '', 'https://cdn.artpar.com/products_1774455552829-81581-02520.webp', 0, 0, 'adet', TRUE, '2026-03-25T16:19:15.733358+00:00', NULL, 0, 0, 'USD', 0, 1, '81581-02520', 'TOYOTA', 'COROLLA', 0, 40, FALSE, 'KOREA OTOMOTİV', FALSE, 0, 0, 'TRY', NULL),
('29125d6f-1ce6-4941-bd96-12554e43e057', 'ARTPAR-STP-TYCR-02C040r', 'STOP TOYOTA COROLLA 2019-2021 İÇ LEDLİ SAĞ', 'ARTPAR', 'STOP', '', 'https://cdn.artpar.com/products_1774456861545-81581-02c40.webp', 44.184, 50, 'adet', TRUE, '2026-03-25T16:41:10.620637+00:00', NULL, 0, 50, 'USD', 0, 1, '81581-02C40', 'TOYOTA', 'COROLLA', 31.56, 40, FALSE, 'KOREA OTOMOTİV', FALSE, 0, 0, 'TRY', NULL),
('3cfaa2e7-9e22-42a5-acb6-91961d4cb3c5', 'KALE 342350', 'TURBO RADYATÖRÜ NISSAN QASHQAI / QASHQAI+2 1.5 DCI / 2.0 DCI (07+)', 'KALE', 'TURBO RADYATÖRÜ', '', 'https://pub-56f4ab060d934f85a7d1fec80dd03ee2.r2.dev/products_1774988616456-342350.webp', 188.678, 5, 'adet', TRUE, '2026-03-31T20:23:38.864777+00:00', NULL, 5, 0, 'USD', 0, 1, '14461BB30A - 14461JD50A - 14461JD50B', 'NISSAN', '', 134.77, 40, FALSE, 'İKLİM OTOMOTİV', FALSE, 0, 0, 'TRY', NULL),
('afa050d7-0b6a-46f0-84af-56f64ede2613', 'KALE 2081822AL', 'KALORİFER RADYATÖRÜ PEUGEOT 206 - CITROEN XSARA PICASSO', 'KALE', 'KALORİFER RADYATÖRÜ', '', 'https://cdn.artpar.com/products_1774728877966-kale-2081822al.webp', 30.688, 25, 'adet', TRUE, '2026-03-28T20:14:40.28914+00:00', NULL, 25, 0, 'USD', 0, 1, '6448.G3', 'PEUGEOT', '', 21.92, 40, FALSE, 'İKLİM OTOMOTİV', FALSE, 0, 0, 'TRY', NULL),
('1e4cb42e-7725-47e0-8ff4-c4ff53140cfd', 'ARTPAR-FR-VWPS0036P', 'FAR PASSAT 20-> B8.5 FULL LEDLİ SAĞ', 'ARTPAR', 'FAR', '', 'https://cdn.artpar.com/products_1772837468474-3g1941036p.webp', 0, 0, 'adet', TRUE, '2026-03-06T22:51:10.798787+00:00', NULL, 0, 0, 'USD', 0, 1, '3G1941036P ', 'VOLKSWAGEN', 'PASSAT B8', 0, 40, FALSE, NULL, FALSE, 0, 0, 'TRY', NULL),
('23ea5c49-265b-4c75-b541-21e0987beb3a', 'KALE 358945', 'MOTOR SU RADYATÖRÜ OPEL ASTRA J / CASCADA / INSIGNIA A / ZAFIRA ', 'KALE', 'SU RADYATÖRÜ', '', 'https://cdn.artpar.com/products_1774718604593-358945.webp', 126.41999999999999, 10, 'adet', TRUE, '2026-03-28T17:23:26.572867+00:00', NULL, 10, 0, 'USD', 0, 1, '1300338 - 13393984 - 39074654', 'OPEL', 'ASTRA', 90.3, 40, FALSE, 'İKLİM OTOMOTİV', FALSE, 0, 0, 'TRY', NULL),
('cc8a0400-2924-4d96-a9ba-49599469182c', 'ARTPAR-FR-VWPS80369', 'FAR VOLKSWAGEN PASSAT 2020-> B8.5 FULL LEDLİ SAĞ', 'ARTPAR', 'FAR', '', 'https://cdn.artpar.com/products_1774735829937-3g1941036p.webp', 0, 0, 'adet', TRUE, '2026-03-28T22:10:34.815417+00:00', NULL, 0, 0, 'USD', 0, 1, '3G1941036P', 'VOLKSWAGEN', 'PASSAT B8.5', 0, 40, FALSE, 'KOREA OTOMOTİV', FALSE, 0, 0, 'TRY', NULL),
('c3c648dd-47f8-4a1f-a236-d4fc5e1bd213', 'ARTPAR-FR-HYST-4A500L', 'FAR HYUNDAİ STAREX 2002-2008 SOL ELEKTRİKLİ', 'ARTPAR', 'FAR', '', 'https://cdn.artpar.com/products_1774473221434-92101-4a500.webp', 38.976, 50, 'adet', TRUE, '2026-03-25T21:13:43.600988+00:00', NULL, 0, 50, 'USD', 0, 1, '92101-4A500', 'HYUNDAİ', 'STAREX', 27.84, 40, FALSE, 'KOREA OTOMOTİV', FALSE, 0, 0, 'TRY', NULL),
('dacaa344-493f-4dde-a3f6-a3f86459baf6', 'KALE 363650', 'MOTOR SU RADYATÖRÜ FIAT FIORINO 1.3JTD MEKANİK', 'KALE', 'SU RADYATÖRÜ', '', 'https://cdn.artpar.com/products_1774720609201-363650.webp', 49.980000000000004, 10, 'adet', TRUE, '2026-03-28T17:56:51.440041+00:00', NULL, 10, 0, 'USD', 0, 1, '1330T9 - 1330V0 - 1330Y1 - 1330Y4', 'KALE', 'FIORINO', 35.7, 40, FALSE, 'İKLİM OTOMOTİV', FALSE, 0, 0, 'TRY', NULL),
('4c0302ad-7f56-4af5-b4b1-f8f85fabc9c3', 'KALE 342480', 'KLİMA RADYATÖRÜ MULTIVAN V / TRANSPORTER V BOX / BUS  2.0 TDI (09+)', 'KALE', 'KLİMA RADYATÖRÜ', '', 'https://cdn.artpar.com/products_1774892166972-342480.webp', 96.86599999999999, 15, 'adet', TRUE, '2026-03-30T17:36:10.221814+00:00', NULL, 15, 0, 'USD', 0, 1, '7E0820411B - 7E0820411C - 7E0820411D', 'VOLKSWAGEN', '', 69.19, 40, FALSE, 'İKLİM OTOMOTİV', FALSE, 0, 0, 'TRY', NULL),
('691634cd-eaa3-4651-8014-4a5b6958a9a9', 'ARTPAR-FR-RNCL400127R', 'FAR RENAULT CLİO 4 İÇİ SİYAH ÜST KROM SAĞ', 'ARTPAR', 'FAR', '', 'https://cdn.artpar.com/products_1774221790667-260103127r.webp', 64.96, 50, 'adet', TRUE, '2026-03-22T23:23:14.45381+00:00', NULL, 50, 0, 'USD', 0, 1, '260103127R', 'RENAULT', 'CLİO 4', 46.4, 40, FALSE, '', FALSE, 0, 0, 'TRY', NULL),
('91b88417-dfcc-4ee5-96ad-ad398d419c0c', 'KALE 342815', 'TURBO RADYATÖRÜ PEUGEOT P308 II / C4 PICASSO (14+) P3008 II 16+', 'KALE', 'TURBO RADYATÖRÜ', '', 'https://pub-56f4ab060d934f85a7d1fec80dd03ee2.r2.dev/products_1774989008266-342815.webp', 87.402, 5, 'adet', TRUE, '2026-03-31T20:30:10.158141+00:00', NULL, 5, 0, 'USD', 0, 1, '9675627980 - 3637170', 'PEUGEOT', '', 62.43, 40, FALSE, 'İKLİM OTOMOTİV', FALSE, 0, 0, 'TRY', NULL),
('60c02a17-50a1-4717-a6aa-1c4a6d451deb', 'ARTPAR-FR-HYAC1R740R', 'FAR ACCENT BLUE 15-19 SAĞ ELEKTRİKLİ MOTORLU KAŞLI', 'ARTPAR', 'FAR', '', 'https://cdn.artpar.com/products_1772932222011-92102-1r740.webp', 60.186, 100, 'adet', TRUE, '2026-03-08T01:10:24.732431+00:00', NULL, 0, 100, 'USD', 0, 1, '92102-1R740', 'HYUNDAİ', 'ACCENT BLUE', 42.99, 40, FALSE, NULL, FALSE, 0, 0, 'TRY', NULL),
('51186c61-e504-45d2-a0a2-6223204ff5f0', 'ARTPAR-SİS-VWGL00699C', 'LAMBA SİS GOLF 5 04-09 MERCEKSİZ AMPULLU SOL', 'ARTPAR', 'SİS', '', 'https://cdn.artpar.com/products_1772879545386-1k0941699c.webp', 8.722, 100, 'adet', TRUE, '2026-03-07T10:32:27.503242+00:00', NULL, 100, 0, 'USD', 0, 1, '1K0941699C', 'VOLKSWAGEN', 'GOLF 5 ', 6.23, 40, FALSE, NULL, FALSE, 0, 0, 'TRY', NULL),
('56e957dd-b3f3-4099-9745-b0392c729e35', 'ARTPAR-SİS-VWGL00700C', 'LAMBA SİS GOLF 5 04-09 MERCEKSİZ AMPULLU SAĞ', 'ARTPAR', 'SİS', '', 'https://cdn.artpar.com/products_1772879594795-1k0941699c.webp', 8.722, 100, 'adet', TRUE, '2026-03-07T10:33:16.566265+00:00', NULL, 100, 0, 'USD', 0, 1, '1K0941700C', 'VOLKSWAGEN', 'GOLF 5', 6.23, 40, FALSE, NULL, FALSE, 0, 0, 'TRY', NULL),
('030aee60-c1fd-4ac9-8b6f-df6d28be3874', 'ARTPAR-STP-TYCR-02760R', 'STOP TOYOTA COROLLA 2013-2018 DIŞ SAĞ', 'ARTPAR', 'STOP', '', 'https://cdn.artpar.com/products_1774455353122-81551-02760.webp', 24.009999999999998, 50, 'adet', TRUE, '2026-03-25T16:15:55.269456+00:00', NULL, 0, 50, 'USD', 0, 1, '81551-02760', 'TOYOTA', 'COROLLA', 17.15, 40, FALSE, 'KOREA OTOMOTİV', FALSE, 0, 0, 'TRY', NULL),
('52dbcbbb-ba1c-4a87-a31f-bc3925534073', 'ARTPAR-FR-HYEL-3X210R', 'FAR HYUNDAİ ELANTRA 2013-2015 LEDSİZ SAĞ', 'ARTPAR', 'FAR', '', 'https://cdn.artpar.com/products_1774472956852-92102-3x210.webp', 62.99999999999999, 50, 'adet', TRUE, '2026-03-25T21:09:19.001886+00:00', NULL, 0, 50, 'USD', 0, 1, '92102-3X210', 'HYUNDAİ', 'ELANTRA', 45, 40, FALSE, 'KOREA OTOMOTİV', FALSE, 0, 0, 'TRY', NULL),
('e526ecc5-626c-4a72-bfac-1788b274d9a5', 'KALE 349240', 'MOTOR SU RADYATÖRÜ AUDİ A4 - A6 - SUPERB - PASSAT 1994 - AT MEKANİK SİSTEM', 'KALE', 'SU RADYATÖRÜ', '', 'https://cdn.artpar.com/products_1774646451470-349240.webp', 87.36, 10, 'adet', TRUE, '2026-03-27T21:20:55.148066+00:00', NULL, 10, 0, 'USD', 0, 1, '8D0121251BC-8D0121251M', 'SKODA', '', 62.4, 40, FALSE, 'İKLİM OTOMOTİV', FALSE, 0, 0, 'TRY', NULL),
('a6a2fc9e-8a49-4569-b6d8-afe20df697a9', 'ARTPAR-STP-FIPL831B', 'STOP FIAT PALIO SOL 1996 - 2002', 'ARTPAR', 'STOP', '', 'https://pub-56f4ab060d934f85a7d1fec80dd03ee2.r2.dev/products_1775505662338-whatsapp-image-2024-02-14-at-10-43-06.webp', 0, 0, 'adet', TRUE, '2026-04-06T20:01:04.543837+00:00', NULL, 0, 0, 'USD', 0, 1, '46537831B', 'FIAT', 'PALIO', 0, 40, FALSE, 'ZENON OTOMOTİV', FALSE, 0, 0, 'TRY', NULL),
('d9e5faf8-564c-444e-bdff-7d9baa7f4c55', 'ORJ 8K0941597E', 'FAR BEYNİ JETTA PASSAT A3 A4 A6 GOLF POLO', 'ORİJİNAL', 'FAR BEYİN', '', 'https://pub-56f4ab060d934f85a7d1fec80dd03ee2.r2.dev/products_1775640658426-8k0941597e.webp', 39.227999999999994, 25, 'adet', TRUE, '2026-04-08T09:31:01.333845+00:00', NULL, 25, 0, 'USD', 0, 1, '8K0941597E', '', '', 28.02, 40, FALSE, 'EYLÜL OTOMOTİV', FALSE, 0, 0, 'TRY', NULL),
('0e9a76fe-3b7a-44fd-a3b1-73736fb67631', 'ARTPAR-FR-VWPL0016C', 'POLO 6 2010-13 FAR SAG MOTORLU ', 'ARTPAR', 'FAR', '', 'https://cdn.artpar.com/products_1772837243992-6r1941015c.webp', 52.682, 50, 'adet', TRUE, '2026-03-06T22:47:18.358244+00:00', NULL, 0, 50, 'USD', 0, 1, '6R1941016C', 'VOLKSWAGEN', 'POLO', 37.63, 40, FALSE, NULL, FALSE, 0, 0, 'TRY', NULL),
('bd054ff2-c8ad-4b71-8f86-59956dde45b8', 'ARTPAR-FR-PEBR00180', 'FAR BERLİNGO/TEPEE 12-> MOTORLU SOL', 'ARTPAR', 'STOP', '', 'https://cdn.artpar.com/products_1772906942118-9806306180.webp', 0, 0, 'adet', TRUE, '2026-03-07T18:09:03.8401+00:00', NULL, 0, 0, 'USD', 0, 1, '9806306180', 'PEUGEOT', 'BERLİNGO', 0, 40, FALSE, NULL, FALSE, 0, 0, 'TRY', NULL),
('e884142e-81e3-4e44-8c62-7eb91606ef87', 'ARTPAR-FR-PEPR00480', 'FAR PARTNER 1.6 BLUEHDİ 12-> MOTORLU SOL', 'ARTPAR', 'FAR', '', 'https://cdn.artpar.com/products_1772907079595-9677202480.webp', 54.711999999999996, 10, 'adet', TRUE, '2026-03-07T18:11:21.726191+00:00', NULL, 10, 0, 'USD', 0, 1, '9677202480', 'PEUGEOT', 'PARTNER', 39.08, 40, FALSE, NULL, FALSE, 0, 0, 'TRY', NULL),
('865cb741-1df3-41d1-94e9-e5756b02dfb6', 'ARTPAR-STP-VWPL0096', 'POLO 2014 STOP LAMBASI SAĞ DUYSUZ', 'ARTPAR', 'STOP', '', 'https://cdn.artpar.com/products_1772839329356-6c0945096.webp', 24.682, 50, 'adet', TRUE, '2026-03-06T23:22:11.668693+00:00', NULL, 50, 0, 'USD', 0, 1, '6C0945096', 'VOLKSWAGEN', 'POLO', 17.63, 40, FALSE, NULL, FALSE, 0, 0, 'TRY', NULL),
('c545f015-ab67-4ab1-9f22-ce7430545b05', 'ARTPAR-STP-DCJG-520R', 'STOP SOL BEYAZ ÇİZGİLİ DACIA JOGGER 2021-25', 'İTHAL', 'STOP', '', 'https://cdn.artpar.com/products_1774439815828-265558520r.webp', 0, 0, 'adet', TRUE, '2026-03-25T11:56:58.22583+00:00', NULL, 0, 0, 'USD', 0, 1, '265558520R', 'DACİA', 'JOGGER', 0, 40, FALSE, '', FALSE, 0, 0, 'TRY', NULL),
('dfb0effe-34cc-42f0-beae-96dcfebfab4f', 'ARTPAR-FR-HYEL-AA000L', 'FAR HYUNDAİ ELANTRA 2020-2021 SOL', 'ARTPAR', 'FAR', '', 'https://cdn.artpar.com/products_1774472054778-92101-aa000.webp', 177.772, 50, 'adet', TRUE, '2026-03-25T20:54:16.701368+00:00', NULL, 0, 50, 'USD', 0, 1, '92101-AA000', 'HYUNDAİ', 'ELANTRA', 126.98, 40, FALSE, 'KOREA OTOMOTİV', FALSE, 0, 0, 'TRY', NULL),
('0f50040a-1a18-428e-9feb-31bd1b928df6', 'ARTPAR-STP-BMW000117', 'STOP BMW 3/F30 LCI 15-18 SOL', 'ARTPAR', 'STOP', '', 'https://cdn.artpar.com/products_migrated-1772832461200-0f50040a-1a18-428e-9feb-31bd1b928df6.webp', 79.856, 0, 'adet', TRUE, '2026-03-06T12:50:09.037556+00:00', NULL, 0, 0, 'USD', 0, 1, '63217369117', 'BMW', '3/F30 LCI', 57.04, 40, FALSE, '', FALSE, 0, 0, 'TRY', NULL),
('a291c7af-6795-47aa-86d5-1313d382510d', 'ARTPAR-FR-VWMRK0015', 'FAR AMAROK 2011-2015 MOTORLU SOL', 'ARTPAR', 'VOLKSWAGEN', '', 'https://cdn.artpar.com/products_migrated-1772832429743-a291c7af-6795-47aa-86d5-1313d382510d.webp', 87.794, 100, 'adet', TRUE, '2026-03-06T11:17:15.94637+00:00', NULL, 50, 50, 'USD', 0, 1, '2H1941015L', 'VOLKSWAGEN', 'AMAROK', 62.71, 40, FALSE, 'KOREA OTOMOTİV', FALSE, 0, 0, 'TRY', NULL),
('c47a4427-3528-4a41-a253-e1571e9f12c3', 'ARTPAR-FR-DCDULD0367R', 'FAR DUSTER 2018 LEDLİ SOL', 'ARTPAR', 'RENAULT', '', 'https://cdn.artpar.com/products_migrated-1772832422445-c47a4427-3528-4a41-a253-e1571e9f12c3.webp', 60.75999999999999, 50, 'adet', TRUE, '2026-03-05T21:10:31.599302+00:00', NULL, 50, 0, 'USD', 0, 1, '260609367R', 'RENAULT', 'DUSTER XJD', 43.4, 40, FALSE, 'KOREA OTOMOTİV', FALSE, 0, 0, 'TRY', NULL),
('1bc9e41b-6992-4e93-b45d-b84a9001605a', 'ARTPAR-FR-VWPL0008', 'POLO 05-10 MOTORLU H7H1 FAR SAĞ KROM', 'ARTPAR', 'FAR', '', 'https://cdn.artpar.com/products_1772836571491-6q1941008.webp', 48.355999999999995, 50, 'adet', TRUE, '2026-03-06T22:36:13.573032+00:00', NULL, 50, 0, 'USD', 0, 1, '6Q1941008', 'VOLKSWAGEN', 'POLO', 34.54, 40, FALSE, NULL, FALSE, 0, 0, 'TRY', NULL),
('09d8c6fd-7dfa-4be9-bee4-53133148c9f5', 'ARTPAR-FR-VWCD0006B', 'CADDY 2020-2024 FAR HELOGEN SAG  MOTORLU ', 'ARTPAR', 'FAR', '', 'https://cdn.artpar.com/products_migrated-1772832538337-09d8c6fd-7dfa-4be9-bee4-53133148c9f5.webp', 99.834, 50, 'adet', TRUE, '2026-03-06T20:57:46.896319+00:00', NULL, 1, 50, 'USD', 0, 1, '2K8941006B', 'VOLKSWAGEN', 'CADDY', 71.31, 40, FALSE, NULL, FALSE, 0, 0, 'TRY', NULL),
('961bb813-4c10-4de6-aa33-097fd49ba063', 'ARTPAR-STP-VWCD0095E', 'STOP POLO 20-23 DIŞ SOL LEDLİ', 'ARTPAR', 'STOP', '', 'https://cdn.artpar.com/products_1772878125525-2g0945095e.webp', 48.832, 50, 'adet', TRUE, '2026-03-07T10:08:48.269284+00:00', NULL, 0, 50, 'USD', 0, 1, '2G0945095E', 'VOLKSWAGEN', 'POLO', 34.88, 40, FALSE, NULL, FALSE, 0, 0, 'TRY', NULL),
('eddf6891-f6fb-4bfd-bb88-92fcf2c04fb9', 'ARTPAR-FR-VWPL0007', 'POLO 05-10  MOTORLU H7H1 FAR SOL  KROM', 'ARTPAR', 'FAR', '', 'https://cdn.artpar.com/products_1772836479637-6q1941007.webp', 48.355999999999995, 50, 'adet', TRUE, '2026-03-06T22:34:34.859622+00:00', NULL, 50, 0, 'USD', 0, 1, '6Q1941007', 'VOLKSWAGEN', 'POLO', 34.54, 40, FALSE, NULL, FALSE, 0, 0, 'TRY', NULL),
('f045eca5-0db9-4356-9a17-4a9ecf0472ba', 'KALE 2048011AB', 'MOTOR SU RADYATÖRÜ PEUGEOT 307 / 307 SW ', 'KALE', 'SU RADYATÖRÜ', '', 'https://cdn.artpar.com/products_1774730520841-kale-2048011ab.webp', 125.01999999999998, 0, 'adet', TRUE, '2026-03-28T20:42:03.111959+00:00', NULL, 0, 0, 'USD', 0, 1, '1330.W7', 'PEUGEOT', '307', 89.3, 40, FALSE, 'İKLİM OTOMOTİV', FALSE, 0, 0, 'TRY', NULL),
('1261c31f-fbd4-4330-94ca-ff39a269b8c0', 'ARTPAR-FR-RNSY00796R', 'FAR SYMBOL/JOY 14-17 LEDSİZ SOL', 'ARTPAR', 'FAR', '', 'https://cdn.artpar.com/products_1772904830044-260106223r.webp', 0, 0, 'adet', TRUE, '2026-03-07T17:33:52.580568+00:00', NULL, 0, 0, 'USD', 0, 1, '260607796R', 'RENAULT', 'SYMBOL', 0, 40, FALSE, NULL, FALSE, 0, 0, 'TRY', NULL),
('0b8904a7-4a76-4a56-9616-0626fcce2493', 'ARTPAR-FR-VWMRK0016R', 'FAR AMAROK 2011-2015 MOTORLU SAĞ ', 'ARTPAR', 'VOLKSWAGEN', '', 'https://cdn.artpar.com/products_migrated-1772832427608-0b8904a7-4a76-4a56-9616-0626fcce2493.webp', 87.794, 100, 'adet', TRUE, '2026-03-06T11:16:32.240033+00:00', NULL, 50, 50, 'USD', 0, 1, '2H1941016R', 'VOLKSWAGEN', 'AMAROK', 62.71, 40, FALSE, 'KOREA OTOMOTİV', FALSE, 0, 0, 'TRY', NULL),
('b3f7900b-0758-4d95-b5e7-c7202f63f0a2', 'ARTPAR-STP-MBSP000300', 'STOP SPRİNTER 19-> LEDSİZ SAĞ', 'ARTPAR', 'STOP', '', 'https://cdn.artpar.com/products_migrated-1772832488945-b3f7900b-0758-4d95-b5e7-c7202f63f0a2.webp', 39.717999999999996, 100, 'adet', TRUE, '2026-03-06T18:13:16.388061+00:00', NULL, 50, 50, 'USD', 0, 1, '9108200300', 'MERCEDES', 'SPRİNTER', 28.37, 40, FALSE, 'KOREA OTOMOTİV', FALSE, 0, 0, 'TRY', NULL),
('9235bd06-b1ae-46a3-9021-dcd8f6f796e8', 'ARTPAR-STP-MBSP000200', 'STOP SPRİNTER 2019 SONRASI LEDSİZ SOL', 'ARTPAR', 'STOP', '', 'https://cdn.artpar.com/products_migrated-1772832488040-9235bd06-b1ae-46a3-9021-dcd8f6f796e8.webp', 39.717999999999996, 100, 'adet', TRUE, '2026-03-06T18:12:30.686728+00:00', NULL, 50, 50, 'USD', 0, 1, '9108200200', 'MERCEDES', 'SPRİNTER', 28.37, 40, FALSE, 'KOREA OTOMOTİV', FALSE, 0, 0, 'TRY', NULL),
('d8d982e5-655d-420c-9a4b-65e20c3d08fe', 'ARTPAR-HPP-SKOCT027A', 'YÜKSEK BASINÇ POMPASI 1.0 TSI DLA OCTAVIA - TCROSS', 'ORİJİNAL', 'YÜKSEK BASINÇ POMPASI', '', 'https://cdn.artpar.com/products/1776946999462-whatsapp-image-2026-04-23-at-15-06-03.webp', 129.934, 50, 'adet', TRUE, '2026-04-23T12:23:22.43118+00:00', NULL, 50, 0, 'USD', 0, 1, '05E127027A', 'SKODA', '', 92.81, 40, FALSE, 'CEMAL ABİ', FALSE, 0, 0, 'TRY', NULL),
('e5f4bfe6-82f3-41ad-a74c-f0a1d88ec54e', 'ARTPAR-STP-BMW000845', 'STOP BMW 3/F30 11-14 SOL', 'ARTPAR', 'STOP', '', 'https://cdn.artpar.com/products_migrated-1772832458844-e5f4bfe6-82f3-41ad-a74c-f0a1d88ec54e.webp', 54.193999999999996, 60, 'adet', TRUE, '2026-03-06T12:44:51.898194+00:00', NULL, 50, 10, 'USD', 0, 1, '63217312845', 'BMW', '3/F30', 38.71, 40, FALSE, NULL, FALSE, 0, 0, 'TRY', NULL),
('53a304ce-1b65-49ea-8851-86ea4e51409f', 'ARTPAR-STP-BMW000846', 'STOP BMW 3/F30 11-14 SAĞ', 'ARTPAR', 'STOP', '', 'https://cdn.artpar.com/products_migrated-1772832459784-53a304ce-1b65-49ea-8851-86ea4e51409f.webp', 54.193999999999996, 60, 'adet', TRUE, '2026-03-06T12:45:34.457138+00:00', NULL, 50, 10, 'USD', 0, 1, '63217312846', 'BMW', '3/F30', 38.71, 40, FALSE, NULL, FALSE, 0, 0, 'TRY', NULL),
('2a47c750-1d31-4f77-a1f5-d06da09be1f4', 'ARTPAR-STP-RNSY00533R', 'STOP SYMBOL JOY 2018 LEDLİ SOL ', 'ARTPAR', 'STOP', '', 'https://cdn.artpar.com/products_1772881918427-265505392r.webp', 0, 0, 'adet', TRUE, '2026-03-07T11:12:03.027015+00:00', NULL, 0, 0, 'USD', 0, 1, '265505533R', 'RENAULT', 'SYMBOL', 0, 40, FALSE, NULL, FALSE, 0, 0, 'TRY', NULL),
('b8d20c10-cd73-4c60-b177-f4e1041a3391', 'ARTPAR-FR-HYGT0B510L', 'FAR GETZ 2006-2012 ELEKTRİKLİ MOTORLU SOL', 'ARTPAR', 'FAR', '', 'https://cdn.artpar.com/products_1772976823257-92101-0b510.webp', 0, 0, 'adet', TRUE, '2026-03-08T13:33:45.564474+00:00', NULL, 0, 0, 'USD', 0, 1, '92101-0B510', 'HYUNDAİ', 'GETZ', 0, 40, FALSE, NULL, FALSE, 0, 0, 'TRY', NULL),
('9ca54399-ab61-4d4d-b3cc-54a03dddd958', 'ARTPAR-STP-TYCR-02560R', 'STOP TOYOTA COROLLA 2010-2012 DIŞ SAĞ', 'ARTPAR', 'STOP', '', 'https://cdn.artpar.com/products_1774457674602-81551-02560.webp', 24.906, 0, 'adet', TRUE, '2026-03-25T16:54:37.148069+00:00', NULL, 0, 0, 'USD', 0, 1, '81551-02560', 'TOYOTA', 'COROLLA', 17.79, 40, FALSE, 'KOREA OTOMOTİV', FALSE, 0, 0, 'TRY', NULL),
('d5f04306-52cd-4da6-a41f-97f90e8cfc03', 'ARTPAR-SİS-HYAC1E000L', 'LAMBA SİS ACCENT ERA 06-12 SOL AMPUL ÜZERİNDE', 'ARTPAR', 'SİS', '', 'https://cdn.artpar.com/products_1772932115333-92202-1e000.webp', 8.792, 500, 'adet', TRUE, '2026-03-08T01:08:24.570889+00:00', NULL, 0, 500, 'USD', 0, 1, '92201-1E000', 'HYUNDAİ', 'ACCENT ERA', 6.28, 40, FALSE, NULL, FALSE, 0, 0, 'TRY', NULL),
('f2133f72-e11c-47ea-85e3-c21ce8f39958', 'ARTPAR-FR-STLN0008B', 'FAR LEON 13-17 XENONLU BALAST MOTORLU SAĞ', 'ARTPAR', 'FAR', '', 'https://cdn.artpar.com/products_migrated-1772832524722-f2133f72-e11c-47ea-85e3-c21ce8f39958.webp', 233.19799999999998, 100, 'adet', TRUE, '2026-03-06T20:29:09.02749+00:00', NULL, 50, 50, 'USD', 0, 1, '5F1941008B', 'SEAT', 'LEON', 166.57, 40, FALSE, 'KOREA OTOMOTİV', FALSE, 0, 0, 'TRY', NULL),
('5e3fcdf5-d44c-4ecb-b3dc-8b4948883094', 'ARTPAR-FR-FI500-491', 'FAR FIAT 500 SAĞ 2007 - 2012', 'ARTPAR', 'FAR', '', 'https://pub-56f4ab060d934f85a7d1fec80dd03ee2.r2.dev/products_1775507302423-51787491.webp', 92.302, 1, 'adet', TRUE, '2026-04-06T20:28:31.379837+00:00', NULL, 1, 0, 'USD', 0, 1, '51787491 - 51795457', 'FIAT', '500', 65.93, 40, FALSE, 'ZENON OTOMOTİV', FALSE, 0, 0, 'TRY', NULL),
('e17a16f4-2e5b-4c7a-8610-d02ed7ddd4f2', 'ARTPAR-STP-DCSN00147R', 'STOP SANDERO STEPWAY 2018 LEDLİ SAĞ', 'ARTPAR', 'STOP', '', 'https://cdn.artpar.com/products_1772882085159-265506147r.webp', 0, 0, 'adet', TRUE, '2026-03-07T11:14:46.795728+00:00', NULL, 0, 0, 'USD', 0, 1, '265506147R', 'DACİA', 'SANDERO', 0, 40, FALSE, NULL, FALSE, 0, 0, 'TRY', NULL),
('dba36870-4dd4-404c-b114-d4d703f5712d', 'ARTPAR-SİS-VWGL699', 'LAMBA SİS VOLKSWAGEN GOLF 6/JETTA/CADDY 11-> AMPULLU', 'ARTPAR', 'SİS', '', 'https://cdn.artpar.com/products_1774619212489-5k0941699.webp', 6.789999999999999, 200, 'adet', TRUE, '2026-03-27T13:46:55.02437+00:00', NULL, 200, 0, 'USD', 0, 1, '5K0941699', 'VOLKSWGEN', 'GOLF', 4.85, 40, FALSE, 'KOREA OTOMOTİV', FALSE, 0, 0, 'TRY', NULL),
('3e83d327-0166-4ad0-90b2-1e41fa05dd41', 'KALE 050ABC060', 'KLİMA RADYATÖRÜ RENAULT FLUENCE / MEGANE 3 1.5DCI K9K 2010 SONRASI', 'KALE', 'KLİMA RADYATÖRÜ', '', 'https://cdn.artpar.com/products_1774719537757-kale-050abc060.webp', 141.47, 10, 'adet', TRUE, '2026-03-28T17:38:59.348418+00:00', NULL, 10, 0, 'USD', 0, 1, '921000294R - 921003293R - 921009956R', 'RENAULT', '', 101.05, 40, FALSE, 'İKLİM OTOMOTİV', FALSE, 0, 0, 'TRY', NULL),
('363640ef-b94c-4923-b610-f8c254958637', 'ARTPAR-FR-HYİ20-C8000R', 'FAR HYUNDAİ İ20 2015-2018 DÜZ TİP MOTORLU LEDSİZ SAĞ', 'ARTPAR', 'FAR', '', 'https://cdn.artpar.com/products_1774470414293-92102-c8000.webp', 112.78399999999999, 50, 'adet', TRUE, '2026-03-25T20:26:56.200922+00:00', NULL, 0, 50, 'USD', 0, 1, '92102-C8000', 'HYUNDAİ', 'İ20', 80.56, 40, FALSE, 'KOREA OTOMOTİV', FALSE, 0, 0, 'TRY', NULL),
('e19c6ae3-c038-4157-87a4-3de6e8686449', 'ARTPAR-FR-VWTG006G', 'FAR CADDY/TOURAN 11-15 MOTORLU ALTTAN SİNYALLİ SAĞ', 'ARTPAR', 'FAR', '', 'https://cdn.artpar.com/products_migrated-1772832545387-e19c6ae3-c038-4157-87a4-3de6e8686449.webp', 82.264, 0, 'adet', TRUE, '2026-03-06T21:20:18.096454+00:00', NULL, 0, 0, 'USD', 0, 1, '1T1941006G', 'VOLKSWAGEN', 'CADDY TOURAN', 58.76, 40, FALSE, NULL, FALSE, 0, 0, 'TRY', NULL),
('7a3773e3-f540-465d-949b-be179254480f', 'ARTPAR-FR-VWPS700753', 'FAR PASSAT VOLKSWAGEN B7L 2011-2015 XENON MOTORLU SOL', 'ARTPAR', 'FAR', '', 'https://cdn.artpar.com/products_1774734287542-3ab941753.webp', 0, 0, 'adet', TRUE, '2026-03-28T21:44:06.420909+00:00', NULL, 0, 0, 'USD', 0, 1, '3AB941753', 'VOLKSWAGEN', 'PASSAT B7', 0, 40, FALSE, 'KOREA OTOMOTİV', FALSE, 0, 0, 'TRY', NULL),
('55cf67f7-b5e0-4968-94f2-63f0631a4ab6', 'ARTPAR-FR-VWPS700754', 'FAR VOLKSWAGEN PASSAT B7L 2011-2015 XENON MOTORLU SAĞ', 'ARTPAR', 'FAR', '', 'https://cdn.artpar.com/products_1774734400827-3ab941754.webp', 0, 0, 'adet', TRUE, '2026-03-28T21:46:43.241576+00:00', NULL, 0, 0, 'USD', 0, 1, '3AB941754', 'VOLKSWAGEN', 'PASSAT B7', 0, 40, FALSE, 'KOREA OTOMOTİV', FALSE, 0, 0, 'TRY', NULL),
('6f315066-881a-4345-9cdf-1f8876097430', 'ARTPAR-FR-VWGLF5006', 'FAR GOLF V 07-09/JETTA 06-10 KROM SAĞ', 'ARTPAR', 'VOLKSWAGEN', '', 'https://cdn.artpar.com/products_migrated-1772832437728-6f315066-881a-4345-9cdf-1f8876097430.webp', 43.988, 100, 'adet', TRUE, '2026-03-06T11:25:57.888212+00:00', NULL, 50, 50, 'USD', 0, 1, '1K6941006', 'VOLKSWAGEN', 'GOLF', 31.42, 40, FALSE, NULL, FALSE, 0, 0, 'TRY', NULL),
('d096e97a-bd14-4de9-8365-e9d3b11fa27f', 'ARTPAR-FR-TYAV05160L', 'TOYOTA AVENSIS 2003-2005 FAR SOL MERCEKLİ', 'DEPO', 'FAR', '', '', 72.1, 0, 'adet', TRUE, '2026-04-06T12:20:22.048822+00:00', NULL, 0, 0, 'USD', 0, 1, '81170-05160', 'TOYOTA', 'AVENSIS', 51.5, 40, FALSE, '', FALSE, 0, 0, 'TRY', NULL),
('011b3969-2f75-44b2-bef9-5aead919682f', 'ARTPAR-FR-RNCL400442R', 'FAR RENAULT CLİO 4 KROM ÇITALI ÜST KROM SOL', 'ARTPAR', 'FAR', '', 'https://cdn.artpar.com/products_1774222871714-260603442r.webp', 64.988, 50, 'adet', TRUE, '2026-03-22T23:41:13.927478+00:00', NULL, 50, 0, 'USD', 0, 1, '260603442R', 'RENAULT', 'CLİO 4', 46.42, 40, FALSE, '', FALSE, 0, 0, 'TRY', NULL),
('c1607dec-b0f5-4fc6-9ea8-6554287de567', 'ARTPAR-FR-HYGT0B510R', 'FAR GETZ 2006-2012 ELEKTRİKLİ MOTORLU SAĞ', 'ARTPAR', 'FAR', '', 'https://cdn.artpar.com/products_1772976906296-92102-0b510.webp', 0, 0, 'adet', TRUE, '2026-03-08T13:35:07.928674+00:00', NULL, 0, 0, 'USD', 0, 1, '92102-0B510', 'HYUNDAİ', 'GETZ', 0, 40, FALSE, NULL, FALSE, 0, 0, 'TRY', NULL),
('5a673c95-e112-47f5-b55c-7f1b96f5e5cd', 'ARTPAR-SİS-VWJT00700', 'LAMBA SİS CADDY/JETTA 04-10 AMPULLU SAĞ ', 'ARTPAR', 'SİS', '', 'https://cdn.artpar.com/products_1772879408698-1t0941700.webp', 7.867999999999999, 200, 'adet', TRUE, '2026-03-07T10:30:10.529299+00:00', NULL, 100, 100, 'USD', 0, 50, '1T0941700', 'VOLKSWAGEN', 'JETTA', 5.62, 40, FALSE, NULL, FALSE, 0, 0, 'TRY', NULL),
('a30db3be-1795-417e-abed-7f6d2f884fa0', 'ARTPAR-STP-FDFC00405AD', 'STOP FOCUS 15-18 DIŞ SOL', 'ARTPAR', 'STOP', '', 'https://cdn.artpar.com/products_migrated-1772832511998-a30db3be-1795-417e-abed-7f6d2f884fa0.webp', 28.825999999999997, 0, 'adet', TRUE, '2026-03-06T19:37:34.719944+00:00', NULL, 0, 0, 'USD', 0, 1, 'F1EB-13405-AD', 'FORD', 'FOCUS', 20.59, 40, FALSE, NULL, FALSE, 0, 0, 'TRY', NULL),
('17a30f3b-a994-4f5e-a060-4c09051f3383', 'KALE 0403032AL', 'MOTOR SU RADYATÖRÜ PEUGEOT PARTNER 306 / CITROEN XSARA', 'KALE', 'SU RADYATÖRÜ', '', 'https://cdn.artpar.com/products_1774729856236-kale-0403032al.webp', 96.94999999999999, 15, 'adet', TRUE, '2026-03-28T20:30:58.470759+00:00', NULL, 15, 0, 'USD', 0, 1, '1330.41 - 1330.E1 - 1330.23 - 1331.FG', 'PEUGEOT', '', 69.25, 40, FALSE, 'İKLİM OTOMOTİV', FALSE, 0, 0, 'TRY', NULL),
('127fd581-eb04-46d6-9065-df0b6b40b79d', 'KALE 346255', 'KALORİFER RADYATÖRÜ GOLF IV-BORA-A3-TT-BEETLE-LEON-OCTAVIA-TOLEDO (96-07)', 'KALE', 'KALORİFER RADYATÖRÜ', '', 'https://cdn.artpar.com/products_1774897834464-346255.webp', 17.541999999999998, 50, 'adet', TRUE, '2026-03-30T19:10:37.393501+00:00', NULL, 50, 0, 'USD', 0, 1, '1J1819031A - 1J1819031B', 'VOLKSWAGEN', '', 12.53, 40, FALSE, 'İKLİM OTOMOTİV', FALSE, 0, 0, 'TRY', NULL),
('dcd39681-35d6-443c-bfb1-71ac5021c72d', 'KALE 345820', 'KLİMA RADYATÖRÜ TOYOTA COROLLA 1.6 SI-1.8 GT (AE 101) (92-97)', 'KALE', 'KLİMA RADYATÖRÜ', '', 'https://pub-56f4ab060d934f85a7d1fec80dd03ee2.r2.dev/products_1774992145964-345820.webp', 106.526, 10, 'adet', TRUE, '2026-03-31T21:21:00.425276+00:00', NULL, 10, 0, 'USD', 0, 1, '8846012460 - 94855107', 'TOYOTA', 'COROLLA', 76.09, 40, FALSE, 'İKLİM OTOMOTİV', FALSE, 0, 0, 'TRY', NULL),
('f00a3f95-d69b-4d14-b949-93c007113200', ' ARTPAR-STP-VWCD0096E', 'STOP POLO 20-23 DIŞ SAĞ LEDLİ', 'ARTPAR', 'STOP', '', 'https://cdn.artpar.com/products_1772878202669-2g0945096e.webp', 48.832, 0, 'adet', TRUE, '2026-03-07T10:10:04.607345+00:00', NULL, 0, 0, 'USD', 0, 1, '2G0945095E', 'VOLKSWAGEN', 'POLO', 34.88, 40, FALSE, NULL, FALSE, 0, 0, 'TRY', NULL),
('bec7acb1-2c1d-4bce-975c-5ea1e35b7949', 'ARTPAR-STP-DCDUX0200R', 'STOP DUSTER XJD 2022 LEDLİ SOL', 'ARTPAR', 'RENAULT', '', 'https://cdn.artpar.com/products_migrated-1772832426540-bec7acb1-2c1d-4bce-975c-5ea1e35b7949.webp', 74.05999999999999, 100, 'adet', TRUE, '2026-03-05T21:20:29.834062+00:00', NULL, 50, 50, 'USD', 0, 1, '265557200R', 'RENAULT', 'DUSTER XJD', 52.9, 40, FALSE, NULL, FALSE, 0, 0, 'TRY', NULL),
('3235c626-240f-4ae8-bb8d-ff2273f0ee8c', 'ARTPAR-FR-VWTG000114A', 'FAR TIGUAN 16-> LEDLİ MOTORLU SAĞ', 'ARTPAR', 'FAR', '', 'https://cdn.artpar.com/products_1772837654294-5nb941114a.webp', 0, 0, 'adet', TRUE, '2026-03-06T22:54:16.405777+00:00', NULL, 0, 0, 'USD', 0, 1, '5NB941114A', 'VOLKSWAGEN', 'TİGUAN', 0, 40, FALSE, 'KOREA OTOMOTİV', FALSE, 0, 0, 'TRY', NULL),
('b460b6c8-506e-41df-a70b-80ad05ef86a6', 'ARTPAR-FR-VWTG000113A', 'FAR TIGUAN 16-> LEDLİ MOTORLU SOL', 'ARTPAR', 'FAR', '', 'https://cdn.artpar.com/products_1772837597008-5nb941113a.webp', 0, 0, 'adet', TRUE, '2026-03-06T22:53:19.045567+00:00', NULL, 0, 0, 'USD', 0, 1, '5NB941113A', 'VOLKSWAGEN', 'TİGUAN', 0, 40, FALSE, 'KOREA OTOMOTİV', FALSE, 0, 0, 'TRY', NULL),
('38d039b2-1dd4-4074-bf9c-914bcdebd37c', 'ARTPAR-STP-FIPL830B', 'STOP FIAT PALIO SAĞ 1996 - 2002', 'ARTPAR', 'STOP', '', 'https://pub-56f4ab060d934f85a7d1fec80dd03ee2.r2.dev/products_1775505710932-whatsapp-image-2024-02-14-at-10-43-06.webp', 0, 0, 'adet', TRUE, '2026-04-06T20:01:52.921862+00:00', NULL, 0, 0, 'USD', 0, 1, '46537830B', 'FIAT', 'PALIO', 0, 40, FALSE, 'ZENON OTOMOTİV', FALSE, 0, 0, 'TRY', NULL),
('ed6f22c1-0ebc-40eb-a1ba-b20989c0439b', 'ARTPAR-SİS-VWTP00700A', 'LAMBA SİS T6 11-15 AMPULLU SAĞ ', 'ARTPAR', 'SİS', '', 'https://cdn.artpar.com/products_1772879264783-7e0941700a.webp', 6.832, 10, 'adet', TRUE, '2026-03-07T10:27:51.142081+00:00', NULL, 10, 0, 'USD', 0, 50, '7E0941700A', 'VOLKSWAGEN', 'TRANSPORTER T6', 4.88, 40, FALSE, NULL, FALSE, 0, 0, 'TRY', NULL),
('1a0f764a-1744-46fa-b5df-95ce80fa3f87', 'ARTPAR-FR-HYAC1E089L', 'FAR ACCENT ERA 09-12 ELEKTRİKLİ BEYAZ SO', 'ARTPAR', 'FAR', '', 'https://cdn.artpar.com/products_1772931928060-92101-1e089.webp', 35.868, 30, 'adet', TRUE, '2026-03-08T01:05:30.041149+00:00', NULL, 0, 30, 'USD', 0, 1, '92101-1E089', 'HYUNDAİ', 'ACCENT ERA', 25.62, 40, FALSE, 'KOREA OTOMOTİV', FALSE, 0, 0, 'TRY', NULL),
('fe9764da-8a1a-49a2-9436-54a66c0949d0', 'ARTPAR-STP-TYCR02560L', 'STOP TOYOTA COROLLA 2010-2012 DIŞ SOL', 'ARTPAR', 'STOP', '', 'https://cdn.artpar.com/products_1774457933547-81561-02560.webp', 0, 0, 'adet', TRUE, '2026-03-25T16:58:55.79099+00:00', NULL, 0, 0, 'USD', 0, 1, '81561-02560', 'TOYOTA', 'COROLLA', 0, 40, FALSE, 'KOREA OTOMOTİV', FALSE, 0, 0, 'TRY', NULL),
('914fed21-b4db-4d3c-bdaf-33653bbf268d', 'ARTPAR-FR-RNEXP00660R', 'FAR EXPRESS 2023 LEDLİ MOTORLU SAĞ', 'ARTPAR', 'FAR', '', 'https://cdn.artpar.com/products_1772905920888-260105660r.webp', 117.08199999999998, 100, 'adet', TRUE, '2026-03-07T17:52:03.888477+00:00', NULL, 50, 50, 'USD', 0, 1, ' 260105660R', 'RENAULT', 'EXPRESS', 83.63, 40, FALSE, NULL, FALSE, 0, 0, 'TRY', NULL),
('aef3aea4-300c-4160-893a-717194dc5793', 'ARTPAR-FR-VWTG0006B', 'VOLKSWAGEN TİGUAN SAG FAR 2011-2015 MOTORLU ', 'ARTPAR', 'FAR', '', 'https://cdn.artpar.com/products_1772837827704-5n1941006b.webp', 0, 0, 'adet', TRUE, '2026-03-06T22:57:09.702153+00:00', NULL, 0, 0, 'USD', 0, 1, '5N1941006B', 'VOLKSWAGEN', 'TİGUAN', 0, 40, FALSE, 'KOREA OTOMOTİV', FALSE, 0, 0, 'TRY', NULL),
('445f7fac-61ea-4eed-b7b5-cd77596755cc', 'ARTPAR-FR-VWTG0005B', 'VOLKSWAGEN TİGUAN SOL FAR 2011-2015 MOTORLU ', 'ARTPAR', 'FAR', '', 'https://cdn.artpar.com/products_1772837788465-5n1941005b.webp', 0, 0, 'adet', TRUE, '2026-03-06T22:56:30.5962+00:00', NULL, 0, 0, 'USD', 0, 1, '5N1941005B', 'VOLKSWAGEN', 'TİGUAN', 0, 40, FALSE, 'KOREA OTOMOTİV', FALSE, 0, 0, 'TRY', NULL),
('ac53fbf2-9ee9-4327-9334-fe1efde80cc9', 'ARTPAR-STP-FIPL00802', 'STOP FIAT PALIO WEEKEND SOL 1996 - 2002', 'ARTPAR', 'STOP', '', 'https://pub-56f4ab060d934f85a7d1fec80dd03ee2.r2.dev/products_1775505886106-46542802.webp', 0, 0, 'adet', TRUE, '2026-04-06T20:04:47.863976+00:00', NULL, 0, 0, 'USD', 0, 1, '46542802', 'FIAT', 'PALIO SW', 0, 40, FALSE, 'ZENON OTOMOTİV', FALSE, 0, 0, 'TRY', NULL),
('06ca199b-9f85-4d22-b5f4-76f2392d5794', 'ARTPAR-SİS-VWPL00662', 'LAMBA SİS POLO 18> GUNDUZ FARI LEDLİ SİS FARLI SAĞ', 'ARTPAR', 'SİS', '', 'https://cdn.artpar.com/products_1772881450205-2g0-941-661.webp', 19.264, 100, 'adet', TRUE, '2026-03-07T11:04:12.396998+00:00', NULL, 0, 100, 'USD', 0, 20, '2G0941662', 'VOLKSWAGEN', 'POLO', 13.76, 40, FALSE, NULL, FALSE, 0, 0, 'TRY', NULL),
('88780b5b-e005-4fed-9ad3-e38823aa4789', 'ARTPAR-STP-DCSN00938R', 'STOP SANDERO STEPWAY 2018 LEDLİ SOL', 'ARTPAR', 'STOP', '', 'https://cdn.artpar.com/products_1772882012142-265554938r.webp', 0, 0, 'adet', TRUE, '2026-03-07T11:14:08.061834+00:00', NULL, 0, 0, 'USD', 0, 1, '265554938R', 'DACİA', 'SANDERO', 0, 40, FALSE, NULL, FALSE, 0, 0, 'TRY', NULL),
('7c218831-3032-4fec-9b0c-ae82843564b0', 'ARTPAR-STP-RNEXP00205R', 'STOP EXPRESS 2020-> SOL', 'ARTPAR', 'STOP', '', 'https://cdn.artpar.com/products_1772882438244-265552205r.webp', 58.478, 100, 'adet', TRUE, '2026-03-07T11:20:41.470429+00:00', NULL, 50, 50, 'USD', 0, 4, '265552205R', 'RENAULT', 'EXPRESS', 41.77, 40, FALSE, NULL, FALSE, 0, 0, 'TRY', NULL),
('5f67090c-357a-4e97-b844-ffdf230b0098', 'ARTPAR-STP-RNEXP00482R', 'STOP EXPRESS 2020-> SAĞ', 'ARTPAR', 'STOP', '', 'https://cdn.artpar.com/products_1772882590839-265504482r.webp', 58.478, 100, 'adet', TRUE, '2026-03-07T11:23:12.835807+00:00', NULL, 50, 50, 'USD', 0, 1, '265504482R', 'RENAULT', 'EXPRESS', 41.77, 40, FALSE, NULL, FALSE, 0, 0, 'TRY', NULL),
('50c2c5d6-f2dd-4176-810f-478877c12cb5', 'ARTPAR-FR-DCDU725R', 'DACIA DUSTER 2024 - 2025 ÖN FAR SAĞ FULL LED', 'ARTPAR', 'FAR', '', 'https://pub-56f4ab060d934f85a7d1fec80dd03ee2.r2.dev/products_1775490740640-260107725r.webp', 461.538, 5, 'adet', TRUE, '2026-04-06T15:52:23.253582+00:00', NULL, 5, 0, 'USD', 0, 1, '260107725R', 'DACIA', 'DUSTER III', 329.67, 40, FALSE, 'ZENON OTOMOTİV', FALSE, 0, 0, 'TRY', NULL),
('2e708fe4-c72d-4d8b-870e-cc62ef78ddfc', 'ARTPAR-LED-PE208-480', 'GÜNDÜZ LEDİ PEUGEOT 208-2008 SOL', 'ARTPAR', 'GÜNDÜZ LED', '', 'https://pub-56f4ab060d934f85a7d1fec80dd03ee2.r2.dev/products_1775595769620-9824241480.webp', 46.13, 10, 'adet', TRUE, '2026-04-07T21:02:57.442132+00:00', NULL, 10, 0, 'USD', 0, 1, '9824241480', 'PEUGEOT', '', 32.95, 40, FALSE, 'ZENON OTOMOTİV', FALSE, 0, 0, 'TRY', NULL),
('96c02170-375a-42cd-b9b0-c59c6b34d391', 'ARTPAR-FR-FDFC0029RB', 'FAR FOCUS 12-14 MOTORLU SİYAH AMPULLÜ SAĞ', 'ARTPAR', 'FAR', '', 'https://cdn.artpar.com/products_migrated-1772832503088-96c02170-375a-42cd-b9b0-c59c6b34d391.webp', 65.632, 0, 'adet', TRUE, '2026-03-06T19:14:03.979862+00:00', NULL, 0, 0, 'USD', 0, 1, 'BM51-13W029-RB', 'FORD', 'FOCUS', 46.88, 40, FALSE, NULL, FALSE, 0, 0, 'TRY', NULL),
('0bec0269-8d8f-4b13-ab3d-c59b00e32b83', 'ARTPAR-FR-DCSN00923R', 'FAR DACIA SANDERO/STEPWAY II 2012/LOCAN II 12 SAĞ', 'ARTPAR', 'FAR', '', 'https://cdn.artpar.com/products_1772904773998-260107923r.webp', 33.586, 50, 'adet', TRUE, '2026-03-07T17:32:55.919347+00:00', NULL, 50, 0, 'USD', 0, 1, '260107923R', 'RENAULT', 'SANDERO', 23.99, 40, FALSE, '', FALSE, 0, 0, 'TRY', NULL),
('62199999-13f8-4278-9141-305d323ad0df', 'ARTPAR-FR-DCSN00236R', 'FAR DACIA SANDERO/STEPWAY II 2012/LOCAN II 12 SOL', 'ARTPAR', 'FAR', '', 'https://cdn.artpar.com/products_1772904691401-260601236r.webp', 33.586, 50, 'adet', TRUE, '2026-03-07T17:31:33.380091+00:00', NULL, 50, 0, 'USD', 0, 1, '260601236R', 'DACİA', 'SANDERO', 23.99, 40, FALSE, '', FALSE, 0, 0, 'TRY', NULL),
('7c1b026c-9c65-463a-854e-31ffd3cb76df', 'ARTPAR-STP-FIPL00548', 'STOP FIAT PALIO WEEKEND SAĞ  2002 SONRASI', 'ARTPAR', 'STOP', '', 'https://pub-56f4ab060d934f85a7d1fec80dd03ee2.r2.dev/products_1775506116341-46840548.webp', 34.608, 5, 'adet', TRUE, '2026-04-06T20:08:38.812246+00:00', NULL, 5, 0, 'USD', 0, 1, '46840548', 'FIAT', 'PALIO', 24.72, 40, FALSE, 'ZENON OTOMOTİV', FALSE, 0, 0, 'TRY', NULL),
('0904bb5b-01cd-41e6-9477-cae5a539d371', 'ARTPAR-FR-RNTL000439R', 'FAR RENAULT TALİANT 22-> LEDLİ MOTORLU SOL', 'ARTPAR', 'FAR', '', 'https://cdn.artpar.com/products_1774393590704-ads-z-tasar-m--9-.webp', 162.106, 50, 'adet', TRUE, '2026-03-24T23:05:40.736565+00:00', NULL, 25, 25, 'USD', 10, 1, '260604439R', 'RENAULT', 'TALİANT', 115.79, 40, TRUE, 'KOREA OTOMOTİV', FALSE, 0, 0, 'TRY', NULL)
ON CONFLICT DO NOTHING;

INSERT INTO public."products" ("id", "code", "name", "brand", "category", "description", "image_url", "list_price", "stock_quantity", "unit", "is_active", "created_at", "product_number", "stock_merkez", "stock_depo", "currency", "discount_rate", "box_quantity", "oem_no", "car_brand", "car_model", "cost_price", "profit_margin", "is_campaign", "supplier_brand", "is_fixed_price", "cart_discount_rate", "fixed_price_value", "fixed_price_currency", "fixed_usd_rate") VALUES
('c6147922-0ac0-42a1-8b8e-b296db02f709', 'ARTPAR-STP-TYHI-0K270', 'STOP TOYOTA HILUX REVO 2015 - 2021 SOL', 'ARTPAR', 'STOP', '', 'https://pub-56f4ab060d934f85a7d1fec80dd03ee2.r2.dev/products_1775915378935-81550-0k270.webp', 24.388, 25, 'adet', TRUE, '2026-04-11T13:49:41.440377+00:00', NULL, 0, 25, 'USD', 0, 1, '81550-0K270 / 81560-0K271', 'TOYOTA', 'HILUX', 17.42, 40, FALSE, 'KOREA OTOMOTİV', FALSE, 0, 0, 'TRY', NULL),
('c3115d6f-cf49-4800-a08e-b87f29b4e921', 'ARTPAR-FR-FDFI0030AG', 'FAR FIESTA 13-17 MOTORLU SİYAH AMPULLÜ SOL', 'ARTPAR', 'FAR', '', 'https://cdn.artpar.com/products_migrated-1772832508204-c3115d6f-cf49-4800-a08e-b87f29b4e921.webp', 77.84, 99, 'adet', TRUE, '2026-03-06T19:25:16.771682+00:00', NULL, 50, 49, 'USD', 0, 1, 'C1BB-13W030-AG', 'FORD', 'FOCUS', 55.6, 40, FALSE, NULL, FALSE, 0, 0, 'TRY', NULL),
('3f3184a7-2d9b-450b-951d-c2c967e10d1d', 'ARTPAR-PANJ-056', 'FIAT EGEA CROSS YENİ TİP NİKELAJSIZ ARMALI', 'ARTPAR', 'PANJUR', '', 'https://pub-56f4ab060d934f85a7d1fec80dd03ee2.r2.dev/products_1775491206936-735754056.webp', 17.108, 10, 'adet', TRUE, '2026-04-06T16:00:11.706873+00:00', NULL, 10, 0, 'USD', 0, 1, '735754056', 'FIAT', 'EGEA CROSS', 12.22, 40, FALSE, 'ZENON OTOMOTİV', FALSE, 0, 0, 'TRY', NULL),
('9a5f10e3-dfb6-4bce-8c45-0fd37871cec5', 'ARTPAR-FR-TYCR-02T31L', 'FAR TOYOTA COROLLA 2019-2023 LEDLİ ELEKTRİKLİ MOTORSUZ SOL', 'CASP', 'FAR', '', 'https://cdn.artpar.com/products_1774460294787-81170-02t31.webp', 105, 50, 'adet', TRUE, '2026-03-25T17:38:17.523998+00:00', NULL, 0, 50, 'USD', 0, 1, '81170-02T31', 'TOYOTA', 'COROLLA', 75, 40, FALSE, 'KOREA OTOMOTİV', FALSE, 0, 0, 'TRY', NULL),
('9a4f3583-9b49-433e-afa0-c9a38b3d4572', 'ARTPAR-LED-PE208-180', 'GÜNDÜZ LEDİ PEUGEOT 208 MAKYAJLI KASA SOL 2024 SONRASI', 'ARTPAR', 'GÜNDÜZ LED', '', 'https://pub-56f4ab060d934f85a7d1fec80dd03ee2.r2.dev/products_1775596142177-9851053980.webp', 109.83, 20, 'adet', TRUE, '2026-04-07T21:09:04.248438+00:00', NULL, 20, 0, 'USD', 0, 1, '9851054180', 'PEUGEOT', '', 78.45, 40, FALSE, 'ZENON OTOMOTİV', FALSE, 0, 0, 'TRY', NULL),
('9e0fc8c1-1d40-4737-826e-983c96076278', 'ARTPAR-FR-VWJT00752E', 'FAR JETTA 15-> MERCEKLİ XENON-D5S AMPUL SAĞ', 'ARTPAR', 'FAR', '', 'https://cdn.artpar.com/products_migrated-1772832517142-9e0fc8c1-1d40-4737-826e-983c96076278.webp', 198.37999999999997, 50, 'adet', TRUE, '2026-03-06T19:51:29.388619+00:00', NULL, 0, 50, 'USD', 0, 1, '5C7941752E', 'VOLKSWAGEN', 'JETTA', 141.7, 40, FALSE, NULL, FALSE, 0, 0, 'TRY', NULL),
('bad4fb13-fe05-43d9-90ca-3137d20e02c6', 'ARTPAR-FR-VWPS00753', 'FAR PASSAT B7L 11-15 XENON MOTORLU SOL', 'ARTPAR', 'FAR', '', 'https://cdn.artpar.com/products_migrated-1772832518116-bad4fb13-fe05-43d9-90ca-3137d20e02c6.webp', 191.37999999999997, 0, 'adet', TRUE, '2026-03-06T19:52:51.072986+00:00', NULL, 0, 0, 'USD', 0, 1, '3AB941753', 'VOLKSWAGEN', 'PASSAT B7', 136.7, 40, FALSE, NULL, FALSE, 0, 0, 'TRY', NULL),
('a7077f8c-7cd0-48f6-b5bc-4839b27b4ec9', 'ARTPAR-FR-DCSN00809R', 'FAR İÇİ SİYAH DACIA SANDERO JOGGER III SOL 2023 SONRASI', 'ARTPAR', 'FAR', '', 'https://pub-56f4ab060d934f85a7d1fec80dd03ee2.r2.dev/products_1775507009152-260602809r.webp', 161.53199999999998, 5, 'adet', TRUE, '2026-04-06T20:23:37.495955+00:00', NULL, 5, 0, 'USD', 0, 1, '260602809R', 'DACIA', '', 115.38, 40, FALSE, 'ZENON OTOMOTİV', FALSE, 0, 0, 'TRY', NULL),
('c299b564-c2e7-4810-8d5f-b5de3506e5fc', 'ARTPAR-BYN-RNMG400299R', 'RENAULT MEGANE 4 LED FAR BEYNİ SAĞ', 'İTHAL', 'FAR BEYİN', '', 'https://pub-56f4ab060d934f85a7d1fec80dd03ee2.r2.dev/products_1776020832560-285753299r.webp', 30.351999999999997, 10, 'adet', TRUE, '2026-04-12T19:07:18.633324+00:00', NULL, 10, 0, 'USD', 0, 1, '285753299R', 'RENAULT', 'MEGANE 4', 21.68, 40, FALSE, 'OTO İSMAİL', FALSE, 0, 0, 'TRY', NULL),
('2ff70e25-5362-4d2a-938a-6baccc80cff3', 'ARTPAR-FR-VWPS00754', 'FAR PASSAT B7L 11-15 XENON MOTORLU SAĞ', 'ARTPAR', 'FAR', '', 'https://cdn.artpar.com/products_migrated-1772832518988-2ff70e25-5362-4d2a-938a-6baccc80cff3.webp', 191.37999999999997, 0, 'adet', TRUE, '2026-03-06T19:53:59.274026+00:00', NULL, 0, 0, 'USD', 0, 1, '3AB941754', 'VOLKSWAGEN', 'PASSAT B7', 136.7, 40, FALSE, NULL, FALSE, 0, 0, 'TRY', NULL),
('207f77d4-3f97-48fc-998a-ffb1f187d31b', 'ARTPAR-FR-VWGL0005D', 'FAR GOLF 7.5 HALOGENLİ SOL', 'ARTPAR', 'FAR', '', 'https://cdn.artpar.com/products_migrated-1772832519939-207f77d4-3f97-48fc-998a-ffb1f187d31b.webp', 82.93599999999999, 50, 'adet', TRUE, '2026-03-06T20:07:50.183581+00:00', NULL, 50, 0, 'USD', 0, 1, '5G1941005D', 'VOLKSWAGEN', 'GOLF 7.5', 59.24, 40, FALSE, NULL, FALSE, 0, 0, 'TRY', NULL),
('df706770-425e-4e9e-9f7f-df9fbfb86de4', 'ARTPAR-FR-VWGLF006D', 'FAR GOLF 7.5 HALOGENLİ SAĞ', 'ARTPAR', 'FAR', '', 'https://cdn.artpar.com/products_migrated-1772832520808-df706770-425e-4e9e-9f7f-df9fbfb86de4.webp', 82.93599999999999, 50, 'adet', TRUE, '2026-03-06T20:08:49.990371+00:00', NULL, 50, 0, 'USD', 0, 1, '5G1941006D', 'VOLKSWAGEN', 'GOLF 7.5', 59.24, 40, FALSE, NULL, FALSE, 0, 0, 'TRY', NULL),
('29ba7d3a-8d55-4bb3-8d0a-263e421a7a16', 'ARTPAR-BYN-RNMG00976R', 'FAR BEYNİ MEGANE 4 - TALİSMAN - KADJAR SAĞ - SOL', 'İTHAL', 'FAR BEYİN', '', 'https://pub-56f4ab060d934f85a7d1fec80dd03ee2.r2.dev/products_1776100562509-pphz1inm9eplehnunz86or7fozhxpk1bqywozosw-21706.webp', 38.934, 15, 'adet', TRUE, '2026-04-13T17:16:29.670475+00:00', NULL, 15, 0, 'USD', 0, 1, '260559976R', 'RENAULT', '', 27.81, 40, FALSE, 'OTO İSMAİL', FALSE, 0, 0, 'TRY', NULL),
('b986c72f-5f59-4265-a4fc-9d8339f5df73', 'ARTPAR-STP-DCDUX0679R', 'STOP DUSTER 2015 SOL', 'ARTPAR', 'STOP', '', 'https://cdn.artpar.com/products_1772881821368-265506837r.webp', 21.63, 50, 'adet', TRUE, '2026-03-07T11:10:24.321495+00:00', NULL, 50, 0, 'USD', 0, 1, '265551679R', 'DACİA', 'DUSTER', 15.45, 40, FALSE, '', FALSE, 0, 0, 'TRY', NULL),
('1ae72465-54dd-4d89-a296-f0782415869f', 'ARTPAR-FR-VWGLF60005J', 'FAR GOLF 6 09-13 H7 AMPUL MOTORLU SOL', 'ARTPAR', 'VOLKSWAGEN', '', 'https://cdn.artpar.com/products_migrated-1772832442066-1ae72465-54dd-4d89-a296-f0782415869f.webp', 62.328, 49, 'adet', TRUE, '2026-03-06T11:38:25.479921+00:00', NULL, 0, 49, 'USD', 0, 1, '5K1941005J', 'VOLKSWAGEN', 'GOLF6', 44.52, 40, FALSE, NULL, FALSE, 0, 0, 'TRY', NULL),
('e3f574b7-75e6-40b5-b9e5-416e2b30ed29', 'ARTPAR-PANJ-391R', 'PANJUR KOMPLE ARMALI DACIA SANDERO III ', 'ARTPAR', 'PANJUR', '', 'https://pub-56f4ab060d934f85a7d1fec80dd03ee2.r2.dev/products_1775507808497-622545391r.webp', 65.29599999999999, 10, 'adet', TRUE, '2026-04-06T20:36:50.320528+00:00', NULL, 10, 0, 'USD', 0, 1, '622545391R', 'DACIA', 'SANDERO', 46.64, 40, FALSE, 'ZENON OTOMOTİV', FALSE, 0, 0, 'TRY', NULL),
('56109249-5451-4095-b1bf-6e3a9f154f81', 'ARTPAR-STP-HYAC-1E030R', 'HYUNDAI ACCENT ERA 2006 - 2012 STOP SAĞ', 'ARTPAR', 'STOP', '', 'https://cdn.artpar.com/products/1776286353498-110000815811925.webp', 23.198, 20, 'adet', TRUE, '2026-04-15T20:52:35.74052+00:00', NULL, 0, 20, 'USD', 0, 1, '92402-1E030', 'HYUNDAI', 'ACCENT ERA', 16.57, 40, FALSE, 'KOREA OTOMOTİV', FALSE, 0, 0, 'TRY', NULL),
('d166cc6c-8c9b-49fa-97b0-8ce299c91a7f', 'ARTPAR-SİS-RNMG200008', 'LAMBA SİS CAMLI VE AMPÜLLÜ  MEGANE II/FORD/PEUGEOT SAĞ/SOL', 'ARTPAR', 'RENAULT', '', 'https://cdn.artpar.com/products_migrated-1772832539526-d166cc6c-8c9b-49fa-97b0-8ce299c91a7f.webp', 2.9259999999999997, 1000, 'adet', TRUE, '2026-03-06T11:12:22.864967+00:00', NULL, 0, 1000, 'USD', 0, 50, '8200074008', 'RENAULT', 'MEGANE', 2.09, 40, FALSE, 'KOREA OTOMOTİV', FALSE, 0, 0, 'TRY', NULL),
('169ae32b-2517-403f-9696-6ef9c16a14e5', 'ARTPAR-STP-VWPL0093B', 'STOP POLO 20-23 İÇ SOL LEDLİ', 'ARTPAR', 'STOP', '', 'https://cdn.artpar.com/products_1772878359114-2g0945093b.webp', 41.132, 50, 'adet', TRUE, '2026-03-07T10:11:35.488468+00:00', NULL, 0, 50, 'USD', 0, 1, '2G0945093B', 'VOLKSWAGEN', 'POLO', 29.38, 40, FALSE, NULL, FALSE, 0, 0, 'TRY', NULL),
('2f52997f-93a7-461f-8c2e-070c9bc3daec', 'ARTPAR-STP-TYCR-02C40L', 'STOP TOYOTA COROLLA 2019-2021 İÇ LEDLİ SOL', 'ARTPAR', 'STOP', '', 'https://cdn.artpar.com/products_1774457319792-81591-02c40.webp', 63.67199999999999, 0, 'adet', TRUE, '2026-03-25T16:48:47.609677+00:00', NULL, 0, 0, 'USD', 0, 1, '81591-02C40', 'TOYOTA', 'COROLLA', 45.48, 40, FALSE, 'KOREA OTOMOTİV', FALSE, 0, 0, 'TRY', NULL),
('930e0f13-77d2-482c-9c1f-31d6ce5d0efd', ' ARTPAR-FR-VWCDY0039', 'FAR CADDY 15-20 XENONLU BEYİNLİ MOTORLU SOL', 'ARTPAR', 'FAR', '', 'https://cdn.artpar.com/products_migrated-1772833173767-930e0f13-77d2-482c-9c1f-31d6ce5d0efd.webp', 219.492, 100, 'adet', TRUE, '2026-03-06T21:27:08.527824+00:00', NULL, 50, 50, 'USD', 0, 1, '2K1941039', 'VOLKSWAGEN', 'CADDY', 156.78, 40, FALSE, NULL, FALSE, 0, 0, 'TRY', NULL),
('51d65a82-f877-4e60-aa3b-469169dcb0da', 'ARTPAR-FR-VWCDY0040', 'FAR CADDY 2015-2020 XENONLU BEYİNLİ MOTORLU SAĞ', 'ARTPAR', 'FAR', '', 'https://cdn.artpar.com/products_migrated-1772833175774-51d65a82-f877-4e60-aa3b-469169dcb0da.webp', 219.492, 100, 'adet', TRUE, '2026-03-06T21:28:05.212406+00:00', NULL, 50, 50, 'USD', 0, 1, '2K1941040', 'VOLKSWAGEN', 'CADDY', 156.78, 40, FALSE, NULL, FALSE, 0, 0, 'TRY', NULL),
('d24fb2e0-bc05-4bee-a9c7-662e13946acb', 'ARTPAR-FR-VWPL00006B', 'POLO 14-17 FAR MOTORLU SAĞ', 'ARTPAR', 'FAR', '', 'https://cdn.artpar.com/products_migrated-1772833180086-d24fb2e0-bc05-4bee-a9c7-662e13946acb.webp', 68.628, 100, 'adet', TRUE, '2026-03-06T21:31:50.390262+00:00', NULL, 50, 50, 'USD', 0, 1, '6C1941006B', 'VOLKSWAGEN', 'POLO', 49.02, 40, FALSE, NULL, FALSE, 0, 0, 'TRY', NULL),
('ecf046c2-b38a-4cee-844e-ce2df7e308f8', 'ARTPAR-PANJ-064R', 'PANJUR (KROM) RENAULT CLIO 5.5 (MAKYAJLI KASA) 2020 SONRASI', 'ARTPAR', 'PANJUR', '', 'https://pub-56f4ab060d934f85a7d1fec80dd03ee2.r2.dev/products_1775508159029-622565064r.webp', 48.034, 20, 'adet', TRUE, '2026-04-06T20:42:41.051672+00:00', NULL, 20, 0, 'USD', 0, 1, '622565064R', 'RENAULT', 'CLIO 5.5', 34.31, 40, FALSE, 'ZENON OTOMOTİV', FALSE, 0, 0, 'TRY', NULL),
('9fab13fd-d60b-47ff-8d0e-352c89fb1d76', 'UNI 20FDTC00B', 'KLİMA RADYATÖRÜ FORD CONNECT 2002-2014 1.8TDCI 75-90-110PS', 'UNİCORE', 'KLİMA RADYATÖRÜ', '', 'https://cdn.artpar.com/products_1774891711162-020abc040u.webp', 43.12, 5, 'adet', TRUE, '2026-03-30T13:42:44.579389+00:00', NULL, 5, 0, 'USD', 0, 1, '2TH197Q0AC - 4488406 - 2T1H19710AB', 'FORD', '', 30.8, 40, FALSE, 'İKLİM OTOMOTİV', FALSE, 0, 0, 'TRY', NULL),
('ffcfb506-dc64-42e9-86e8-4aff0c5484e4', 'ARTPAR-FR-MBSP000000', 'FAR SPRİNTER 19-20 W907/W910 SOL', 'ARTPAR', 'FAR', '', 'https://cdn.artpar.com/products_migrated-1772832481345-ffcfb506-dc64-42e9-86e8-4aff0c5484e4.webp', 97.622, 50, 'adet', TRUE, '2026-03-06T17:53:12.905067+00:00', NULL, 0, 50, 'USD', 0, 1, '9109060000', 'MERCEDES', 'SPRİNTER W910', 69.73, 40, FALSE, 'KOREA OTOMOTİV', FALSE, 0, 0, 'TRY', NULL),
('1d75c01a-3aec-49fb-aa9a-e87d63f20230', 'ARTPAR-STP-VWCR0096H', 'STOP CRAFTER 2018 SONRASI SAĞ', 'ARTPAR', 'STOP', '', 'https://cdn.artpar.com/products_migrated-1772832485920-1d75c01a-3aec-49fb-aa9a-e87d63f20230.webp', 46.56399999999999, 50, 'adet', TRUE, '2026-03-06T18:09:09.314075+00:00', NULL, 0, 50, 'USD', 0, 1, '7C0945096H', 'VOLKSWAGEN', 'CRAFTER', 33.26, 40, FALSE, NULL, FALSE, 0, 0, 'TRY', NULL),
('ee1ed5eb-66ab-4d7b-882a-40f8da33f390', 'ARTPAR-STP-MBVT000064', 'STOP VİTO 15-20 SOL', 'ARTPAR', 'STOP', '', 'https://cdn.artpar.com/products_migrated-1772832492023-ee1ed5eb-66ab-4d7b-882a-40f8da33f390.webp', 34.51, 50, 'adet', TRUE, '2026-03-06T18:40:40.865056+00:00', NULL, 0, 50, 'USD', 0, 1, '4478200064', 'MERCEDES', 'VİTO', 24.65, 40, FALSE, NULL, FALSE, 0, 0, 'TRY', NULL),
('59e70c8f-2b50-4e11-ba79-1cf9ec7c6378', 'ARTPAR-SİS-RNMG00122R', 'LAMBA SİS CLİO 5/MEGANE 4 23->/TALISMAN LEDLİ SAĞ', 'ARTPAR', 'SİS', '', 'https://cdn.artpar.com/products_1772881642688-261550862r.webp', 16.128, 100, 'adet', TRUE, '2026-03-07T11:07:24.631853+00:00', NULL, 100, 0, 'USD', 0, 50, '261504122R', 'RENAULT', 'MEGANE4 / CLİO5 / TALİSMAN', 11.52, 40, FALSE, NULL, FALSE, 0, 0, 'TRY', NULL),
('3377c78e-9f8f-43fc-b242-772402cd2bea', 'ARTPAR-FR-RNSY00223R', 'SYMBOL 2014 FAR  SAG LEDSİZ', 'ARTPAR', 'FAR', '', 'https://cdn.artpar.com/products_1772904867390-260607796r.webp', 0, 0, 'adet', TRUE, '2026-03-07T17:34:29.065318+00:00', NULL, 0, 0, 'USD', 0, 1, '260106223R', 'RENAULT', 'SYMBOL', 0, 40, FALSE, NULL, FALSE, 0, 0, 'TRY', NULL),
('08a87276-a8ba-4af1-90b2-8ac50aa5e7e9', 'ARTPAR-FR-TYCR-02T30R', 'FAR TOYOTA COROLLA 2019-2023 LEDLİ ELEKTRİKLİ MOTORSUZ SAĞ', 'CASP', 'FAR', '', 'https://cdn.artpar.com/products_1774460360885-81170-02t31.webp', 105, 50, 'adet', TRUE, '2026-03-25T17:39:23.231683+00:00', NULL, 0, 50, 'USD', 0, 1, '81130-02T30', 'TOYOTA', 'COROLLA', 75, 40, FALSE, 'KOREA OTOMOTİV', FALSE, 0, 0, 'TRY', NULL),
('74e1bdbb-1dc6-42e0-bd7c-b159b0994ef3', 'ARTPAR-FR-RNCL400421R', 'FAR RENAULT CLİO 4 MAKYAJLI SİYAH SAĞ', 'ARTPAR', 'FAR', '', 'https://cdn.artpar.com/products_1774222968312-260103421r.webp', 70.40599999999999, 50, 'adet', TRUE, '2026-03-22T23:42:50.404712+00:00', NULL, 50, 0, 'USD', 0, 1, '260103421R', 'RENAULT', 'CLİO 4', 50.29, 40, FALSE, '', FALSE, 0, 0, 'TRY', NULL),
('a3e56735-578b-4564-b760-389b13578987', 'ARTPAR-FR-RNCL5933R', 'RENAULT CLIO 5 ICON FAR SAĞ', 'ARTPAR', 'FAR', '', 'https://pub-56f4ab060d934f85a7d1fec80dd03ee2.r2.dev/products_1775491736201-260107933r.webp', 164.822, 3, 'adet', TRUE, '2026-04-06T16:09:00.024205+00:00', NULL, 3, 0, 'USD', 0, 1, '260107933R', 'RENAULT', 'CLIO 5', 117.73, 40, FALSE, 'ZENON OTOMOTİV', FALSE, 0, 0, 'TRY', NULL),
('9fd63cce-15ac-41d3-8548-66061ceb141a', 'ARTPAR-STP-VWGL0095', 'STOP GOLF 8 20-23 DIŞ SOL LEDLİ', 'ARTPAR', 'STOP', '', 'https://cdn.artpar.com/products_1772878588318-5h0945095.webp', 43.708, 50, 'adet', TRUE, '2026-03-07T10:16:30.693999+00:00', NULL, 0, 50, 'USD', 0, 1, '5H0945095', 'VOLKSWAGEN', 'GOLF', 31.22, 40, FALSE, NULL, FALSE, 0, 0, 'TRY', NULL),
('2d44dc1d-f11f-4889-be88-4c76ab5b245e', 'ARTPAR-FR-FDFC0030AEB', 'FAR FOCUS 15-18 BEYAZ MOTORLU AMPULLÜ SOL', 'ARTPAR', 'FAR', '', 'https://cdn.artpar.com/products_migrated-1772832504050-2d44dc1d-f11f-4889-be88-4c76ab5b245e.webp', 78.45599999999999, 0, 'adet', TRUE, '2026-03-06T19:18:41.945566+00:00', NULL, 0, 0, 'USD', 0, 1, ' F1EB-13W030-AEB', 'FORD', 'FOCUS', 56.04, 40, FALSE, NULL, FALSE, 0, 0, 'TRY', NULL),
('7a1c0e50-0680-4a55-a939-3fadd1b761eb', 'ARTPAR-FR-FDFC0029AEB', 'FAR FOCUS 15-18 BEYAZ MOTORLU AMPULLÜ SAĞ', 'ARTPAR', 'FAR', '', 'https://cdn.artpar.com/products_migrated-1772832505004-7a1c0e50-0680-4a55-a939-3fadd1b761eb.webp', 78.45599999999999, 0, 'adet', TRUE, '2026-03-06T19:19:27.787269+00:00', NULL, 0, 0, 'USD', 0, 1, ' F1EB-13W029-AEB', 'FORD', 'FOCUS', 56.04, 40, FALSE, NULL, FALSE, 0, 0, 'TRY', NULL),
('758c5178-14a0-4950-9c00-cd45f00f5c26', 'ARTPAR-FR-FDFC0030PD', 'FAR FOCUS 15-18 SİYAH MOTORLU AMPULLÜ SOL', 'ARTPAR', 'FAR', '', 'https://cdn.artpar.com/products_migrated-1772832505992-758c5178-14a0-4950-9c00-cd45f00f5c26.webp', 73.556, 0, 'adet', TRUE, '2026-03-06T19:22:27.0594+00:00', NULL, 0, 0, 'USD', 0, 1, 'F1EB-13W030-PD', 'FORD', 'FOCUS', 52.54, 40, FALSE, NULL, FALSE, 0, 0, 'TRY', NULL),
('9a3ab001-7971-4635-8508-cfa6932dfa14', 'ARTPAR-IC-CZD110K', '1.4 TSI CZD MOTOR ATEŞLEME BOBİNİ TAKIM', 'ORİJİNAL', 'ATEŞLEME BOBİNİ', '', 'https://cdn.artpar.com/products_1773578082613-04e905110k.webp', 158.718, 80, 'adet', TRUE, '2026-03-15T12:34:47.713762+00:00', NULL, 80, 0, 'USD', 0, 1, '04E905110K', 'VOLKSWAGEN', '', 113.37, 40, FALSE, NULL, FALSE, 0, 0, 'TRY', NULL),
('d4e36ef4-4d3b-44b0-b77b-f4f47a62709d', 'ARTPAR-STP-BMW000425', 'STOP BMW E90LCI 08-10 SOL', 'ARTPAR', 'STOP', '', 'https://cdn.artpar.com/products_migrated-1772832475962-d4e36ef4-4d3b-44b0-b77b-f4f47a62709d.webp', 63.06999999999999, 1, 'adet', TRUE, '2026-03-06T17:34:56.973724+00:00', NULL, 0, 1, 'USD', 0, 1, '63217289425', 'BMW', 'E90LCI', 45.05, 40, FALSE, '', FALSE, 0, 0, 'TRY', NULL),
('38be730f-a8ac-44d1-82a3-04655fd3e90b', 'ARTPAR-FR-AUA30044', 'FAR AUDİ A3 13-16 XENON MOTORLU ÇİFT BEYİNLİ SAĞ', 'ARTPAR', 'FAR', '', 'https://cdn.artpar.com/products_migrated-1772832522632-38be730f-a8ac-44d1-82a3-04655fd3e90b.webp', 119.952, 50, 'adet', TRUE, '2026-03-06T20:26:15.46336+00:00', NULL, 0, 50, 'USD', 0, 1, '8V0941044', 'AUDİ', 'A3', 85.68, 40, FALSE, NULL, FALSE, 0, 0, 'TRY', NULL),
('28a7e7f3-66f5-4e62-850f-53cbf5d3042a', 'KALE 342825', 'KLİMA RADYATÖRÜ RENAULT LAGUNA I 1.6 16V / 1.8 16V / 1.9DTI', 'KALE', 'KLİMA RADYATÖRÜ', '', 'https://pub-56f4ab060d934f85a7d1fec80dd03ee2.r2.dev/products_1774989093431-342825.webp', 56, 5, 'adet', TRUE, '2026-03-31T20:31:36.016119+00:00', NULL, 5, 0, 'USD', 0, 1, '7701045346', 'RENAULT', '', 40, 40, FALSE, 'İKLİM OTOMOTİV', FALSE, 0, 0, 'TRY', NULL),
('86512552-7ce5-4a1d-97db-49fcee54e8c4', 'ARTPAR-SİS-VWJT00699', 'LAMBA SİS CADDY/JETTA 04-10 AMPULLU SOL', 'ARTPAR', 'SİS', '', 'https://cdn.artpar.com/products_1772879459171-1t0941700.webp', 7.867999999999999, 100, 'adet', TRUE, '2026-03-07T10:31:01.415097+00:00', NULL, 100, 0, 'USD', 0, 50, '1T0941699', 'VOLKSWAGEN', 'JETTA / CADDY', 5.62, 40, FALSE, NULL, FALSE, 0, 0, 'TRY', NULL),
('c09fd525-d51a-432f-980b-81e249413460', 'ARTPAR-FR-HYAC1E089', 'FAR ACCENT ERA 09-12 ELEKTRİKLİ BEYAZ SAĞ', 'ARTPAR', 'FAR', '', 'https://cdn.artpar.com/products_1772931975458-92102-1e089.webp', 35.868, 30, 'adet', TRUE, '2026-03-08T01:06:18.487693+00:00', NULL, 0, 30, 'USD', 0, 1, '92102-1E089', 'HYUNDAİ', 'ACCENT ERA', 25.62, 40, FALSE, 'KOREA OTOMOTİV', FALSE, 0, 0, 'TRY', NULL),
('3a88a90e-7657-48c6-81a1-7e2e2bcb4553', 'ARTPAR-FR-STLN0006', 'FAR LEON 2012-2016 MOTORLU LEDSİZ SAĞ', 'ARTPAR', 'FAR', '', 'https://cdn.artpar.com/products_migrated-1772832526712-3a88a90e-7657-48c6-81a1-7e2e2bcb4553.webp', 103.99199999999999, 99, 'adet', TRUE, '2026-03-06T20:32:05.962419+00:00', NULL, 50, 49, 'USD', 0, 1, '5F1941006', 'SEAT', 'LEON', 74.28, 40, FALSE, 'KOREA OTOMOTİV', FALSE, 0, 0, 'TRY', NULL),
('f1088930-a06f-4a08-8875-e8e7c6402d91', 'ARTPAR-FR-STLN0005', 'FAR LEON 2012 - 2016 MOTORLU LEDSİZ SOL', 'ARTPAR', 'FAR', '', 'https://cdn.artpar.com/products_migrated-1772832525634-f1088930-a06f-4a08-8875-e8e7c6402d91.webp', 103.99199999999999, 99, 'adet', TRUE, '2026-03-06T20:30:53.435538+00:00', NULL, 49, 50, 'USD', 0, 1, '5F1941005', 'SEAT', 'LEON', 74.28, 40, FALSE, 'KOREA OTOMOTİV', FALSE, 0, 0, 'TRY', NULL),
('b9938064-7a3c-4ff4-a241-a4b57831afbe', 'ARTPAR-FR-RNEXP00331R', 'FAR EXPRESS 2023 LEDLİ MOTORLU SOL ', 'ARTPAR', 'FAR', '', 'https://cdn.artpar.com/products_1772905871608-260600331r.webp', 117.08199999999998, 60, 'adet', TRUE, '2026-03-07T17:51:13.778053+00:00', NULL, 10, 50, 'USD', 0, 1, '260600331R', 'RENAULT', 'EXPRESS', 83.63, 40, FALSE, NULL, FALSE, 0, 0, 'TRY', NULL),
('5e9ac446-ef47-4ccb-9d7e-a5f4984651d7', 'ARTPAR-FR-VWPS0005A', 'FAR PASSAT B8 16-19 MOTORLU SOL', 'ARTPAR', 'FAR', '', 'https://cdn.artpar.com/products_migrated-1772832527700-5e9ac446-ef47-4ccb-9d7e-a5f4984651d7.webp', 77.91, 5, 'adet', TRUE, '2026-03-06T20:34:39.20412+00:00', NULL, 0, 5, 'USD', 0, 1, '3G1941005A', 'VOLKSWAGEN', 'PASSAT B8', 55.65, 40, FALSE, NULL, FALSE, 0, 0, 'TRY', NULL),
('50c7020c-9b80-4db7-85e7-d1d3b0eae0ea', 'ARTPAR-FR-VWTP00005B', 'FAR TRANSPORTER T7 20-> MORTORLU SOL', 'ARTPAR', 'FAR', '', 'https://cdn.artpar.com/products_migrated-1772832532584-50c7020c-9b80-4db7-85e7-d1d3b0eae0ea.webp', 82.264, 0, 'adet', TRUE, '2026-03-06T20:48:23.744383+00:00', NULL, 0, 0, 'USD', 0, 1, '7L1941005B', 'VOLKSWAGEN', 'TRANSPORTER T7', 58.76, 40, FALSE, NULL, FALSE, 0, 0, 'TRY', NULL),
('31f2851d-f85d-421b-a3d4-46900e63663f', 'ARTPAR-SİS-FIPL00161', 'SİS FARI FIAT PALIO SAĞ E.M', 'ARTPAR', 'SİS', '', 'https://pub-56f4ab060d934f85a7d1fec80dd03ee2.r2.dev/products_1775507579455-46540161.webp', 18.648, 20, 'adet', TRUE, '2026-04-06T20:33:01.507118+00:00', NULL, 20, 0, 'USD', 0, 1, '46540161', 'FIAT', 'PALIO', 13.32, 40, FALSE, 'ZENON OTOMOTİV', FALSE, 0, 0, 'TRY', NULL),
('c3b55a66-848d-4c35-99a5-e52ecae3efaa', 'ARTPAR-STP-VWMRK0096A', 'AMAROK ARKA STOP SAG DUYLU ', 'ARTPAR', 'STOP', '', 'https://cdn.artpar.com/products_1772838068417-2h1945096a.webp', 0, 0, 'adet', TRUE, '2026-03-06T23:01:10.305445+00:00', NULL, 0, 0, 'USD', 0, 1, ' 2H1945096A', 'VOLKSWAGEN', 'AMAROK', 0, 40, FALSE, NULL, FALSE, 0, 0, 'TRY', NULL),
('38b6ee76-3aa2-4d50-84a5-85e5fa8035a8', 'ARTPAR-FR-CTELY00980', 'FAR C-ELYSEE 13-16 MOTORLU SAĞ', 'ARTPAR', 'FAR', '', 'https://cdn.artpar.com/products_1772906292659-9675139980.webp', 0, 0, 'adet', TRUE, '2026-03-07T17:58:14.815668+00:00', NULL, 0, 0, 'USD', 0, 1, '9675139980', 'CİTROEN', 'C-ELYSEE', 0, 40, FALSE, NULL, FALSE, 0, 0, 'TRY', NULL),
('0a6feacb-71ff-41fc-8580-eb9a8007cccf', 'ARTPAR-STP-MBVT000164', 'STOP VİTO 15-20 SAĞ', 'ARTPAR', 'STOP', '', 'https://cdn.artpar.com/products_migrated-1772832493174-0a6feacb-71ff-41fc-8580-eb9a8007cccf.webp', 34.51, 50, 'adet', TRUE, '2026-03-06T18:41:29.544201+00:00', NULL, 0, 50, 'USD', 0, 1, '4478200164', 'MERCEDES', 'VİTO', 24.65, 40, FALSE, NULL, FALSE, 0, 0, 'TRY', NULL),
('541e089e-e83a-475f-a969-cad4eadcded9', 'ARTPAR-STP-MBVT000664', 'STOP VİTO 447 KAYAR LED SAĞ', 'ARTPAR', 'STOP', '', 'https://cdn.artpar.com/products_migrated-1772832494244-541e089e-e83a-475f-a969-cad4eadcded9.webp', 84.36399999999999, 50, 'adet', TRUE, '2026-03-06T18:43:17.810281+00:00', NULL, 0, 50, 'USD', 0, 1, '4478200664', 'MERCEDES', 'VİTO', 60.26, 40, FALSE, NULL, FALSE, 0, 0, 'TRY', NULL),
('46cc6071-d3c0-40c1-b33d-62427614edd9', 'ARTPAR-STP-MBVT000564', 'STOP VİTO 447 KAYAR LED SOL', 'ARTPAR', 'STOP', '', 'https://cdn.artpar.com/products_migrated-1772832495320-46cc6071-d3c0-40c1-b33d-62427614edd9.webp', 84.36399999999999, 50, 'adet', TRUE, '2026-03-06T18:44:19.628737+00:00', NULL, 0, 50, 'USD', 0, 1, '4478200564', 'MERCEDES', 'VİTO', 60.26, 40, FALSE, NULL, FALSE, 0, 0, 'TRY', NULL),
('684a5ef1-0827-4e1e-93d1-dc0818ab9e82', 'ARTPAR-FR-HYİ30-2L020L', 'FAR HYUNDAİ İ30 2008-2011 SOL MANUEL', 'ARTPAR', 'FAR', '', 'https://cdn.artpar.com/products_1774473796609-92103-2l020.webp', 0, 0, 'adet', TRUE, '2026-03-25T21:23:18.755024+00:00', NULL, 0, 0, 'USD', 0, 1, '92103-2L020', 'HYUNDAİ', 'İ30', 0, 40, FALSE, 'KOREA OTOMOTİV', FALSE, 0, 0, 'TRY', NULL),
('f0d57a03-70a2-4e0c-b2bd-7e29eec4763f', 'ARTPAR-FR-MBSP00000', 'FAR SPRİNTER 19-20 W907/W910 SAĞ', 'ARTPAR', 'FAR', '', 'https://cdn.artpar.com/products_migrated-1772832482726-f0d57a03-70a2-4e0c-b2bd-7e29eec4763f.webp', 97.622, 50, 'adet', TRUE, '2026-03-06T17:53:51.874746+00:00', NULL, 0, 50, 'USD', 0, 1, '9109060100', 'MERCEDES', 'SPRİNTER W910', 69.73, 40, FALSE, 'KOREA OTOMOTİV', FALSE, 0, 0, 'TRY', NULL),
('4f519c73-1951-44f1-98a5-899ade2af8a9', 'ARTPAR-FR-VWCD0005', 'FAR CADDY 15-19 COMFORTLINE SOL', 'ARTPAR', 'FAR', '', 'https://cdn.artpar.com/products_migrated-1772832542300-4f519c73-1951-44f1-98a5-899ade2af8a9.webp', 79.688, 100, 'adet', TRUE, '2026-03-06T21:04:49.359522+00:00', NULL, 50, 50, 'USD', 0, 1, '2K1941005', 'VOLKSWAGEN', 'CADDY', 56.92, 40, FALSE, NULL, FALSE, 0, 0, 'TRY', NULL),
('206384f8-289a-4e74-bcd0-c07af08cc564', 'ARTPAR-STP-DCSN00235R', 'STOP SANDERO 2022 ARKA DUYSUZ SOL', 'ARTPAR', 'STOP', '', 'https://cdn.artpar.com/products_1772882816078-265509530r.webp', 44.785999999999994, 100, 'adet', TRUE, '2026-03-07T11:26:58.38551+00:00', NULL, 50, 50, 'USD', 0, 8, '265558235R', 'DACİA', 'SANDERO', 31.99, 40, FALSE, NULL, FALSE, 0, 0, 'TRY', NULL),
('07dcf7bf-20a8-430f-a23b-097c700a3cf5', 'ARTPAR-STP-DCSN00530R', 'STOP SANDERO 2022 ARKA DUYSUZ SAĞ', 'ARTPAR', 'STOP', '', 'https://cdn.artpar.com/products_1772882942755-265558235r.webp', 44.785999999999994, 100, 'adet', TRUE, '2026-03-07T11:29:04.593758+00:00', NULL, 50, 50, 'USD', 0, 8, '265509530R', 'DACİA', 'SANDERO', 31.99, 40, FALSE, NULL, FALSE, 0, 0, 'TRY', NULL),
('49c78fbb-5138-4077-9244-6afbaeabd8f4', 'ARTPAR-FR-RNSYL00154R', 'FAR RENAULT SYMBOL JOY 2015 LEDLİ SOL', 'ARTPAR', 'FAR', '', 'https://cdn.artpar.com/products_1772905700688-260609154r--260606236r.webp', 48.58, 50, 'adet', TRUE, '2026-03-07T17:48:22.412943+00:00', NULL, 50, 0, 'USD', 0, 1, '260609154R', 'RENAULT', 'SYMBOL', 34.7, 40, FALSE, 'KOREA OTOMOTİV', FALSE, 0, 0, 'TRY', NULL),
('8b0ce959-e91f-4340-ab5c-9a40e21b3222', 'ARTPAR-FR-RNSYL00037R', 'FAR RENAULT SYMBOL JOY 2015 LEDLİ SAĞ ', 'ARTPAR', 'FAR', '', 'https://cdn.artpar.com/products_1772905638528-260102037r.webp', 48.58, 50, 'adet', TRUE, '2026-03-07T17:47:21.535482+00:00', NULL, 50, 0, 'USD', 0, 1, '260102037R', 'RENAULT', 'SYMBOL', 34.7, 40, FALSE, 'KOREA OTOMOTİV', FALSE, 0, 0, 'TRY', NULL),
('736a1586-980d-43b9-806e-93c0d933b630', 'ARTPAR-FR-CTELY00880', 'FAR C-ELYSEE 17-> MAKLAJLI MOTORLU SAĞ', 'ARTPAR', 'FAR', '', 'https://cdn.artpar.com/products_1772906519646-9817297880.webp', 0, 0, 'adet', TRUE, '2026-03-07T18:02:01.603647+00:00', NULL, 0, 0, 'USD', 0, 1, '9817297880', 'CİTROEN', 'C-ELYSEE', 0, 40, FALSE, NULL, FALSE, 0, 0, 'TRY', NULL),
('15626e5e-230f-4156-ad36-81adba58e11e', 'KALE 0835351AB', 'MOTOR SU RADYATÖRÜ BMC PRO 525 ', 'KALE', 'SU RADYATÖRÜ', '', '', 457.8279999999999, 10, 'adet', TRUE, '2026-03-28T19:38:14.58953+00:00', NULL, 10, 0, 'TRY', 0, 1, '', 'BMC ', 'PRO 525', 327.02, 40, FALSE, 'İKLİM OTOMOTİV', FALSE, 0, 0, 'TRY', NULL),
('ef949d14-2350-4455-9429-59da02ad1748', 'ARTPAR-FR-TYCR-1E600L', 'FAR TOYOTA COROLLA 2003-2006 SOL SEDAN ELEKTİRKLİ', 'CASP', 'FAR', '', 'https://cdn.artpar.com/products_1774458740214-81170-1e600.webp', 61.39, 50, 'adet', TRUE, '2026-03-25T17:12:23.027077+00:00', NULL, 0, 50, 'USD', 0, 1, '81170-1E600', 'TOYOTA', 'COROLLA', 43.85, 40, FALSE, 'KOREA OTOMOTİV', FALSE, 0, 0, 'TRY', NULL),
('62c8ad50-8a2e-476b-b717-9c938124ca0c', 'ARTPAR-LED-PE208-380', 'GÜNDÜZ LEDİ PEUGEOT 208-2008 SAĞ', 'ARTPAR', 'GÜNDÜZ LED', '', 'https://pub-56f4ab060d934f85a7d1fec80dd03ee2.r2.dev/products_1775595875513-9824241480.webp', 46.13, 10, 'adet', TRUE, '2026-04-07T21:04:37.711369+00:00', NULL, 10, 0, 'USD', 0, 1, '9824241380', 'PEUGEOT', '', 32.95, 40, FALSE, 'ZENON OTOMOTİV', FALSE, 0, 0, 'TRY', NULL),
('db643e79-a414-490e-8d6c-91a769c89583', 'ARTPAR-FR-NSQS-HV00B-R', 'FAR NİSSAN QASHQAİ 2017-2019 ELEKTRİKLİ MOTORLU LEDLİ SAĞ', 'ARTPAR', 'FAR', '', 'https://cdn.artpar.com/products_1774638331933-26010-hv00b.webp', 181.706, 50, 'adet', TRUE, '2026-03-27T19:05:34.318492+00:00', NULL, 0, 50, 'USD', 0, 1, '26010-HV00A', 'NİSSAN', 'QASHQAİ', 129.79, 40, FALSE, 'KOREA OTOMOTİV', FALSE, 0, 0, 'TRY', NULL),
('9a668880-af99-4d50-b78e-eae5be7ff4ba', 'ARTPAR-FR-NSQS-HV00B-L', 'FAR NİSSAN QASHQAİ 2017-2019 ELEKTRİKLİ MOTORLU LEDLİ SOL', 'ARTPAR', 'FAR', '', 'https://cdn.artpar.com/products_1774638403450-26060-hv00b.webp', 181.706, 50, 'adet', TRUE, '2026-03-27T19:06:45.56871+00:00', NULL, 0, 50, 'USD', 0, 1, '26060-HV00A', 'NİSSAN', 'QASHQAİ', 129.79, 40, FALSE, 'KOREA OTOMOTİV', FALSE, 0, 0, 'TRY', NULL),
('fc77bcef-2750-47bd-b57d-a9496da50724', 'ARTPAR-FR-HYAC1R000R', 'FAR ACCENT BLUE 11-14 ELEKTRİKLİ MOTORLU SAĞ', 'ARTPAR', 'FAR', '', 'https://cdn.artpar.com/products_1772932451613-92102-1r000.webp', 61.06799999999999, 100, 'adet', TRUE, '2026-03-08T01:14:13.398516+00:00', NULL, 0, 100, 'USD', 0, 1, '92102-1R000', 'HYUNDAİ', 'ACCENT BLUE', 43.62, 40, FALSE, NULL, FALSE, 0, 0, 'TRY', NULL),
('4a571627-51bd-4b12-bdd0-e1a0e6cbb19f', 'ARTPAR-SİS-HYAC1R000L', 'LAMBA SİS ACCENT BLUE 11-19 SOL AMPUL ÜZERİNDE', 'ARTPAR', 'SİS', '', 'https://cdn.artpar.com/products_1772932596131-92201-1r000.webp', 11.802, 100, 'adet', TRUE, '2026-03-08T01:16:38.051162+00:00', NULL, 0, 100, 'USD', 0, 1, '92201-1R000', 'HYUNDAİ', 'ACCENT BLUE', 8.43, 40, FALSE, NULL, FALSE, 0, 0, 'TRY', NULL),
('e6f02f9c-e337-4e8f-a1b1-0c4c96d8eeb9', 'ARTPAR-SİS-HYİ30-2L000R', 'LAMBA SİS HYUNDAİ İ30 2008-2011 SAĞ AMPUL ÜZERİNDE', 'ARTPAR', 'SİS', '', 'https://cdn.artpar.com/products_1774470633811-92201-2l000.webp', 17.794, 0, 'adet', TRUE, '2026-03-25T20:30:36.896916+00:00', NULL, 0, 0, 'USD', 0, 1, '92202-2L000', 'HYUNDAİ', 'İ30', 12.71, 40, FALSE, 'KOREA OTOMOTİV', FALSE, 0, 0, 'TRY', NULL),
('ddc99c0d-0bf4-4030-916c-76d8515ba7f7', 'ARTPAR-SİS-HYACB1R000R', 'LAMBA SİS ACCENT BLUE 11-19 SAĞ AMPUL ÜZERİNDE', 'ARTPAR', 'FAR', '', 'https://cdn.artpar.com/products_1772932663057-92202-1r000.webp', 0, 0, 'adet', TRUE, '2026-03-08T01:17:44.638679+00:00', NULL, 0, 0, 'USD', 0, 1, '92202-1R000', 'HYUNDAİ', 'ACCENT BLUE', 0, 40, FALSE, NULL, FALSE, 0, 0, 'TRY', NULL),
('8eb6d380-f972-484b-8154-04e7bed1485d', 'KALE 0520202AL', 'MOTOR SU RADYATÖRÜ RENAULT MEGANE 1.6 / 2.0 AC', 'KALE', 'SU RADYATÖRÜ', '', 'https://cdn.artpar.com/products_1774644857497-kale-0520202al.webp', 102.38199999999999, 10, 'adet', TRUE, '2026-03-27T20:54:19.431678+00:00', NULL, 10, 0, 'USD', 0, 1, '7700425842 - 7702258285 - 8200050512', 'RENAULT', 'MEGANE', 73.13, 40, FALSE, 'İKLİM OTOMOTİV', FALSE, 0, 0, 'TRY', NULL),
('6fd1fa87-92af-481a-92e2-c68238df1d78', 'KALE 346250', 'KALORİFER RADYATÖRÜ CADDY-POLO-AROSA-BEETLE-CORDOBA-GOLF-IBIZA-JETTA (AEE) (95-02) A3 (97-00)', 'KALE', 'KALORİFER RADYATÖRÜ', '', 'https://cdn.artpar.com/products_1774896840802-346250.webp', 16.828, 50, 'adet', TRUE, '2026-03-30T18:54:03.55821+00:00', NULL, 50, 0, 'USD', 0, 1, '191819031E - 1H1819031B - 191819031', 'VOLKSWAGEN', '', 12.02, 40, FALSE, 'İKLİM OTOMOTİV', FALSE, 0, 0, 'TRY', NULL),
('a520a52f-bcf5-44dc-be8d-d78dee200b44', 'ARTPAR-STP-VWPL0095', 'POLO 2014 STOP LAMBASI SOL DUYSUZ', 'ARTPAR', 'STOP', '', 'https://cdn.artpar.com/products_1772839267913-6c0945095.webp', 24.682, 50, 'adet', TRUE, '2026-03-06T23:21:16.396732+00:00', NULL, 50, 0, 'USD', 0, 1, '6C0945095', 'VOLKSWAGEN', 'POLO', 17.63, 40, FALSE, NULL, FALSE, 0, 0, 'TRY', NULL),
('35d10948-1d45-445a-b9fc-a07bad404080', 'ARTPAR-STP-TYHI-00K260', 'STOP TOYOTA HILUX REVO 2015 - 2021 SAĞ', 'ARTPAR', 'STOP', '', 'https://pub-56f4ab060d934f85a7d1fec80dd03ee2.r2.dev/products_1775915483893-81550-0k260.webp', 24.388, 24, 'adet', TRUE, '2026-04-11T13:51:25.766346+00:00', NULL, 0, 24, 'USD', 0, 1, '81550-0K260 / 81550-0K261', 'TOYOTA', 'HILUX', 17.42, 40, FALSE, 'KOREA OTOMOTİV', FALSE, 0, 0, 'TRY', NULL),
('8a1d11e8-0e43-4d22-9a75-5790086afcc5', 'ARTPAR-STP-FDFI00405AB', 'STOP FIESTA 2009-2012 SOL', 'ARTPAR', 'STOP', '', 'https://cdn.artpar.com/products_migrated-1772832514053-8a1d11e8-0e43-4d22-9a75-5790086afcc5.webp', 24.5, 100, 'adet', TRUE, '2026-03-06T19:40:18.365536+00:00', NULL, 50, 50, 'USD', 0, 1, '8A61-13405-AB', 'FORD', 'FİESTA', 17.5, 40, FALSE, NULL, FALSE, 0, 0, 'TRY', NULL),
('ba2e2573-343f-4ca3-8b98-c3d40230aae5', 'ARTPAR-STP-FDFI00404AB', 'STOP FIESTA 2009-2012 SAĞ', 'ARTPAR', 'STOP', '', 'https://cdn.artpar.com/products_migrated-1772832515002-ba2e2573-343f-4ca3-8b98-c3d40230aae5.webp', 24.5, 100, 'adet', TRUE, '2026-03-06T19:41:55.954999+00:00', NULL, 50, 50, 'USD', 0, 1, '8A61-13404-AB', 'FORD', 'FİESTA', 17.5, 40, FALSE, NULL, FALSE, 0, 0, 'TRY', NULL),
('5b9473b9-dbc7-4d72-8b77-6a7038e2a31d', 'ARTPAR-STP-FISI779', 'STOP FIAT SIENA SAĞ 1996 SONRASI', 'ARTPAR', 'STOP', '', 'https://pub-56f4ab060d934f85a7d1fec80dd03ee2.r2.dev/products_1775506681273-46542800.webp', 0, 0, 'adet', TRUE, '2026-04-06T20:18:03.312429+00:00', NULL, 0, 0, 'USD', 0, 1, '46542779', 'FIAT', 'SIEANA', 0, 40, FALSE, 'ZENON OTOMOTİV', FALSE, 0, 0, 'TRY', NULL),
('a201e670-25f5-4755-8e91-6322e743bedd', 'ARTPAR-STP-FDFC00404AD', 'STOP FOCUS 15-18 DIŞ SAĞ', 'ARTPAR', 'STOP', '', 'https://cdn.artpar.com/products_migrated-1772832513042-a201e670-25f5-4755-8e91-6322e743bedd.webp', 28.825999999999997, 0, 'adet', TRUE, '2026-03-06T19:38:26.496337+00:00', NULL, 0, 0, 'USD', 0, 1, 'F1EB-13404-AD', 'FORD', 'FOCUS', 20.59, 40, FALSE, '', FALSE, 0, 0, 'TRY', NULL),
('6eb0eada-5565-4a7a-bc24-20c9e8ffdc6a', 'ARTPAR-STP-TYHI0K10R', 'STOP TOYOTA HILUX VİGO 2006 - 2011 SAĞ', 'ARTPAR', 'STOP', '', 'https://pub-56f4ab060d934f85a7d1fec80dd03ee2.r2.dev/products_1775915642224-81550-0k010.webp', 18.046, 25, 'adet', TRUE, '2026-04-11T13:54:04.032016+00:00', NULL, 0, 25, 'USD', 0, 1, '81550-0K010', 'TOYOTA', 'HILUX', 12.89, 40, FALSE, 'KOREA OTOMOTİV', FALSE, 0, 0, 'TRY', NULL),
('5e1a66ea-6cf9-449c-9f6f-6a0ca64bf4c9', 'ARTPAR-FR-PE301980', 'FAR 301 13-16 MOTORLU SAĞ', 'ARTPAR', 'FAR', '', 'https://cdn.artpar.com/products_1772924735242-9675138980.webp', 0, 0, 'adet', TRUE, '2026-03-07T23:05:36.887496+00:00', NULL, 0, 0, 'USD', 0, 1, '9675138980', 'PEUGEOT', '301', 0, 40, FALSE, NULL, FALSE, 0, 0, 'TRY', NULL),
('048ea4cf-107b-42ad-94c4-d9eccca8e509', 'ARTPAR-BYN-RNMG400447R', 'RENAULT MEGANE 4 LED FAR BEYNİ SOL', 'İTHAL', 'FAR BEYİN', '', 'https://pub-56f4ab060d934f85a7d1fec80dd03ee2.r2.dev/products_1776020925030-285753299r.webp', 30.351999999999997, 10, 'adet', TRUE, '2026-04-12T19:08:48.30212+00:00', NULL, 10, 0, 'USD', 0, 1, '285759447R', 'RENAULT', 'MEGANE 4', 21.68, 40, FALSE, 'OTO İSMAİL', FALSE, 0, 0, 'TRY', NULL),
('4f56d6ce-9ea4-4da2-8ec8-7066f01ad76b', 'ARTPAR-FR-AUA30043', 'FAR AUDİ A3 13-16 XENON MOTORLU ÇİFT BEYİNLİ SOL', 'ARTPAR', 'FAR', '', 'https://cdn.artpar.com/products_migrated-1772832521678-4f56d6ce-9ea4-4da2-8ec8-7066f01ad76b.webp', 119.952, 50, 'adet', TRUE, '2026-03-06T20:25:09.257333+00:00', NULL, 0, 50, 'USD', 0, 1, '8V0941043', 'AUDİ', 'A3', 85.68, 40, FALSE, NULL, FALSE, 0, 0, 'TRY', NULL),
('e32e6a65-a2b7-4942-bf9e-56018eb66b69', 'ARTPAR-FR-VWGL40017B', 'FAR GOLF IV 98-02 SOL', 'ARTPAR', 'FAR', '', 'https://cdn.artpar.com/products_migrated-1772832528679-e32e6a65-a2b7-4942-bf9e-56018eb66b69.webp', 37.324, 50, 'adet', TRUE, '2026-03-06T20:37:48.380852+00:00', NULL, 50, 0, 'USD', 0, 1, '1J1941017B', 'VOLKSWAGEN', 'GOLF 4 ', 26.66, 40, FALSE, NULL, FALSE, 0, 0, 'TRY', NULL),
('27786158-a40b-4914-a83e-688c24d52070', 'ARTPAR-STP-VWJT00093L', 'STOP JETTA 12-14 İÇ SOL', 'ARTPAR', 'STOP', '', 'https://cdn.artpar.com/products_1774286439011-5c6945093l.webp', 0, 0, 'adet', TRUE, '2026-03-23T17:20:41.752396+00:00', NULL, 0, 0, 'USD', 0, 1, '5C6945093L', 'VOLKSWAGEN', 'JETTA', 0, 40, FALSE, '', FALSE, 0, 0, 'TRY', NULL),
('a23e53d4-9d67-4502-bede-fcfc588b4753', 'ARTPAR-FR-FI500-492', 'FAR FIAT 500 SOL 2007 - 2012', 'ARTPAR', 'FAR', '', 'https://pub-56f4ab060d934f85a7d1fec80dd03ee2.r2.dev/products_1775507249668-51787492.webp', 92.302, 1, 'adet', TRUE, '2026-04-06T20:27:39.361102+00:00', NULL, 1, 0, 'USD', 0, 1, '51787492 - 51795458', 'FIAT', '500', 65.93, 40, FALSE, 'ZENON OTOMOTİV', FALSE, 0, 0, 'TRY', NULL),
('ebd3a6b4-b220-411d-adf4-97f91d90fff8', 'ORJ 8K0941597B', 'FAR BEYNİ PASSAT Q5 Q7 A3 SUPERB YETİ', 'ORİJİNAL', 'FAR BEYİN', '', 'https://pub-56f4ab060d934f85a7d1fec80dd03ee2.r2.dev/products_1776066152738-64d0911a0ab5d.webp', 65.39399999999999, 10, 'adet', TRUE, '2026-04-13T07:42:34.705029+00:00', NULL, 10, 0, 'USD', 0, 1, '8K0941597B', '', '', 46.71, 40, FALSE, 'EYLÜL OTOMOTİV', FALSE, 0, 0, 'TRY', NULL),
('ee61fe2f-de9a-4e1b-beae-88d291324e87', 'ARTPAR-FR-VWCR0005', 'FAR CRAFTER 18-> SOL', 'ARTPAR', 'FAR', '', 'https://cdn.artpar.com/products_migrated-1772832534608-ee61fe2f-de9a-4e1b-beae-88d291324e87.webp', 122.52799999999999, 0, 'adet', TRUE, '2026-03-06T20:53:04.561916+00:00', NULL, 0, 0, 'USD', 0, 1, '7C1941005', 'VOLKSWAGEN', 'CRAFTER', 87.52, 40, FALSE, NULL, FALSE, 0, 0, 'TRY', NULL),
('18742135-6d9f-428e-8d14-8a265ec6752c', 'ARTPAR-STP-TYCR-02340', 'STOP COROLLA 2010-2012 İÇ SAĞ', 'ARTPAR', 'STOP', '', 'https://cdn.artpar.com/products_1774458082470-81591-02340.webp', 0, 0, 'adet', TRUE, '2026-03-25T17:01:25.501424+00:00', NULL, 0, 0, 'USD', 0, 1, '81591-02340', 'TOYOTA', 'COROLLA', 0, 40, FALSE, 'KOREA OTOMOTİV', FALSE, 0, 0, 'TRY', NULL),
('daab0f8e-6fee-4eb3-b83c-bd6f44be8287', 'ARTPAR-DENEME', 'DENEME SATIN ALMA', 'DENEME', 'DENEME', '', '', 1.4, 7, 'adet', TRUE, '2026-03-21T09:37:38.984697+00:00', NULL, 5, 4, 'TRY', 10, 1, '1234567890', 'DENEME', 'DENEME', 1, 40, TRUE, NULL, FALSE, 0, 0, 'TRY', NULL),
('98e76a72-8719-4eeb-9a37-82054f42e2a8', 'ARTPAR-FR-OPASH-559', 'OPEL ASTRA H FAR KROM ELEKTRİKLİ SOL', 'İTHAL', 'FAR', '', 'https://cdn.artpar.com/products_1774712903392-1216659.webp', 0, 0, 'adet', TRUE, '2026-03-28T15:48:27.44938+00:00', NULL, 0, 0, 'USD', 0, 1, '1216659', 'OPEL', 'ASTRA H', 0, 40, FALSE, '', FALSE, 0, 0, 'TRY', NULL),
('fe366320-cba5-4c69-986b-59f7e3e6159a', 'ARTPAR-FR-STLN0007B', 'FAR LEON 13-17 XENONLU BEYİNLİ MOTORLU SOL', 'ARTPAR', 'FAR', '', 'https://cdn.artpar.com/products_migrated-1772832523710-fe366320-cba5-4c69-986b-59f7e3e6159a.webp', 233.19799999999998, 99, 'adet', TRUE, '2026-03-06T20:28:05.608898+00:00', NULL, 49, 50, 'USD', 0, 1, '5F1941007B', 'SEAT', 'LEON', 166.57, 40, FALSE, 'KOREA OTOMOTİV', FALSE, 0, 0, 'TRY', NULL),
('a2233248-144e-49b2-88ea-72e46a4a4789', 'ARTPAR-FR-VWPS7005', 'FAR VOLKSWAGEN PASSAT B7L 2011-2015 H7 AMPUL MOTORLU SOL', 'ARTPAR', 'FAR', '', 'https://cdn.artpar.com/products_1774735482623-3ab941005.webp', 0, 0, 'adet', TRUE, '2026-03-28T22:04:20.829703+00:00', NULL, 0, 0, 'USD', 0, 1, '3AB941005', 'VOLKSWAGEN', 'PASSAT B7', 0, 40, FALSE, 'KOREA OTOMOTİV', FALSE, 0, 0, 'TRY', NULL),
('6394a393-be09-40ea-bd00-4cf7795faf58', 'ARTPAR-FR-DCDU00156R', 'FAR DUSTER 2015 SAĞ', 'ARTPAR', 'FAR', '', 'https://cdn.artpar.com/products_1772905751216-260608209r-260606709r.webp', 0, 0, 'adet', TRUE, '2026-03-07T17:49:13.467877+00:00', NULL, 0, 0, 'USD', 0, 1, '260100156R', 'DACİA', 'DUSTER', 0, 40, FALSE, NULL, FALSE, 0, 0, 'TRY', NULL),
('a7321f2c-ebd4-47cb-b329-a531c4c3c960', 'ARTPAR-FR-DCDU00209R', 'FAR DUSTER 2015 SOL ', 'ARTPAR', 'FAR', '', 'https://cdn.artpar.com/products_1772905789228-260100156r-260105828r.webp', 0, 0, 'adet', TRUE, '2026-03-07T17:49:50.921761+00:00', NULL, 0, 0, 'USD', 0, 1, '260608209R', 'DACİA', 'DUSTER', 0, 40, FALSE, NULL, FALSE, 0, 0, 'TRY', NULL),
('153af744-d77c-44aa-b485-75fb2f454ab4', 'ARTPAR-PANJ-611R', 'PANJUR (SİYAH) RENAULT CLIO 5.5 (MAKYAJLI KASA) 2020 SONRASI', 'ARTPAR', 'PANJUR', '', 'https://pub-56f4ab060d934f85a7d1fec80dd03ee2.r2.dev/products_1775508069692-622565611r.webp', 41.748, 20, 'adet', TRUE, '2026-04-06T20:41:11.933362+00:00', NULL, 20, 0, 'USD', 0, 1, '622565611R', 'RENAULT', 'CLIO 5.5', 29.82, 40, FALSE, 'ZENON OTOMOTİV', FALSE, 0, 0, 'TRY', NULL),
('0ead8781-1eb9-4ee2-995e-30c49ca7f13c', 'ARTPAR-FR-RNCL400317R', 'FAR RENAULT CLİO 4 KROM ÇITALI SAĞ', 'ARTPAR', 'FAR', '', 'https://cdn.artpar.com/products_1774222601078-260103317r.webp', 70.40599999999999, 50, 'adet', TRUE, '2026-03-22T23:36:42.847694+00:00', NULL, 50, 0, 'USD', 0, 1, '260103317R', 'RENAULT', 'CLİO 4', 50.29, 40, FALSE, '', FALSE, 0, 0, 'TRY', NULL),
('88c5301f-4ad7-425b-ab7f-36cd4eca948e', 'ARTPAR-FR-RNCL400624R', 'FAR RENAULT CLİO 4 KROM ÇITALI ÜST KROM SAĞ', 'ARTPAR', 'FAR', '', 'https://cdn.artpar.com/products_1774222809300-260106624r.webp', 64.988, 56, 'adet', TRUE, '2026-03-22T23:40:12.756153+00:00', NULL, 56, 0, 'USD', 0, 1, '260106624R', 'RENAULT', 'CLİO 4', 46.42, 40, FALSE, '', FALSE, 0, 0, 'TRY', NULL),
('922344c8-33a8-4363-8a00-93f58da12d1e', 'ARTPAR-FR-RNCL400373R', 'FAR RENAULT CLİO 4 KROM ÇITALI SOL', 'ARTPAR', 'FAR', '', 'https://cdn.artpar.com/products_1774222695659-260600373r.webp', 70.40599999999999, 50, 'adet', TRUE, '2026-03-22T23:37:36.046761+00:00', NULL, 50, 0, 'USD', 0, 1, '260600373R', 'RENAULT', 'CLİO 4', 50.29, 40, FALSE, '', FALSE, 0, 0, 'TRY', NULL),
('e7dfccd6-f3f6-4e29-b35e-c0e33c1b2c67', 'ARTPAR-FR-CTELY00480R', 'FAR CITROEN C-ELYSEE SAĞ MOTORLU MAKYAJLI KASA 2017 SONRASI', 'ARTPAR', 'FAR', '', 'https://pub-56f4ab060d934f85a7d1fec80dd03ee2.r2.dev/products_1775509241585-9817297880.webp', 72.52, 20, 'adet', TRUE, '2026-04-06T21:00:43.458512+00:00', NULL, 20, 0, 'USD', 0, 1, '9817298480', 'CITROEN', 'C-ELYSEE', 51.8, 40, FALSE, 'ZENON OTOMOTİV', FALSE, 0, 0, 'TRY', NULL)
ON CONFLICT DO NOTHING;

INSERT INTO public."products" ("id", "code", "name", "brand", "category", "description", "image_url", "list_price", "stock_quantity", "unit", "is_active", "created_at", "product_number", "stock_merkez", "stock_depo", "currency", "discount_rate", "box_quantity", "oem_no", "car_brand", "car_model", "cost_price", "profit_margin", "is_campaign", "supplier_brand", "is_fixed_price", "cart_discount_rate", "fixed_price_value", "fixed_price_currency", "fixed_usd_rate") VALUES
('b283978b-75bc-4d4a-8dcb-03e06b4ab924', 'ARTPAR-STP-CTELY00280', 'STOP C-ELYSEE 17-> MAKYAJLI KASA DUYLU SAĞ', 'ARTPAR', 'STOP', '', 'https://cdn.artpar.com/products_1772906755305-9818810280.webp', 0, 0, 'adet', TRUE, '2026-03-07T18:06:00.214489+00:00', NULL, 0, 0, 'USD', 0, 1, '9818810280', 'CİTROEN', 'C-ELYSEE', 0, 40, FALSE, NULL, FALSE, 0, 0, 'TRY', NULL),
('f406da5a-5ce1-47fd-ac56-574c057d0468', 'KALE 353500', 'MOTOR SU RADYATÖRÜ A3 - LEON - TOLEDO - OCTAVIA - SUPERB - CADDY 3 - PASSAT - TOURAN 1.9TDI - GOLF 4', '', 'SU RADYATÖRÜ', '', 'https://cdn.artpar.com/products_1774646581392-353500.webp', 103.09599999999999, 10, 'adet', TRUE, '2026-03-27T21:23:05.26461+00:00', NULL, 10, 0, 'USD', 0, 1, '1K0121253H - 1K0121253BB - 1K0121251AT', '', '', 73.64, 40, FALSE, '', FALSE, 0, 0, 'TRY', NULL),
('0cb25596-8536-4004-bf97-9d3cfb588a68', 'KALE 350745', 'MOTOR SU RADYATÖRÜ CITROEN C-ELYSEE / C3 1 / C3 2 / C4 1 / C4 2 / C5 1 / C5 2 / C5 3 / DS3 / DS4 / DS5 / 207 / 208 / 307 / 308 / 407 / 3008 / 5008 / RCZ', 'KALE', 'SU RADYATÖRÜ', '', 'https://cdn.artpar.com/products_1774730189801-350745.webp', 74.69, 10, 'adet', TRUE, '2026-03-28T20:36:32.418633+00:00', NULL, 10, 0, 'USD', 0, 1, '1330.P9 - 96455874 - 9645587480', 'PEUGEOT', '', 53.35, 40, FALSE, 'İKLİM OTOMOTİV', FALSE, 0, 0, 'TRY', NULL),
('2b4a8add-0f6d-4d18-98aa-1780ddb85edc', 'ARTPAR-FR-VWCD0005A', 'FAR VOLKSWAGEN CADDY 2011 - 2014 ÜSTTEN SİNYALLİ SOL', 'ARTPAR', 'FAR', '', 'https://cdn.artpar.com/products/1776455787678-2k5941005a.webp', 0, 0, 'adet', TRUE, '2026-04-17T19:56:30.604645+00:00', NULL, 0, 0, 'USD', 0, 1, '2K5941005A', 'VOLKSWAGEN', 'CADDY', 0, 40, FALSE, 'KOREA OTOMOTİV', FALSE, 0, 0, 'TRY', NULL),
('6ddde732-034f-48a0-937e-f0a0890c2433', 'ARTPAR-FR-FDFC0029AE', 'FAR FOCUS 2018 SONRASI BEYAZ MOTORLU AMPULLÜ SAĞ', 'ARTPAR', 'FAR', '', 'https://cdn.artpar.com/products_migrated-1772832496211-6ddde732-034f-48a0-937e-f0a0890c2433.webp', 109.41, 100, 'adet', TRUE, '2026-03-06T18:57:06.822307+00:00', NULL, 50, 50, 'USD', 0, 1, 'JX7B-13W029-AE', 'FORD', 'FOCUS', 78.15, 40, FALSE, NULL, FALSE, 0, 0, 'TRY', NULL),
('3af73e04-09b3-4538-a580-1a64bf1b4b4b', 'ARTPAR-FR-FDFI0029AG', 'FAR FIESTA 13-17 MOTORLU SİYAH AMPULLÜ SAĞ', 'ARTPAR', 'FAR', '', 'https://cdn.artpar.com/products_migrated-1772832509159-3af73e04-09b3-4538-a580-1a64bf1b4b4b.webp', 77.84, 100, 'adet', TRUE, '2026-03-06T19:26:31.487987+00:00', NULL, 50, 50, 'USD', 0, 1, 'C1BB-13W029-AG', 'FORD', 'FOCUS', 55.6, 40, FALSE, NULL, FALSE, 0, 0, 'TRY', NULL),
('9446f222-014c-461b-989f-ecf2cee02822', 'ARTPAR-FR-VWGL4001BB', 'FAR GOLF IV 98-02 SAĞ', 'ARTPAR', 'FAR', '', 'https://cdn.artpar.com/products_migrated-1772832529724-9446f222-014c-461b-989f-ecf2cee02822.webp', 37.324, 50, 'adet', TRUE, '2026-03-06T20:38:43.192498+00:00', NULL, 50, 0, 'USD', 0, 1, '1J1941018B', 'VOLKSWAGEN', 'GOLF 4 ', 26.66, 40, FALSE, NULL, FALSE, 0, 0, 'TRY', NULL),
('3da864eb-99c5-4439-8667-3d0cb7aad560', 'ARTPAR-FR-VWCDY00016A', 'FAR CADDY 2015-2019 TRENDLINE MOTORLU SAĞ', 'ARTPAR', 'FAR', '', 'https://cdn.artpar.com/products_migrated-1772832541344-3da864eb-99c5-4439-8667-3d0cb7aad560.webp', 67.158, 60, 'adet', TRUE, '2026-03-06T21:02:28.006251+00:00', NULL, 10, 50, 'USD', 0, 1, '2K1941016A', 'VOLKSWAGEN', 'CADDY', 47.97, 40, FALSE, NULL, FALSE, 0, 0, 'TRY', NULL),
('ba68b02e-34e9-4261-ab6d-649d67178a23', 'ARTPAR-FR-VWCD0006', 'FAR CADDY 15-19 COMFORTLINE SAĞ', 'ARTPAR', 'FAR', '', 'https://cdn.artpar.com/products_migrated-1772832543278-ba68b02e-34e9-4261-ab6d-649d67178a23.webp', 79.688, 99, 'adet', TRUE, '2026-03-06T21:05:33.472847+00:00', NULL, 50, 49, 'USD', 0, 1, '2K1941006', 'VOLKSWAGEN', 'CADDY', 56.92, 40, FALSE, NULL, FALSE, 0, 0, 'TRY', NULL),
('cf4d46a9-059a-4b0c-9e06-d842e2d99d1a', 'ARTPAR-FR-VWTG005G', 'FAR CADDY/TOURAN 11-15 MOTORLU ALTTAN SİNYALLİ SOL', 'ARTPAR', 'FAR', '', 'https://cdn.artpar.com/products_migrated-1772832544405-cf4d46a9-059a-4b0c-9e06-d842e2d99d1a.webp', 82.264, 50, 'adet', TRUE, '2026-03-06T21:19:13.282227+00:00', NULL, 0, 50, 'USD', 0, 1, '1T1941005G', 'VOLKSWAGEN', 'CADDY TOURAN', 58.76, 40, FALSE, NULL, FALSE, 0, 0, 'TRY', NULL),
('dee779ad-d9ff-4769-9633-f3c79c493c56', 'ARTPAR-STP-CTELY00080', 'STOP C-ELYSEE 13-16 DUYLU SOL', 'ARTPAR', 'STOP', '', 'https://cdn.artpar.com/products_1772906805170-9674809080.webp', 0, 0, 'adet', TRUE, '2026-03-07T18:06:46.980779+00:00', NULL, 0, 0, 'USD', 0, 1, '9674809080', 'CİTROEN', 'C-ELYSEE', 0, 40, FALSE, NULL, FALSE, 0, 0, 'TRY', NULL),
('694bfbc7-2d50-413d-abcf-0c2de2373b38', 'ARTPAR-STP-CTELY00180', 'STOP C-ELYSEE 13-16 DUYLU SAĞ', 'ARTPAR', 'STOP', '', 'https://cdn.artpar.com/products_1772906865859-9674809180.webp', 0, 0, 'adet', TRUE, '2026-03-07T18:07:47.564967+00:00', NULL, 0, 0, 'USD', 0, 1, '9674809180', 'CİTROEN', 'C-ELYSEE', 0, 40, FALSE, NULL, FALSE, 0, 0, 'TRY', NULL),
('b18b537e-ab37-4102-9a92-95cc210f2e72', 'ARTPAR-SİS-VWPL00662C', 'LAMBA SİS POLO 15-> TEK DUYLU SAĞ', 'ARTPAR', 'SİS', '', 'https://cdn.artpar.com/products_1772880663717-6c0941661c.webp', 11.69, 100, 'adet', TRUE, '2026-03-07T10:51:05.841027+00:00', NULL, 100, 0, 'USD', 0, 1, '6C0941662C', 'VOLKSWAGEN', 'POLO', 8.35, 40, FALSE, NULL, FALSE, 0, 0, 'TRY', NULL),
('71c43e6a-7722-4067-a5b5-f8810b44a432', 'ARTPAR-SİS-VWMRK00699B', 'LAMBA SİS AMAROK 17-23 SOL', 'ARTPAR', 'SİS', '', 'https://cdn.artpar.com/products_1772880882257-2h6941699b.webp', 17.99, 100, 'adet', TRUE, '2026-03-07T10:54:45.000483+00:00', NULL, 0, 100, 'USD', 0, 20, '2H6941699B', 'VOLKSWAGEN', 'AMAROK', 12.85, 40, FALSE, NULL, FALSE, 0, 0, 'TRY', NULL),
('a6b80c15-9b4d-4dde-9fe6-693e620da5f2', 'ARTPAR-SİS-VWMRK00700B', 'LAMBA SİS AMAROK 17-23 SAĞ', 'ARTPAR', 'SİS', '', 'https://cdn.artpar.com/products_1772881153975-2h6941699b.webp', 17.99, 100, 'adet', TRUE, '2026-03-07T10:59:16.11213+00:00', NULL, 0, 100, 'USD', 0, 20, '2H6941700B', 'VOLKSWAGEN', 'AMAROK', 12.85, 40, FALSE, NULL, FALSE, 0, 0, 'TRY', NULL),
('b7184551-a240-4323-a023-4b93185014ba', 'ARTPAR-SİS-VWPL00661B', 'LAMBA SİS POLO 18-> LEDLİ SİS FARSIZ SOL', 'ARTPAR', 'SİS', '', 'https://cdn.artpar.com/products_1772881257519-2g0-941-661b.webp', 0, 0, 'adet', TRUE, '2026-03-07T11:00:59.185888+00:00', NULL, 0, 0, 'USD', 0, 1, '2G0941661B', 'VOLKSWAGEN', 'POLO', 0, 40, FALSE, NULL, FALSE, 0, 0, 'TRY', NULL),
('27e4f04f-afe6-457e-8a02-ea31c83e9f5e', 'ARTPAR-FR-FIDB34980', 'FAR HALOJEN SOL MAKYAJLI KASA PEUGEOT PARTNER 4 / FIAT DOBLO / CITROEN BERLINGO / OPEL COMBO 2025 SONRASI', 'ARTPAR', 'FAR', '', 'https://pub-56f4ab060d934f85a7d1fec80dd03ee2.r2.dev/products_1775508393230-9864534980.webp', 142.856, 20, 'adet', TRUE, '2026-04-06T20:46:35.339042+00:00', NULL, 20, 0, 'USD', 0, 1, '9864534980', '', '', 102.04, 40, FALSE, 'ZENON OTOMOTİV', FALSE, 0, 0, 'TRY', NULL),
('15f7eb3c-3c2f-4032-afb6-38d4ee218f34', 'ARTPAR-STP-HYACB-1R000R', 'HYUNDAI ACCENT BLUE STOP 2011 - 2015 SAĞ', 'ARTPAR', 'STOP', '', 'https://cdn.artpar.com/products/1776286862985-92402-1r000.webp', 26.305999999999997, 20, 'adet', TRUE, '2026-04-15T21:01:09.93363+00:00', NULL, 0, 20, 'USD', 0, 1, '92402-1R000', 'HYUNDAI', 'ACCENT BLUE', 18.79, 40, FALSE, 'KOREA OTOMOTİV', FALSE, 0, 0, 'TRY', NULL),
('0a68d593-62ed-422d-8440-e40bf37843a9', 'ARTPAR-STP-HYACB-1R000L', 'HYUNDAI ACCENT BLUE STOP 2011 - 2015 SOL', 'ARTPAR', 'STOP', '', 'https://cdn.artpar.com/products/1776286947278-92401-1r000.webp', 26.305999999999997, 20, 'adet', TRUE, '2026-04-15T21:02:29.236137+00:00', NULL, 0, 20, 'USD', 0, 1, '92401-1R000', 'HYUNDAI', 'ACCENT BLUE', 18.79, 40, FALSE, 'KOREA OTOMOTİV', FALSE, 0, 0, 'TRY', NULL),
('23f1b88b-4975-4ca7-a3fb-9d1d5f37951f', 'ARTPAR-STP-CTELY780L', 'STOP CITROEN C-ELYSEE SOL MAKYAJLI KASA 2017 SONRASI', 'ARTPAR', 'STOP', '', 'https://pub-56f4ab060d934f85a7d1fec80dd03ee2.r2.dev/products_1775508857808-9817303780.webp', 41.748, 20, 'adet', TRUE, '2026-04-06T20:54:22.156761+00:00', NULL, 20, 0, 'USD', 0, 1, '9817303780', 'CITROEN', 'C-ELYSEE', 29.82, 40, FALSE, 'ZENON OTOMOTİV', FALSE, 0, 0, 'TRY', NULL),
('857b15f8-bf29-4a22-9d66-6602706b4511', 'ARTPAR-FR-VWCD0006A', 'FAR VOLKSWAGEN CADDY 2011 - 2014 ÜSTTEN SİNYALLİ SAĞ', 'ARTPAR', 'FAR', '', 'https://cdn.artpar.com/products/1776455741452-2k5941006a.webp', 0, 0, 'adet', TRUE, '2026-04-17T19:55:44.094223+00:00', NULL, 0, 0, 'USD', 0, 1, '2K5941006A', 'VOLKSWAGEN', 'CADDY', 0, 40, FALSE, 'KOREA OTOMOTİV', FALSE, 0, 0, 'TRY', NULL),
('a0a09f66-4b55-4f2a-9fe4-7a170570dbd2', 'ARTPAR-FR-RNTL00945R', 'FAR RENAULT TALİANT 22-> LEDLİ MOTORLU SAĞ', 'ARTPAR', 'FAR', '', 'https://cdn.artpar.com/products_1774370568640-ads-z-tasar-m--1-.webp', 162.106, 47, 'adet', TRUE, '2026-03-24T16:42:51.506295+00:00', NULL, 22, 25, 'USD', 10, 1, '260109945R', 'RENAULT', 'TALİANT', 115.79, 40, TRUE, 'KOREA OTOMOTİV', FALSE, 0, 0, 'TRY', NULL),
('9e66d9c9-6d5d-40ec-91f6-a8e0e7d0e9c3', 'ARTPAR-FR-OPCR00L580', 'FAR CORSA F 19-> LEDLİ SAĞ', 'ARTPAR', 'OPEL', '', 'https://cdn.artpar.com/products_migrated-1772832449285-9e66d9c9-6d5d-40ec-91f6-a8e0e7d0e9c3.webp', 171.35999999999999, 50, 'adet', TRUE, '2026-03-06T12:08:40.760937+00:00', NULL, 0, 50, 'USD', 0, 1, '9829522580', 'OPEL', 'CORSA F', 122.4, 40, FALSE, 'KOREA OTOMOTİV', FALSE, 0, NULL, 'TRY', NULL),
('51330d4f-3a69-4360-a89c-c118ff3978af', 'ARTPAR-FR-OPCR00L780', 'FAR CORSA F 19-> LEDLİ SOL ', 'ARTPAR', 'OPEL', '', 'https://cdn.artpar.com/products_migrated-1772832448178-51330d4f-3a69-4360-a89c-c118ff3978af.webp', 171.35999999999999, 50, 'adet', TRUE, '2026-03-06T12:07:33.695359+00:00', NULL, 0, 50, 'USD', 0, 1, '9829522780', 'OPEL', 'CORSA F', 122.4, 40, FALSE, 'KOREA OTOMOTİV', FALSE, 0, NULL, 'TRY', NULL),
('f035fedf-059f-4588-a08e-54852143ff22', 'ARTPAR-FR-OPCR000861', 'FAR CORSA E 14-18 LEDLİ SAĞ', 'ARTPAR', 'OPEL', '', 'https://cdn.artpar.com/products_migrated-1772832451228-f035fedf-059f-4588-a08e-54852143ff22.webp', 0, 0, 'adet', TRUE, '2026-03-06T12:21:42.437495+00:00', NULL, 0, 0, 'USD', 0, 1, '1216861', 'OPEL', 'CORSA E', 0, 40, FALSE, 'KOREA OTOMOTİV', FALSE, 0, NULL, 'TRY', NULL),
('f398901f-928b-4ff1-94a0-635dc5a3fd4a', 'ARTPAR-FR-OPCR000873', 'FAR CORSA E 14-18 LEDLİ SOL', 'ARTPAR', 'OPEL', '', 'https://cdn.artpar.com/products_migrated-1772832452230-f398901f-928b-4ff1-94a0-635dc5a3fd4a.webp', 0, 0, 'adet', TRUE, '2026-03-06T12:22:32.600161+00:00', NULL, 0, 0, 'USD', 0, 1, '1216873', 'OPEL', 'CORSA E', 0, 40, FALSE, 'KOREA OTOMOTİV', FALSE, 0, NULL, 'TRY', NULL),
('0c214df0-2cb9-4c24-9316-f3b022246b98', 'ARTPAR-FR-OPCR00H380', 'FAR CORSA F 19-> HALOJEN SAĞ', 'ARTPAR', 'OPEL', '', 'https://cdn.artpar.com/products_migrated-1772832450292-0c214df0-2cb9-4c24-9316-f3b022246b98.webp', 96.81, 52, 'adet', TRUE, '2026-03-06T12:14:28.122126+00:00', NULL, 0, 52, 'USD', 0, 1, '9829465380', 'OPEL', 'CORSA F', 69.15, 40, FALSE, 'KOREA OTOMOTİV', FALSE, 0, NULL, 'TRY', NULL),
('f1e853ce-1fcd-4bde-9d0d-f0013702fc1c', 'ARTPAR-FR-OPCR00H580', 'FAR CORSA F 19-> HALOJEN SOL ', 'ARTPAR', 'FAR', '', 'https://cdn.artpar.com/products/1778258879198-9829465580.webp', 96.81, 50, 'adet', TRUE, '2026-05-08T16:48:00.989355+00:00', NULL, 0, 50, 'USD', 0, 1, '9829465580', 'OPEL', 'CORSA F ', 69.15, 40, FALSE, 'KOREA OTOMOTİV', FALSE, 0, NULL, 'TRY', NULL),
('83679c6f-6a94-440e-9851-abc631e52469', 'ARTPAR-STP-PEURF0080G', 'STOP BERLİNGO/RİFTER/COMBO E/DOBLO DUYSUZ SAĞ', 'OMG', 'STOP', '', '', 1853.775, 0, 'adet', TRUE, '2026-05-06T20:16:27.547919+00:00', NULL, 0, 0, 'TRY', 0, 1, '9820555080', '', '', 1605, 15.5, FALSE, 'OTO İSMAİL', FALSE, 0, NULL, 'TRY', NULL),
('9ce58096-f53f-4b37-a5a0-67b1ac22e622', 'ARTPAR-STP-VWCD00208E', 'STOP CADDY 20-25 LEDLİ SAĞ', 'ARTPAR', 'STOP', '', 'https://cdn.artpar.com/products_1772838244355-2k7945208e.webp', 88.732, 6, 'adet', TRUE, '2026-03-06T23:04:07.02115+00:00', NULL, 0, 6, 'USD', 0, 1, '2K7945208E', 'VOLKSWAGEN', 'CADDY', 63.38, 40, FALSE, '', FALSE, 0, NULL, 'TRY', NULL),
('175cf02d-8e73-4815-ac76-7dab869881d8', 'ARTPAR-LED-RNCL550410R', 'GÜNDÜZ LEDİ RENAULT CLİO 5.5 24-> SOL ', 'ARTPAR', 'RENAULT', '', 'https://cdn.artpar.com/products_migrated-1772832421453-175cf02d-8e73-4815-ac76-7dab869881d8.webp', 51.436, 90, 'adet', TRUE, '2026-03-06T11:10:19.075798+00:00', NULL, 50, 40, 'USD', 0, 1, '266051410R', 'RENAULT', 'CLİO 5.5', 36.74, 40, FALSE, 'KOREA OTOMOTİV', FALSE, 0, NULL, 'TRY', NULL),
('f26872ec-6c56-43d9-87a8-2a0de94a1619', 'ARTPAR-LED-RNCL550703R', 'GÜNDÜZ LEDİ RENAULT CLİO 5.5 24-> SAĞ', 'ARTPAR', 'RENAULT', '', 'https://cdn.artpar.com/products_migrated-1772832420279-f26872ec-6c56-43d9-87a8-2a0de94a1619.webp', 51.436, 90, 'adet', TRUE, '2026-03-06T11:08:54.11518+00:00', NULL, 50, 40, 'USD', 0, 1, '266002703R', 'RENAULT', 'CLİO 5.5', 36.74, 40, FALSE, 'KOREA OTOMOTİV', FALSE, 0, NULL, 'TRY', NULL),
('967cf97d-a533-477f-b571-e78925cbca3e', 'ARTPAR-STP-VWCD00207E', 'STOP CADDY 20-25 LEDLİ SOL', 'ARTPAR', 'STOP', '', 'https://cdn.artpar.com/products_1772838187932-2k7945207e.webp', 88.732, 3, 'adet', TRUE, '2026-03-06T23:03:12.059688+00:00', NULL, 0, 3, 'USD', 0, 1, '2K7945207E', 'VOLKSWAGEN', 'CADDY', 63.38, 40, FALSE, '', FALSE, 0, NULL, 'TRY', NULL),
('c23601e2-ea18-4eeb-9fb2-5c676888cf3a', 'ARTPAR-STP-VWTP50096', 'VOLKSWAGEN TRANSPORTER T5 BEYAZ SİNYALLİ STOP SAĞ', 'MARS', 'STOP', '', 'https://cdn.artpar.com/products/1778097522516-442437533.webp', 583.65, 0, 'adet', TRUE, '2026-05-06T19:58:52.535856+00:00', NULL, 0, 0, 'TRY', 0, 1, '7H0945096', 'VOLKSWAGEN', 'TRANSPORTER T5', 450, 29.7, FALSE, '', FALSE, 0, NULL, 'TRY', NULL),
('94644002-b2ca-49b4-8d71-2f7ea6bcbc1c', 'ARTPAR-STP-VWTP50095', 'VOLKSWAGEN TRANSPORTER T5 BEYAZ SİNYALLİ STOP SOL', 'MARS', 'STOP', '', 'https://cdn.artpar.com/products/1778097831887-442437533.webp', 583.65, 0, 'adet', TRUE, '2026-05-06T20:03:53.721163+00:00', NULL, 0, 0, 'TRY', 0, 1, '7H0945095', 'VOLKSWAGEN', 'TRANSPORTER T5', 450, 29.7, FALSE, '', FALSE, 0, NULL, 'TRY', NULL),
('8ba3ef19-62c6-4c17-9ae0-11028f551eab', 'a', 'abcdefgğhıijklmnoöprs', 'a', 'a', '', '', 11, 8, 'adet', TRUE, '2026-05-12T22:59:00.237601+00:00', NULL, 8, 0, 'TRY', 0, 1, 'a', 'a', 'a', 10, 10, FALSE, 'a', FALSE, 0, NULL, 'TRY', NULL)
ON CONFLICT DO NOTHING;

-- DATA: public.profiles (75 rows)
INSERT INTO public."profiles" ("id", "company_id", "full_name", "is_admin", "created_at") VALUES
('aa735f18-1f5b-4499-a7a4-4af3cb6bf0bb', '9deaa4a8-5305-4602-8534-06363b142bb0', 'HALİL İBRAHİM', FALSE, '2026-04-18T20:40:31.68789+00:00'),
('8066d766-65c7-41af-adcf-2ed15201210c', '953f54e4-c732-479d-aebb-c3cdde585f2b', 'KEMAL VURUŞKA', FALSE, '2026-04-22T16:40:26.46135+00:00'),
('c0d42c1f-1cba-4885-8249-acc013eecee0', '10ca831e-05ef-4082-8b34-02a305e0e653', 'QNB', FALSE, '2026-04-29T20:08:19.658372+00:00'),
('471db45f-a1db-4e7f-85cc-acdfbf3ac712', '8eeffda6-e8c5-4d5d-a9a9-dc79c89c5495', 'Admin User', TRUE, '2026-02-28T17:44:09.998993+00:00'),
('dce35df8-4957-4259-8cfa-3f24a586fa11', '15561659-b05c-4045-b522-3c9a59bb4b84', 'İBRAHİM SADAK', FALSE, '2026-04-30T07:20:56.13648+00:00'),
('6d5f56fc-42b4-472d-bdbb-295049a46a44', '21d36240-e51f-4504-bc78-e44933cc1691', 'DENEME', FALSE, '2026-03-20T20:55:59.422545+00:00'),
('d8504e2c-5599-4e6a-b8a7-49b70a89c1ac', '2830e63e-62f2-4b69-b905-2863b0b52597', 'BURHAN AVCI', FALSE, '2026-03-23T08:31:35.201566+00:00'),
('7d40e177-9e29-4f2e-8c1b-ecd1eb997159', '6fe90dfa-91b2-4e35-82df-0292cdaac4a3', 'ALİ SUNAL YILMAZ', FALSE, '2026-03-23T09:03:05.462098+00:00'),
('353edf4d-ec2a-4396-b6b5-8d0d14401427', 'ed0ac39f-e76d-4f83-ae31-8bde69780376', 'SİNEM AKÇİN', FALSE, '2026-03-23T09:10:03.115887+00:00'),
('a78982af-544f-45f4-8fc2-baf13a3f3c99', 'fb4cd70f-3d9c-4018-a0e9-12d3fb4833ab', 'RECEP TUNCAY', FALSE, '2026-03-23T09:18:49.118411+00:00'),
('8b0ee5d1-6277-42f1-b375-f791873e6702', '1700d180-3369-415d-afd0-cb131afd2d26', 'SERTAN TUNÇEL', FALSE, '2026-03-23T10:39:15.245314+00:00'),
('f158975f-7a49-4583-8102-286adce4267b', 'a09751cf-8dbc-4b5b-b868-63e5aa409ae6', 'ERSİN KEYİKÇİ', FALSE, '2026-03-23T10:43:13.154386+00:00'),
('34b4eb9b-b118-4f2f-b46c-c6883cb4df2a', '6797deb1-459c-42dc-b16f-c2ea4938f847', 'OZAN BEY', FALSE, '2026-03-23T16:34:16.364623+00:00'),
('1a866c52-ae2b-4552-a931-fef885a5fedf', 'f6a78b6a-291b-42d7-9c79-8a1001111225', 'ENGİN BEY', FALSE, '2026-03-23T16:53:19.664281+00:00'),
('8c397daf-9c3b-4e67-aecd-a564153eb698', 'e9423a1f-1f3a-4ca1-acba-7d88a2c2a8d2', 'ERDİNÇ GÖKÇE', FALSE, '2026-03-23T16:58:02.846749+00:00'),
('99e773e0-2e35-4c31-824c-71e5b6369c91', 'e9b42167-36ce-4469-aa37-e4e0d66418f3', 'HALİL ARIK', FALSE, '2026-03-23T19:38:29.039542+00:00'),
('91ff382c-93c4-4efe-9bfe-5db48e3f048f', '4fbd04f9-dae2-489d-8b46-5b4f32caece1', 'VEDAT TÜRKER', FALSE, '2026-03-24T13:01:33.555315+00:00'),
('2f828aec-4fd8-497b-95a5-279accb7415d', '91da6ed0-f0f5-492f-a5aa-8c045f7df2f5', 'HAMDİN GÜMÜŞ', FALSE, '2026-03-24T13:04:41.42415+00:00'),
('8e0704ee-ee99-49ed-be86-c8ccc27cd918', 'bfcdaa09-4a36-48ba-9330-8c49cc1c1ef7', 'CEVDET BEY', FALSE, '2026-03-24T17:07:18.700795+00:00'),
('40033e13-f9bc-4460-86f3-61aeacb9c28d', 'f9110d1b-b606-43f9-b638-cf9505fb8c43', 'DENİZ BEY', FALSE, '2026-03-25T10:22:47.671149+00:00'),
('1effba6f-7fc5-48b9-8017-715640ea801b', '1f82d760-ed81-4cfe-8cb5-0647b76ece8b', 'KAMİL KURTULAN', FALSE, '2026-03-25T11:23:51.293172+00:00'),
('fa1617a0-2f8d-43a4-a4b3-af4890a5082a', '06cd3be0-7a99-4cc8-9b9f-c7c8f8a8649e', 'İBRAHİM BURHAN', FALSE, '2026-03-25T11:32:30.242978+00:00'),
('e294c245-faa6-49df-b281-c6ad0f54f653', '005ec7b8-9df8-48d7-8768-fba53d178b62', 'RECEP KURTULAN', FALSE, '2026-03-25T11:35:22.97328+00:00'),
('9a22da0f-119e-4c87-a9b5-f69790a65709', '9922970a-ffa4-4f1d-b49a-31a60fac03e1', 'FATİH BEY', FALSE, '2026-03-25T15:59:23.305106+00:00'),
('6fffd802-274c-4b7b-a6ce-3774fe3dd6ae', 'c0fc11cf-808c-4b2e-87fb-b9cf6d5f05ea', 'GÖKHAN KAPLAN', FALSE, '2026-03-25T19:02:09.417448+00:00'),
('e7cf9204-e930-478d-8f5a-4aaf9cbb2dda', 'be28d9af-33cd-439a-84d2-571db56be134', 'VOLKAN BAŞEĞMEZ', FALSE, '2026-03-26T08:13:50.409979+00:00'),
('6e9361ed-4ebb-4e5d-9e26-42df9e440ed6', '539a73a4-5dce-41ae-a986-c46176c3ef6c', 'BARAN YILDIRIM', FALSE, '2026-03-26T08:17:03.355187+00:00'),
('9b436ef9-cf00-4e2f-a221-28d45646d0c5', 'a565e0dd-bc9d-470b-be9e-763730cbd4e2', 'ALİ DEVRAN ASLANTÜRK', FALSE, '2026-03-27T17:24:42.092966+00:00'),
('48b699f4-40e1-4d53-b5c5-224a8109be73', '09627bdb-0b0c-44b7-b379-b13d38353f71', 'MÜCAHİT BEY', FALSE, '2026-03-27T17:31:56.452125+00:00'),
('fdb8e03e-c09f-46d3-bd52-06bd1fe024e3', '4684a203-e68d-4094-8480-1253e5999e1e', 'EMRE ÜSTÜNDAĞ', FALSE, '2026-03-27T17:34:38.640238+00:00'),
('83b74096-c872-425a-918d-14191ade1909', '22496f00-c3a0-4a32-be5a-8c6dd90d648f', 'MEHMET ÇAKIR', FALSE, '2026-03-27T18:44:25.491259+00:00'),
('8a49484d-581f-44dd-8710-1fa8c41944ae', 'e9849a31-aea7-42bc-89e8-500e56fb0f5f', 'Murat İpek', FALSE, '2026-03-30T07:40:40.449816+00:00'),
('d93acdf0-87cb-4664-96a9-b8117cde052e', 'a6d7af90-4744-4f5c-a7b3-780440bde610', 'OĞUZHAN BALIK', FALSE, '2026-03-30T12:11:55.87207+00:00'),
('5737b759-977c-4d13-a256-f93d66e15654', 'f37295fe-8ea0-45ff-81d6-b399172d9680', 'SEDAT DEPE', FALSE, '2026-03-30T12:17:12.294614+00:00'),
('251584a7-d204-4cb7-9cb0-eff4060b8240', '21fb9815-d071-4390-baf1-79931800714f', 'BEDİRHAN BEY', FALSE, '2026-03-30T13:59:42.655485+00:00'),
('d04b197a-a856-492d-a8a1-2653bd904afc', '1830ccd2-9172-40f4-a4ed-bd97d3a4124d', 'UFUK OKAY', FALSE, '2026-03-31T16:41:06.146541+00:00'),
('5e798186-4b05-4ff1-b785-d6686b6673d9', '06829281-78f1-4192-8da8-7020c5e042ac', 'BURAK YÜRÜR', FALSE, '2026-04-01T16:12:48.908402+00:00'),
('f46b9002-bbd0-4423-9d9c-ccff436df0b9', '3adb380a-3bbf-4c02-a872-28f373d23f99', 'ÜMİT KARATAŞ', FALSE, '2026-04-01T16:20:33.811764+00:00'),
('6a2e613a-ab06-452d-b116-ecc8925a21e8', '475c37dd-713a-4a91-8ad3-eeee2c3b1bc3', 'MURAT ŞAŞMAZ', FALSE, '2026-03-23T09:40:59.646218+00:00'),
('427ddd91-2a9a-44c0-8644-34d73680b54b', '1e7932bc-60a3-4fb7-966a-ccab096425a3', 'İSRAFİL GÜNEŞ', FALSE, '2026-04-02T09:10:58.639488+00:00'),
('0add6e4a-0e12-419c-9dbd-b44212bc5a78', '1a05fe7d-fcb2-44c0-8d2d-bfc41f522a70', 'MUSTAFA ÖZDEMİR', FALSE, '2026-04-02T20:12:53.724109+00:00'),
('551b9b07-5ff8-49ca-955a-6bc48fbc7b24', '684405cc-0ef3-400d-a02f-8dc2f224c155', 'TAHA DURGUN', FALSE, '2026-04-02T20:22:07.260689+00:00'),
('4301787d-b914-4651-91bd-6ae462cd2620', '67158c2f-6c78-4264-8625-406ad0811b4e', 'BURAK BEY', FALSE, '2026-04-03T12:05:17.795557+00:00'),
('47fe9f38-2206-4585-abd8-80efd6fc7019', '27eb9f9a-1c00-4061-a86e-089de693a59f', 'EMRE BEY', FALSE, '2026-04-03T18:02:51.229836+00:00'),
('e363c7fc-cbc2-4b6b-bf8b-505c26121f50', '1ad3b2f0-81ac-4b47-a38f-16b1fa83b53f', 'YUSUF KOCAKAPLAN', FALSE, '2026-03-23T08:43:52.522638+00:00'),
('ea21de2f-79ee-4de0-bfa3-23335f9f08ec', '0fd3de77-9227-40a6-afa8-0fc221b6b796', 'VEYSEL BALMIŞ', FALSE, '2026-05-07T14:32:07.925382+00:00'),
('094af071-6965-4938-ad96-bf982eeadcb9', 'fbf6b5f0-3866-4d1a-aefd-a3991d70cfa3', 'MUSFAFA ÖZLÜCE', FALSE, '2026-04-04T14:55:35.880779+00:00'),
('0937672b-3b2b-49a4-89ba-5bfb367a4eb7', '991278b8-7ea4-462f-8645-e0effdd4bd80', 'HÜSEYİN GÜMÜŞ', FALSE, '2026-04-05T15:06:28.856393+00:00'),
('66ac7d2e-9086-4e2d-9116-1deafffcf303', '7da40b47-0dc4-4cd9-8323-2fffd1702d83', 'İSA UĞURLU', FALSE, '2026-04-06T16:58:52.510064+00:00'),
('3705b643-bdb3-4e08-a5b8-f762eeaedd05', 'fed03adb-2014-4d3c-8db6-7f9c47f1b783', 'abc', FALSE, '2026-04-07T09:13:31.568632+00:00'),
('28944f68-a4b8-46e9-91ec-3c9c51be5448', '69cffa05-ea62-40bb-ae14-9fefd982fa13', 'ALİ BAKAÇHAN', FALSE, '2026-05-08T17:12:26.933173+00:00'),
('5b4edce0-c704-4292-a8c6-103c89eebf44', '945e7a03-30bd-416c-98ef-935dfbbb40ea', 'FERHAT BEY', FALSE, '2026-04-07T12:14:49.841695+00:00'),
('dc5642a2-b5ad-4993-bd6f-cc131c216376', 'aeab2850-86c5-41ef-9c56-d0509ec4686b', 'CENGİZ TOPÇU', FALSE, '2026-04-04T14:51:54.096545+00:00'),
('26c44ad8-880f-43e8-89cd-d621bdc90f43', '4d23ea0b-8f17-496f-955e-3330a2d665b5', 'RAMAZAN UĞURLU', FALSE, '2026-04-08T10:49:16.890235+00:00'),
('8646d9c3-e462-4e22-a45f-6a92cb11feec', '90aecc6f-c79d-4be7-9eb7-09bb55ae608d', 'ERDİNÇ TÜRKMEN', FALSE, '2026-04-08T11:59:18.625834+00:00'),
('5ffbae96-3007-480f-bcf2-089088ecbe5d', '8297e8fd-a34e-437d-be8c-65228a4a2f5b', 'ALİ GÖKGEZ', FALSE, '2026-04-08T12:03:28.148095+00:00'),
('8908b724-b8f4-45b3-8438-61ac803ffa02', '29296a9f-1c92-40be-8fda-f8e21630d495', 'MEHMET DİNÇ', FALSE, '2026-04-08T20:11:59.47611+00:00'),
('5ddb1bf6-57ed-4fde-8af1-3ede452d277b', '1011321b-3dbd-4c0f-8a53-4ae83d6defec', 'ÖMER KAYA', FALSE, '2026-04-08T20:14:29.116793+00:00'),
('e0b1bddc-aa5b-4bea-bc89-52df05520884', 'a2a7e92a-ed73-4caf-8faf-d590fb835d31', 'MERTCAN ÇAKIR', FALSE, '2026-04-09T07:28:02.047527+00:00'),
('cda42536-266b-4882-9a7c-3028a8b4bf10', 'b2ccd813-75e7-40b8-80ae-37a67c28994a', 'DENİZ BEY', FALSE, '2026-04-09T08:46:06.568211+00:00'),
('10ab8eca-9cfa-49a1-ab8a-8ccd9b31c9e0', 'a83c8260-f9f1-453c-8915-b129f6a6687d', 'SERCAN TÜRKERİ', FALSE, '2026-04-09T09:16:46.517964+00:00'),
('822afa8d-aded-43ea-82fa-4def98ea3ae3', 'a9be0dc6-62e0-416a-8c43-30d2213ba023', 'HAZAR KAYA', FALSE, '2026-04-09T09:44:36.781718+00:00'),
('41893c5b-12ad-42b7-bc2f-6d8ff1a445c1', '7160086b-b76f-4480-b769-4f1237dc4cca', 'ERDİNÇ BEY', FALSE, '2026-04-10T07:24:37.071136+00:00'),
('09bbfe10-e0cf-4dd9-b42e-37b58a027988', '0fe851e5-b4e1-420a-991d-8552142a44ef', 'KERİM BEY', FALSE, '2026-04-10T10:40:10.240581+00:00'),
('2a8a651b-7c67-4bc1-8d54-a730fa6ad4ee', 'd7369d7c-1a50-420e-999f-e684e8b48710', 'OĞUZ BEY', FALSE, '2026-04-10T12:30:40.921855+00:00'),
('c47d9583-4a8c-4d7a-9989-8632fbcd3679', '801483f2-1a46-4d6b-bba5-4f7e81f95316', 'FATİH BARAN', FALSE, '2026-04-10T12:36:10.548331+00:00'),
('d490a75e-54f3-40d1-b4f0-de5a6b71b18b', 'fac419f1-306d-4e8d-8104-8a127b480d68', 'SERKAN BEY', FALSE, '2026-04-10T20:50:26.285386+00:00'),
('d563f368-f2ac-40a7-891b-be9892b42b26', '5441ac8e-b36e-436f-b674-593fe97a37b9', 'GAZİANTEP YEDEK PRC.', FALSE, '2026-04-13T10:59:15.174401+00:00'),
('b5005965-98aa-4e7b-8a98-f595b4651af3', '591d0f23-28ad-4f53-89aa-dfecdb988692', 'HARUN SARI', FALSE, '2026-04-13T12:02:42.896304+00:00'),
('a932098c-e06a-47ce-a091-fddf73034228', '4cfafb75-2565-4bfe-ba56-6e30f25d6486', 'SIDDIK KIRICI', FALSE, '2026-04-14T12:47:30.23854+00:00'),
('4a18a469-aeaf-48ea-9918-80e292e82346', '3b51acf0-9ae2-4d73-8800-b49bb6d8a789', 'ÖZGÜR BOZKURT', FALSE, '2026-04-15T08:34:34.08153+00:00'),
('6deedfc7-fa80-4901-93eb-74882287e700', 'be7ab05c-089c-4877-873f-a8cc7aa39ac7', 'FURKAN BEY', FALSE, '2026-04-16T12:14:47.099144+00:00'),
('bae1c313-4f09-4e53-9406-c4a04dbf8a5c', '5b459aee-7500-4ef7-9bd2-1392238f53b9', 'SEFER DOLDURAN', FALSE, '2026-04-16T18:03:07.696574+00:00'),
('89971aff-b029-435f-b56e-0bd3efd30ba7', '6464f1d0-9b24-47d4-ae69-7dfeaa8c894a', 'ALİ BEY', FALSE, '2026-04-17T09:02:44.428266+00:00'),
('6f5d1fe2-0201-4109-b6c9-e373d120d462', '9e659b51-99e8-48e7-ac3f-05a637872a83', 'OSMAN ZEKİ DEMİR', FALSE, '2026-05-12T18:04:55.879112+00:00')
ON CONFLICT DO NOTHING;

-- DATA: public.representative_assignments (65 rows)
INSERT INTO public."representative_assignments" ("id", "representative_id", "company_id", "created_at") VALUES
('e8dcec47-a0bd-442d-8835-9273e4cfb2f7', '44f519b4-5ecc-47ff-8541-efdfec521d3c', '1830ccd2-9172-40f4-a4ed-bd97d3a4124d', '2026-04-15T20:48:27.067644+00:00'),
('aad978a0-96e2-435e-b52f-e3a556af6f27', '44f519b4-5ecc-47ff-8541-efdfec521d3c', '4fbd04f9-dae2-489d-8b46-5b4f32caece1', '2026-04-15T20:48:27.067644+00:00'),
('dea1915c-6e69-4e99-a30a-9a2ff6aba30b', '44f519b4-5ecc-47ff-8541-efdfec521d3c', 'fed03adb-2014-4d3c-8db6-7f9c47f1b783', '2026-04-15T20:48:27.067644+00:00'),
('9e0ec35d-ba19-4082-b9b2-2d14ea165fbd', '44f519b4-5ecc-47ff-8541-efdfec521d3c', 'f6a78b6a-291b-42d7-9c79-8a1001111225', '2026-04-15T20:48:27.067644+00:00'),
('f3cca155-6dfa-4754-b5d0-4e09faf9473a', '44f519b4-5ecc-47ff-8541-efdfec521d3c', 'e9b42167-36ce-4469-aa37-e4e0d66418f3', '2026-04-15T20:48:27.067644+00:00'),
('ec326f6d-9e2e-455f-b639-e12ed07dc91a', '44f519b4-5ecc-47ff-8541-efdfec521d3c', '6fe90dfa-91b2-4e35-82df-0292cdaac4a3', '2026-04-15T20:48:27.067644+00:00'),
('45eb427b-66fb-4ba6-bfe7-d0e7f4d59f97', '44f519b4-5ecc-47ff-8541-efdfec521d3c', 'a565e0dd-bc9d-470b-be9e-763730cbd4e2', '2026-04-15T20:48:27.067644+00:00'),
('9e252617-56e9-4fcf-a594-4b669f343008', '44f519b4-5ecc-47ff-8541-efdfec521d3c', '67158c2f-6c78-4264-8625-406ad0811b4e', '2026-04-15T20:48:27.067644+00:00'),
('5eacdd9e-f552-4667-8bec-bd9fc2ccc99f', '44f519b4-5ecc-47ff-8541-efdfec521d3c', 'aeab2850-86c5-41ef-9c56-d0509ec4686b', '2026-04-15T20:48:27.067644+00:00'),
('c3337b5d-6e30-48a5-9cc2-5b9ad2922777', '44f519b4-5ecc-47ff-8541-efdfec521d3c', '005ec7b8-9df8-48d7-8768-fba53d178b62', '2026-04-15T20:48:27.067644+00:00'),
('e4e31f77-7286-414a-89b2-fc1f22e34df7', '44f519b4-5ecc-47ff-8541-efdfec521d3c', 'f37295fe-8ea0-45ff-81d6-b399172d9680', '2026-04-15T20:48:27.067644+00:00'),
('675d0565-38c3-49d7-ab92-fa8fd0f69e75', '44f519b4-5ecc-47ff-8541-efdfec521d3c', 'be28d9af-33cd-439a-84d2-571db56be134', '2026-04-15T20:48:27.067644+00:00'),
('cb969348-b8b7-4704-add0-8602573a0850', '44f519b4-5ecc-47ff-8541-efdfec521d3c', '06cd3be0-7a99-4cc8-9b9f-c7c8f8a8649e', '2026-04-15T20:48:27.067644+00:00'),
('9fbd6016-1d7a-4ca1-a073-95b32e29a108', '44f519b4-5ecc-47ff-8541-efdfec521d3c', '7da40b47-0dc4-4cd9-8323-2fffd1702d83', '2026-04-15T20:48:27.067644+00:00'),
('15603587-bc15-4987-8cd2-eef8d28cddaf', '44f519b4-5ecc-47ff-8541-efdfec521d3c', '22496f00-c3a0-4a32-be5a-8c6dd90d648f', '2026-04-15T20:48:27.067644+00:00'),
('31ac2c67-6eec-4ab5-aaf8-566802ac1a8f', '44f519b4-5ecc-47ff-8541-efdfec521d3c', '1011321b-3dbd-4c0f-8a53-4ae83d6defec', '2026-04-15T20:48:27.067644+00:00'),
('db85b97c-41ab-4a6a-88f9-28492dc15be7', '44f519b4-5ecc-47ff-8541-efdfec521d3c', '21d36240-e51f-4504-bc78-e44933cc1691', '2026-04-15T20:48:27.067644+00:00'),
('35260b0f-6408-46fe-ad2a-7289dbe0c1b7', '44f519b4-5ecc-47ff-8541-efdfec521d3c', '21fb9815-d071-4390-baf1-79931800714f', '2026-04-15T20:48:27.067644+00:00'),
('a39688a8-3978-4028-b178-3efb0826810f', '44f519b4-5ecc-47ff-8541-efdfec521d3c', 'b2ccd813-75e7-40b8-80ae-37a67c28994a', '2026-04-15T20:48:27.067644+00:00'),
('4a8e2f5f-d0cc-4f6d-b0f4-ccbcfa30b7c9', '44f519b4-5ecc-47ff-8541-efdfec521d3c', 'a09751cf-8dbc-4b5b-b868-63e5aa409ae6', '2026-04-15T20:48:27.067644+00:00'),
('19c69718-1849-4c0f-b071-43d6a9e24c5f', '44f519b4-5ecc-47ff-8541-efdfec521d3c', 'fac419f1-306d-4e8d-8104-8a127b480d68', '2026-04-15T20:48:27.067644+00:00'),
('941b8d25-5126-473b-8ff4-e273a0784d87', '44f519b4-5ecc-47ff-8541-efdfec521d3c', '27eb9f9a-1c00-4061-a86e-089de693a59f', '2026-04-15T20:48:27.067644+00:00'),
('276168e5-d4b9-4d5d-afad-4f48efe6e775', '44f519b4-5ecc-47ff-8541-efdfec521d3c', '09627bdb-0b0c-44b7-b379-b13d38353f71', '2026-04-15T20:48:27.067644+00:00'),
('2c5aef6c-7971-47fc-8de9-b81af3682fd4', '44f519b4-5ecc-47ff-8541-efdfec521d3c', 'e9423a1f-1f3a-4ca1-acba-7d88a2c2a8d2', '2026-04-15T20:48:27.067644+00:00'),
('a104d869-efd0-4846-8bc6-7ca52c80a1d1', '44f519b4-5ecc-47ff-8541-efdfec521d3c', 'f9110d1b-b606-43f9-b638-cf9505fb8c43', '2026-04-15T20:48:27.067644+00:00'),
('4dce38d2-649f-41e8-aed6-cf3766ed8ad9', '44f519b4-5ecc-47ff-8541-efdfec521d3c', '991278b8-7ea4-462f-8645-e0effdd4bd80', '2026-04-15T20:48:27.067644+00:00'),
('7a326b69-e107-4ed1-b50f-70731e8be7f4', '44f519b4-5ecc-47ff-8541-efdfec521d3c', '91da6ed0-f0f5-492f-a5aa-8c045f7df2f5', '2026-04-15T20:48:27.067644+00:00'),
('74e4ec6e-ad0b-4f96-8453-c3d334596a55', '44f519b4-5ecc-47ff-8541-efdfec521d3c', 'd7369d7c-1a50-420e-999f-e684e8b48710', '2026-04-15T20:48:27.067644+00:00'),
('7148174c-6a1d-4932-9227-af5caf62d64c', '44f519b4-5ecc-47ff-8541-efdfec521d3c', 'e9849a31-aea7-42bc-89e8-500e56fb0f5f', '2026-04-15T20:48:27.067644+00:00'),
('bade9378-43ba-42c5-83c6-0551ed1bfc12', '44f519b4-5ecc-47ff-8541-efdfec521d3c', 'c0fc11cf-808c-4b2e-87fb-b9cf6d5f05ea', '2026-04-15T20:48:27.067644+00:00'),
('bee72af9-e55c-4a78-9bbf-c0216f9ea0ea', '44f519b4-5ecc-47ff-8541-efdfec521d3c', '5441ac8e-b36e-436f-b674-593fe97a37b9', '2026-04-15T20:48:27.067644+00:00'),
('bfd18d8a-023a-4cfa-a968-9e4e55cbc99c', '44f519b4-5ecc-47ff-8541-efdfec521d3c', '1e7932bc-60a3-4fb7-966a-ccab096425a3', '2026-04-15T20:48:27.067644+00:00'),
('8394c9a3-db1a-4cab-83da-02860025421b', '44f519b4-5ecc-47ff-8541-efdfec521d3c', '29296a9f-1c92-40be-8fda-f8e21630d495', '2026-04-15T20:48:27.067644+00:00'),
('28d7d8c6-4ed9-449e-9bfb-da4e31edd252', '44f519b4-5ecc-47ff-8541-efdfec521d3c', '1ad3b2f0-81ac-4b47-a38f-16b1fa83b53f', '2026-04-15T20:48:27.067644+00:00'),
('2f752b66-5a01-4a38-9f9b-3d2a63e6c591', '44f519b4-5ecc-47ff-8541-efdfec521d3c', '475c37dd-713a-4a91-8ad3-eeee2c3b1bc3', '2026-04-15T20:48:27.067644+00:00'),
('bda87bae-000d-4059-b59e-7d335ccbc0c3', '44f519b4-5ecc-47ff-8541-efdfec521d3c', '4684a203-e68d-4094-8480-1253e5999e1e', '2026-04-15T20:48:27.067644+00:00'),
('80618cb9-2372-46d1-8ab7-0fb6e8d24429', '44f519b4-5ecc-47ff-8541-efdfec521d3c', '06829281-78f1-4192-8da8-7020c5e042ac', '2026-04-15T20:48:27.067644+00:00'),
('2a326604-d715-4e19-a11e-4757019e7bba', '44f519b4-5ecc-47ff-8541-efdfec521d3c', 'a2a7e92a-ed73-4caf-8faf-d590fb835d31', '2026-04-15T20:48:27.067644+00:00'),
('3dc9348f-c3d7-46b8-9819-1d3e8dbedf65', '44f519b4-5ecc-47ff-8541-efdfec521d3c', '7160086b-b76f-4480-b769-4f1237dc4cca', '2026-04-15T20:48:27.067644+00:00'),
('efc12181-b6ee-4e65-8708-f4ff5f0cfa93', '44f519b4-5ecc-47ff-8541-efdfec521d3c', 'bfcdaa09-4a36-48ba-9330-8c49cc1c1ef7', '2026-04-15T20:48:27.067644+00:00'),
('33c96ae3-9382-44bb-869b-651380ae4034', '44f519b4-5ecc-47ff-8541-efdfec521d3c', '591d0f23-28ad-4f53-89aa-dfecdb988692', '2026-04-15T20:48:27.067644+00:00'),
('b0894549-3535-4851-ac8c-f81042073b1a', '44f519b4-5ecc-47ff-8541-efdfec521d3c', '945e7a03-30bd-416c-98ef-935dfbbb40ea', '2026-04-15T20:48:27.067644+00:00'),
('db20d6d2-b0a4-4339-9391-c7d0f5405446', '44f519b4-5ecc-47ff-8541-efdfec521d3c', '1a05fe7d-fcb2-44c0-8d2d-bfc41f522a70', '2026-04-15T20:48:27.067644+00:00'),
('a1bb31d2-316b-46b2-95eb-c07a47a3feb9', '44f519b4-5ecc-47ff-8541-efdfec521d3c', 'fbf6b5f0-3866-4d1a-aefd-a3991d70cfa3', '2026-04-15T20:48:27.067644+00:00'),
('78518b7d-05a5-44b7-9ca9-6242f816370c', '44f519b4-5ecc-47ff-8541-efdfec521d3c', '3adb380a-3bbf-4c02-a872-28f373d23f99', '2026-04-15T20:48:27.067644+00:00'),
('098edbe5-1ff6-4acc-a91b-ca2ebe79738a', '44f519b4-5ecc-47ff-8541-efdfec521d3c', '3b51acf0-9ae2-4d73-8800-b49bb6d8a789', '2026-04-15T20:48:27.067644+00:00'),
('6f9d6dc1-6df4-4ce3-ab5e-08daf70053e5', '44f519b4-5ecc-47ff-8541-efdfec521d3c', '8eeffda6-e8c5-4d5d-a9a9-dc79c89c5495', '2026-04-15T20:48:27.067644+00:00'),
('435e39dc-b5ed-4d06-b67a-a6c5cf9e1829', '44f519b4-5ecc-47ff-8541-efdfec521d3c', 'a6d7af90-4744-4f5c-a7b3-780440bde610', '2026-04-15T20:48:27.067644+00:00'),
('5f0da291-f46c-42fa-b56e-fc177847a7ef', '44f519b4-5ecc-47ff-8541-efdfec521d3c', '6797deb1-459c-42dc-b16f-c2ea4938f847', '2026-04-15T20:48:27.067644+00:00'),
('13bdacfe-9eb1-43dc-9598-e786e48865d2', '44f519b4-5ecc-47ff-8541-efdfec521d3c', 'a83c8260-f9f1-453c-8915-b129f6a6687d', '2026-04-15T20:48:27.067644+00:00'),
('8ae18be6-b094-4bac-a42d-3739784a96bb', '44f519b4-5ecc-47ff-8541-efdfec521d3c', '2830e63e-62f2-4b69-b905-2863b0b52597', '2026-04-15T20:48:27.067644+00:00'),
('6e99e3c4-475e-4a8b-92bc-71f889a85b89', '44f519b4-5ecc-47ff-8541-efdfec521d3c', '4d23ea0b-8f17-496f-955e-3330a2d665b5', '2026-04-15T20:48:27.067644+00:00'),
('c50f808a-0299-4939-91a3-b7c73ef08b49', '44f519b4-5ecc-47ff-8541-efdfec521d3c', '801483f2-1a46-4d6b-bba5-4f7e81f95316', '2026-04-15T20:48:27.067644+00:00'),
('b4b74758-0dc9-4507-bc77-222d306dd419', '44f519b4-5ecc-47ff-8541-efdfec521d3c', 'ed0ac39f-e76d-4f83-ae31-8bde69780376', '2026-04-15T20:48:27.067644+00:00'),
('d3fc1d7d-2fd9-4339-a1b0-9c2ee3c913da', '44f519b4-5ecc-47ff-8541-efdfec521d3c', '1f82d760-ed81-4cfe-8cb5-0647b76ece8b', '2026-04-15T20:48:27.067644+00:00'),
('5e050f00-86bc-4d7d-92dc-3f7e6faa7071', '44f519b4-5ecc-47ff-8541-efdfec521d3c', '8297e8fd-a34e-437d-be8c-65228a4a2f5b', '2026-04-15T20:48:27.067644+00:00'),
('f2148fad-996a-4910-8007-2c93dcb9a2cc', '44f519b4-5ecc-47ff-8541-efdfec521d3c', '684405cc-0ef3-400d-a02f-8dc2f224c155', '2026-04-15T20:48:27.067644+00:00'),
('0f903aec-6e06-4979-9597-74bf1cc85908', '44f519b4-5ecc-47ff-8541-efdfec521d3c', '4cfafb75-2565-4bfe-ba56-6e30f25d6486', '2026-04-15T20:48:27.067644+00:00'),
('fbefb9d2-e8f9-4929-9eb0-5ac55da9f6b9', '44f519b4-5ecc-47ff-8541-efdfec521d3c', 'a9be0dc6-62e0-416a-8c43-30d2213ba023', '2026-04-15T20:48:27.067644+00:00'),
('3f3bc0d5-a5fb-487a-bdbe-44d01bfbbcce', '44f519b4-5ecc-47ff-8541-efdfec521d3c', '9922970a-ffa4-4f1d-b49a-31a60fac03e1', '2026-04-15T20:48:27.067644+00:00'),
('96b9dba2-3126-48e5-990d-6ff7031af1ea', '44f519b4-5ecc-47ff-8541-efdfec521d3c', '539a73a4-5dce-41ae-a986-c46176c3ef6c', '2026-04-15T20:48:27.067644+00:00'),
('44327119-d085-40b3-99d5-b677ecea03e1', '44f519b4-5ecc-47ff-8541-efdfec521d3c', '1700d180-3369-415d-afd0-cb131afd2d26', '2026-04-15T20:48:27.067644+00:00'),
('a54cb774-8418-4d5f-8d53-c45de4cd51be', '44f519b4-5ecc-47ff-8541-efdfec521d3c', 'fb4cd70f-3d9c-4018-a0e9-12d3fb4833ab', '2026-04-15T20:48:27.067644+00:00'),
('50e6245a-499b-48d8-a7f4-908ecead6dba', '44f519b4-5ecc-47ff-8541-efdfec521d3c', '90aecc6f-c79d-4be7-9eb7-09bb55ae608d', '2026-04-15T20:48:27.067644+00:00'),
('856baff8-90e5-4371-a166-e2f50e0fa78c', '44f519b4-5ecc-47ff-8541-efdfec521d3c', '0fe851e5-b4e1-420a-991d-8552142a44ef', '2026-04-15T20:48:27.067644+00:00')
ON CONFLICT DO NOTHING;

-- DATA: public.site_settings (1 rows)
INSERT INTO public."site_settings" ("setting_key", "setting_value", "updated_at") VALUES
('maintenance_mode', '{"/dashboard":{"active":false,"message":"deneme"},"/dashboard/cart":{"active":false,"message":"Sepet altyapımızda güncelleme yapılmaktadır."},"/dashboard/catalog":{"active":false,"message":"Katalog verilerimiz güncellenmektedir."},"/dashboard/payment":{"active":false,"message":"Ödeme sistemimizde kısa süreli bir bakım çalışması yapılmaktadır."}}'::jsonb, '2026-05-12T19:34:33.522+00:00')
ON CONFLICT DO NOTHING;

-- DATA: public.stock_movements (3 rows)
INSERT INTO public."stock_movements" ("id", "product_id", "type", "quantity", "note", "created_by", "created_at") VALUES
('e838d7c7-06a5-418f-93df-360b48417250', 'daab0f8e-6fee-4eb3-b83c-bd6f44be8287', 'out', 1, 'Sipariş: 03f7b7ad-3239-4830-893a-7a9d84170fdc', '471db45f-a1db-4e7f-85cc-acdfbf3ac712', '2026-03-23T22:21:29.686003+00:00'),
('9603689d-2347-49f3-a5bf-e442fd43fdc8', '44f5dd46-c78f-4baa-8d81-c03c8fdef1db', 'out', 1, 'Sipariş: d7b3465e-bb4d-4765-a711-307152f520d7', '471db45f-a1db-4e7f-85cc-acdfbf3ac712', '2026-03-24T11:48:26.702476+00:00'),
('bd1b311f-a233-41d6-b621-153269d55c7c', 'daab0f8e-6fee-4eb3-b83c-bd6f44be8287', 'out', 1, 'Sipariş: 810921e6-d5cb-4668-9086-758782fc92e1', '6d5f56fc-42b4-472d-bdbb-295049a46a44', '2026-03-26T08:59:35.581802+00:00')
ON CONFLICT DO NOTHING;

-- DATA: public.suggestions (1 rows)
INSERT INTO public."suggestions" ("id", "company_id", "user_id", "subject", "message", "created_at") VALUES
('3374660e-eed6-45fd-bf34-0167f9e074e3', '21d36240-e51f-4504-bc78-e44933cc1691', '6d5f56fc-42b4-472d-bdbb-295049a46a44', 'ASDADA', 'ASDAD', '2026-05-12T22:53:08.131697+00:00')
ON CONFLICT DO NOTHING;

-- DATA: public.user_activities (496 rows)
INSERT INTO public."user_activities" ("id", "company_id", "action_type", "details", "created_at") VALUES
('a11af283-e203-4f7d-b442-b7c125610ddf', '6464f1d0-9b24-47d4-ae69-7dfeaa8c894a', 'search', '{"text":"JX7B13404AD","brand":"","is_new":false,"carBrand":"","carModel":"","in_stock":false,"low_stock":false,"is_campaign":false}'::jsonb, '2026-05-01T06:26:30.907595+00:00'),
('aceb9b76-8acd-47eb-be99-e9c23bca4019', '6464f1d0-9b24-47d4-ae69-7dfeaa8c894a', 'search', '{"text":"FOCUS SAĞ STOP","brand":"","is_new":false,"carBrand":"","carModel":"","in_stock":false,"low_stock":false,"is_campaign":false}'::jsonb, '2026-05-01T06:26:41.650827+00:00'),
('2b5ee6a0-898b-4735-9526-496e8b0cdd39', '6464f1d0-9b24-47d4-ae69-7dfeaa8c894a', 'search', '{"text":"FOCUS STOP","brand":"","is_new":false,"carBrand":"","carModel":"","in_stock":false,"low_stock":false,"is_campaign":false}'::jsonb, '2026-05-01T06:27:12.42377+00:00'),
('d6752dba-8b5c-47d7-93c4-40f525200e82', 'aeab2850-86c5-41ef-9c56-d0509ec4686b', 'search', '{"text":"63217369117","brand":"","is_new":false,"carBrand":"","carModel":"","in_stock":false,"low_stock":false,"is_campaign":false}'::jsonb, '2026-05-01T06:41:48.704966+00:00'),
('98561b63-69d8-4a31-8b26-fdcbbb33483a', 'aeab2850-86c5-41ef-9c56-d0509ec4686b', 'search', '{"text":"63217369119","brand":"","is_new":false,"carBrand":"","carModel":"","in_stock":false,"low_stock":false,"is_campaign":false}'::jsonb, '2026-05-01T06:44:55.079301+00:00'),
('1ba07cec-68af-4aae-b36d-81cd91c43ca5', 'aeab2850-86c5-41ef-9c56-d0509ec4686b', 'payment_init', '{"amount":140000,"context":"","orderId":"B2B9F709F6C33C4","isShowroom":false}'::jsonb, '2026-05-01T08:08:31.905771+00:00'),
('521c8ff7-efa5-4697-9c8f-a55477dca451', 'aeab2850-86c5-41ef-9c56-d0509ec4686b', 'payment_init', '{"amount":400000,"context":"","orderId":"B2B076882C01341","isShowroom":false}'::jsonb, '2026-05-01T10:28:41.745026+00:00'),
('6897dee2-5904-40de-baee-90387f13f1a2', 'aeab2850-86c5-41ef-9c56-d0509ec4686b', 'payment_init', '{"amount":225000,"context":"","orderId":"B2BA90B114BA1F9","isShowroom":false}'::jsonb, '2026-05-01T12:27:59.35119+00:00'),
('dce98624-4d2a-444c-86b9-b4b7072c8dfd', '6fe90dfa-91b2-4e35-82df-0292cdaac4a3', 'search', '{"text":"DUSTER PANJUR","brand":"","is_new":false,"carBrand":"","carModel":"","in_stock":false,"low_stock":false,"is_campaign":false}'::jsonb, '2026-05-01T13:05:03.075756+00:00'),
('c6570a63-a507-4f7e-af59-f2f23893a359', '6fe90dfa-91b2-4e35-82df-0292cdaac4a3', 'search', '{"text":"PANJUR","brand":"","is_new":false,"carBrand":"","carModel":"","in_stock":false,"low_stock":false,"is_campaign":false}'::jsonb, '2026-05-01T13:05:07.877809+00:00'),
('ba094cff-f400-44ad-8534-5b2d7a0157e7', '21d36240-e51f-4504-bc78-e44933cc1691', 'search', '{"text":"6321742","brand":"","is_new":false,"carBrand":"","carModel":"","in_stock":false,"low_stock":false,"is_campaign":false}'::jsonb, '2026-05-01T13:31:11.80443+00:00'),
('4e813af6-cce5-4c07-86f4-183f0c6acf98', 'aeab2850-86c5-41ef-9c56-d0509ec4686b', 'search', '{"text":"63217420450","brand":"","is_new":false,"carBrand":"","carModel":"","in_stock":false,"low_stock":false,"is_campaign":false}'::jsonb, '2026-05-01T13:51:14.050254+00:00'),
('09aa613a-f459-4f38-9254-d4cb8bc7efeb', 'aeab2850-86c5-41ef-9c56-d0509ec4686b', 'payment_init', '{"amount":190000,"context":"","orderId":"B2B412766FDE03D","isShowroom":false}'::jsonb, '2026-05-01T14:25:56.691348+00:00'),
('39ccb466-4bac-4d97-984d-3cea93ac5c45', 'aeab2850-86c5-41ef-9c56-d0509ec4686b', 'payment_failed', '{"errMsg":"Süresi Dolmus Kart","fields":{"hash":"/NZseVBMJmdGZtUS9qL7SE0OJENcstGKSBSCDvtgMFLL1T0T7iFf5gIAOrlnFHq9aG9j1CrmGIqErC06f3MdyQ==","orderid":"B2B412766FDE03D","clientid":"1000006176","mdstatus":"1","requeststatus":"0","hashparameters":"ClientId,ApiUser,OrderId,MdStatus,BankResponseCode,BankResponseMessage,RequestStatus","threedsessionid":"PB266933E508C4711BEA859A666FD75515CC980B4712A4D17884966BE55ED8CC9","bankresponsecode":"54","bankresponsemessage":"Süresi Dolmus Kart"},"bankCode":"54"}'::jsonb, '2026-05-01T14:27:24.158137+00:00'),
('0910c867-af52-498b-9151-c6ccb95ba140', 'aeab2850-86c5-41ef-9c56-d0509ec4686b', 'payment_init', '{"amount":190000,"context":"","orderId":"B2BDFD1080B8C9B","isShowroom":false}'::jsonb, '2026-05-01T14:30:52.096437+00:00'),
('89675a3b-7964-4699-83c9-1f918bbaef0a', '8eeffda6-e8c5-4d5d-a9a9-dc79c89c5495', 'search', '{"text":"ARTPAR-FR-RNCL400624R","brand":"","is_new":false,"carBrand":"","carModel":"","in_stock":false,"low_stock":false,"is_campaign":false}'::jsonb, '2026-05-01T14:57:21.623162+00:00'),
('1bcab745-7b8a-4f8c-8eaa-0fe920fff481', '4cfafb75-2565-4bfe-ba56-6e30f25d6486', 'search', '{"text":"8K0941044","brand":"","is_new":false,"carBrand":"","carModel":"","in_stock":false,"low_stock":false,"is_campaign":false}'::jsonb, '2026-05-01T14:59:22.503035+00:00'),
('acec9d66-28cd-48f9-929a-56a97d5a99bc', '21d36240-e51f-4504-bc78-e44933cc1691', 'search', '{"text":"FAR BEYNI","brand":"","is_new":false,"carBrand":"","carModel":"","in_stock":false,"low_stock":false,"is_campaign":false}'::jsonb, '2026-05-01T15:23:52.734131+00:00'),
('bbed96c0-29d3-4b46-8661-78c08b3791ed', '21d36240-e51f-4504-bc78-e44933cc1691', 'search', '{"text":"CLIO FAR","brand":"","is_new":false,"carBrand":"","carModel":"","in_stock":false,"low_stock":false,"is_campaign":false}'::jsonb, '2026-05-01T15:26:50.375553+00:00'),
('cc6ab22f-d7ff-454d-8bbd-5de61ea1bd73', '21d36240-e51f-4504-bc78-e44933cc1691', 'search', '{"text":"DUSTER FAR","brand":"","is_new":false,"carBrand":"","carModel":"","in_stock":false,"low_stock":false,"is_campaign":false}'::jsonb, '2026-05-01T15:27:30.356923+00:00'),
('cb103036-265e-4296-afc2-5d95fc6859ab', '1e7932bc-60a3-4fb7-966a-ccab096425a3', 'search', '{"text":"PIERBURG","brand":"","is_new":false,"carBrand":"","carModel":"","in_stock":false,"low_stock":false,"is_campaign":false}'::jsonb, '2026-05-01T16:33:02.469902+00:00'),
('a1a4efcf-b46a-464b-806f-86a7db33f51a', '1e7932bc-60a3-4fb7-966a-ccab096425a3', 'search', '{"text":"DEPO","brand":"","is_new":false,"carBrand":"","carModel":"","in_stock":false,"low_stock":false,"is_campaign":false}'::jsonb, '2026-05-01T16:33:19.285642+00:00'),
('2eb820d8-85f4-40da-a8e8-27e4e019cec5', '1e7932bc-60a3-4fb7-966a-ccab096425a3', 'search', '{"text":"PI","brand":"","is_new":false,"carBrand":"","carModel":"","in_stock":false,"low_stock":false,"is_campaign":false}'::jsonb, '2026-05-01T16:33:38.511708+00:00'),
('51e27976-6b6e-4d47-8aa5-ddd537a01e1b', '21d36240-e51f-4504-bc78-e44933cc1691', 'search', '{"text":"TALIANT","brand":"","is_new":false,"carBrand":"","carModel":"","in_stock":false,"low_stock":false,"is_campaign":false}'::jsonb, '2026-05-01T18:54:55.967936+00:00'),
('806a4d6c-6744-4784-8a74-b95bea63fe6c', '8eeffda6-e8c5-4d5d-a9a9-dc79c89c5495', 'search', '{"text":"TALIANT","brand":"","is_new":false,"carBrand":"","carModel":"","in_stock":false,"low_stock":false,"is_campaign":false}'::jsonb, '2026-05-01T18:56:31.185575+00:00'),
('d9084325-4586-4c3a-b6f8-f28f00f5db8d', '6797deb1-459c-42dc-b16f-c2ea4938f847', 'search', '{"text":"2K1941015B","brand":"","is_new":false,"carBrand":"","carModel":"","in_stock":false,"low_stock":false,"is_campaign":false}'::jsonb, '2026-05-01T19:10:13.663665+00:00'),
('b4dc212b-bdb4-4ffe-8123-21ebea8dc1ee', '21d36240-e51f-4504-bc78-e44933cc1691', 'search', '{"text":"TALİANT","brand":"","is_new":false,"carBrand":"","carModel":"","in_stock":false,"low_stock":false,"is_campaign":false}'::jsonb, '2026-05-01T19:37:18.969511+00:00'),
('8e2c8e28-986e-4204-a42d-985b4e4cf165', '21d36240-e51f-4504-bc78-e44933cc1691', 'search', '{"text":"BMW STOP","brand":"","is_new":false,"carBrand":"","carModel":"","in_stock":false,"low_stock":false,"is_campaign":false}'::jsonb, '2026-05-01T20:30:08.67519+00:00'),
('aedf71d0-af63-4092-9309-eb8a657ad701', '21fb9815-d071-4390-baf1-79931800714f', 'search', '{"text":"52102967","brand":"","is_new":false,"carBrand":"","carModel":"","in_stock":false,"low_stock":false,"is_campaign":false}'::jsonb, '2026-05-02T07:00:47.100476+00:00'),
('4f603201-bf27-46f3-bc7e-747187140cd6', '22496f00-c3a0-4a32-be5a-8c6dd90d648f', 'search', '{"text":"SORENTO FAR","brand":"","is_new":false,"carBrand":"","carModel":"","in_stock":false,"low_stock":false,"is_campaign":false}'::jsonb, '2026-05-02T08:09:17.240473+00:00'),
('47213d24-0078-48e1-a687-530672e43723', '22496f00-c3a0-4a32-be5a-8c6dd90d648f', 'search', '{"text":"921023E060","brand":"","is_new":false,"carBrand":"","carModel":"","in_stock":false,"low_stock":false,"is_campaign":false}'::jsonb, '2026-05-02T08:10:10.780258+00:00'),
('9929660a-f4c3-42e3-845d-d1d3373129b7', '6797deb1-459c-42dc-b16f-c2ea4938f847', 'search', '{"text":"260607796R","brand":"","is_new":false,"carBrand":"","carModel":"","in_stock":false,"low_stock":false,"is_campaign":false}'::jsonb, '2026-05-02T08:39:29.064301+00:00'),
('40f86bd8-5805-427c-86aa-1e0cdc5b6f7e', '6797deb1-459c-42dc-b16f-c2ea4938f847', 'search', '{"text":"260106223R","brand":"","is_new":false,"carBrand":"","carModel":"","in_stock":false,"low_stock":false,"is_campaign":false}'::jsonb, '2026-05-02T08:42:46.237022+00:00'),
('fb9097a7-8834-4e7c-9e85-11ec85240735', '8eeffda6-e8c5-4d5d-a9a9-dc79c89c5495', 'search', '{"text":"TALIANT","brand":"","is_new":false,"carBrand":"","carModel":"","in_stock":false,"low_stock":false,"is_campaign":false}'::jsonb, '2026-05-02T08:46:03.749952+00:00'),
('5b93f47d-a2ac-47e9-bae9-276281376d44', '8eeffda6-e8c5-4d5d-a9a9-dc79c89c5495', 'search', '{"text":"265557200R","brand":"","is_new":false,"carBrand":"","carModel":"","in_stock":false,"low_stock":false,"is_campaign":false}'::jsonb, '2026-05-02T09:58:26.021487+00:00'),
('7e62e13e-a444-4b1c-b2d4-41924236ba0a', 'f37295fe-8ea0-45ff-81d6-b399172d9680', 'search', '{"text":"TALIANT STOP","brand":"","is_new":false,"carBrand":"","carModel":"","in_stock":false,"low_stock":false,"is_campaign":false}'::jsonb, '2026-05-02T12:14:21.016857+00:00'),
('a8d144d0-d307-4940-8693-f33783527deb', 'f37295fe-8ea0-45ff-81d6-b399172d9680', 'search', '{"text":"TALIANT","brand":"","is_new":false,"carBrand":"","carModel":"","in_stock":false,"low_stock":false,"is_campaign":false}'::jsonb, '2026-05-02T12:14:29.349685+00:00'),
('37599979-0c29-4774-b90a-652ce5c84362', 'f37295fe-8ea0-45ff-81d6-b399172d9680', 'search', '{"text":"DUSTER STOP","brand":"","is_new":false,"carBrand":"","carModel":"","in_stock":false,"low_stock":false,"is_campaign":false}'::jsonb, '2026-05-02T12:15:22.328974+00:00'),
('3fcd626b-57fa-475c-a423-a0ea2de89beb', 'f37295fe-8ea0-45ff-81d6-b399172d9680', 'search', '{"text":"KADJAR STOP","brand":"","is_new":false,"carBrand":"","carModel":"","in_stock":false,"low_stock":false,"is_campaign":false}'::jsonb, '2026-05-02T12:18:40.241402+00:00'),
('931c05e8-744b-4226-8763-5c985c48aaf2', '21d36240-e51f-4504-bc78-e44933cc1691', 'search', '{"text":"TALIANT","brand":"","is_new":false,"carBrand":"","carModel":"","in_stock":false,"low_stock":false,"is_campaign":false}'::jsonb, '2026-05-02T12:20:10.285418+00:00'),
('d2bbb641-ff12-4791-ae38-334ba6db5b7c', 'f6a78b6a-291b-42d7-9c79-8a1001111225', 'search', '{"text":"9817298480","brand":"","is_new":false,"carBrand":"","carModel":"","in_stock":false,"low_stock":false,"is_campaign":false}'::jsonb, '2026-05-02T12:24:33.678788+00:00'),
('57664d8b-4d79-4c17-a39c-1a029fbb2821', 'f37295fe-8ea0-45ff-81d6-b399172d9680', 'search', '{"text":"SANDERO STOP","brand":"","is_new":false,"carBrand":"","carModel":"","in_stock":false,"low_stock":false,"is_campaign":false}'::jsonb, '2026-05-02T12:25:29.026286+00:00'),
('60aa0103-0a0d-442c-bb28-6b1543b1a294', 'f6a78b6a-291b-42d7-9c79-8a1001111225', 'search', '{"text":"","brand":"","is_new":false,"carBrand":"","carModel":"","in_stock":false,"low_stock":false,"is_campaign":true}'::jsonb, '2026-05-02T12:25:32.444595+00:00'),
('e688c15a-26db-4a17-80f7-a8f3051b053e', '21d36240-e51f-4504-bc78-e44933cc1691', 'search', '{"text":"","brand":"","is_new":false,"carBrand":"","carModel":"","in_stock":false,"low_stock":false,"is_campaign":true}'::jsonb, '2026-05-02T12:25:40.502144+00:00'),
('b2984498-0e73-4b08-a62f-b20d97a22222', 'f37295fe-8ea0-45ff-81d6-b399172d9680', 'search', '{"text":"CLIO 5 STOP","brand":"","is_new":false,"carBrand":"","carModel":"","in_stock":false,"low_stock":false,"is_campaign":false}'::jsonb, '2026-05-02T12:27:22.489991+00:00'),
('14b4f1dc-737f-4c38-baef-24c6228e0485', 'f6a78b6a-291b-42d7-9c79-8a1001111225', 'search', '{"text":"5C7941005A","brand":"","is_new":false,"carBrand":"","carModel":"","in_stock":false,"low_stock":false,"is_campaign":false}'::jsonb, '2026-05-02T12:41:32.685761+00:00'),
('22a45a84-54b5-4ded-b2bb-d521e8ef14b4', 'f6a78b6a-291b-42d7-9c79-8a1001111225', 'search', '{"text":"5C7941005","brand":"","is_new":false,"carBrand":"","carModel":"","in_stock":false,"low_stock":false,"is_campaign":false}'::jsonb, '2026-05-02T12:41:41.299672+00:00'),
('1d1cf2b6-9b95-4470-8530-897434103b26', 'f6a78b6a-291b-42d7-9c79-8a1001111225', 'search', '{"text":"5C7941005","brand":"","is_new":false,"carBrand":"","carModel":"","in_stock":false,"low_stock":false,"is_campaign":false}'::jsonb, '2026-05-02T12:41:43.597066+00:00'),
('4b692445-2df8-41f7-8cdd-6f774b0a024b', 'f6a78b6a-291b-42d7-9c79-8a1001111225', 'search', '{"text":"5C7941751E","brand":"","is_new":false,"carBrand":"","carModel":"","in_stock":false,"low_stock":false,"is_campaign":false}'::jsonb, '2026-05-02T12:41:53.758888+00:00'),
('02d020e1-890a-45d0-9cc5-6ae4ff75e4c0', 'f6a78b6a-291b-42d7-9c79-8a1001111225', 'search', '{"text":"3AB941753","brand":"","is_new":false,"carBrand":"","carModel":"","in_stock":false,"low_stock":false,"is_campaign":false}'::jsonb, '2026-05-02T12:43:55.932569+00:00'),
('a7041a70-8896-4735-8327-4b167b4dda5e', 'f6a78b6a-291b-42d7-9c79-8a1001111225', 'search', '{"text":"5K1941005J","brand":"","is_new":false,"carBrand":"","carModel":"","in_stock":false,"low_stock":false,"is_campaign":false}'::jsonb, '2026-05-02T12:44:30.521648+00:00'),
('4ad381e3-eaa6-4878-9da8-7d08b656b7f0', 'f6a78b6a-291b-42d7-9c79-8a1001111225', 'search', '{"text":"5G1941005E","brand":"","is_new":false,"carBrand":"","carModel":"","in_stock":false,"low_stock":false,"is_campaign":false}'::jsonb, '2026-05-02T12:45:10.053803+00:00'),
('2bad01a4-cef8-4a6b-9bf3-28e9a42e4db7', 'f6a78b6a-291b-42d7-9c79-8a1001111225', 'search', '{"text":"5G1941005","brand":"","is_new":false,"carBrand":"","carModel":"","in_stock":false,"low_stock":false,"is_campaign":false}'::jsonb, '2026-05-02T12:45:12.655585+00:00'),
('93d38715-46b3-4c84-b9e1-81f85a57782a', 'f6a78b6a-291b-42d7-9c79-8a1001111225', 'search', '{"text":"5G1941005D","brand":"","is_new":false,"carBrand":"","carModel":"","in_stock":false,"low_stock":false,"is_campaign":false}'::jsonb, '2026-05-02T12:45:56.632702+00:00'),
('2856b38a-039d-465f-b482-93e04959d9e0', 'f6a78b6a-291b-42d7-9c79-8a1001111225', 'search', '{"text":"8V0941043","brand":"","is_new":false,"carBrand":"","carModel":"","in_stock":false,"low_stock":false,"is_campaign":false}'::jsonb, '2026-05-02T12:47:33.449559+00:00'),
('45f7249f-c69a-4c70-8eb9-ffe67862b4a3', 'f6a78b6a-291b-42d7-9c79-8a1001111225', 'search', '{"text":"5F1941007","brand":"","is_new":false,"carBrand":"","carModel":"","in_stock":false,"low_stock":false,"is_campaign":false}'::jsonb, '2026-05-02T12:49:19.569249+00:00'),
('664fe9cc-fc9b-4b3d-921f-cbf49b051810', 'f6a78b6a-291b-42d7-9c79-8a1001111225', 'search', '{"text":"5F1941005","brand":"","is_new":false,"carBrand":"","carModel":"","in_stock":false,"low_stock":false,"is_campaign":false}'::jsonb, '2026-05-02T12:57:10.573649+00:00'),
('6c470e64-31ce-49a2-bc45-ec56d0f255e4', '684405cc-0ef3-400d-a02f-8dc2f224c155', 'search', '{"text":"F30 TAK CALISTIR","brand":"","is_new":false,"carBrand":"","carModel":"","in_stock":false,"low_stock":false,"is_campaign":false}'::jsonb, '2026-05-02T12:58:27.96461+00:00'),
('f1797e09-494c-4990-b4e3-eef16f97e820', '684405cc-0ef3-400d-a02f-8dc2f224c155', 'search', '{"text":"F30 SOL FAR","brand":"","is_new":false,"carBrand":"","carModel":"","in_stock":false,"low_stock":false,"is_campaign":false}'::jsonb, '2026-05-02T12:58:30.943084+00:00'),
('62d759d4-29e1-46f3-b7e5-8cc57400ce38', '684405cc-0ef3-400d-a02f-8dc2f224c155', 'search', '{"text":"F30 SOL FAR","brand":"","is_new":false,"carBrand":"","carModel":"","in_stock":false,"low_stock":false,"is_campaign":false}'::jsonb, '2026-05-02T12:58:40.976226+00:00'),
('f6bc7e03-bbf2-44e3-a49d-1ffbd3e89aec', 'f6a78b6a-291b-42d7-9c79-8a1001111225', 'search', '{"text":"3G1941005","brand":"","is_new":false,"carBrand":"","carModel":"","in_stock":false,"low_stock":false,"is_campaign":false}'::jsonb, '2026-05-02T12:58:59.155025+00:00'),
('72cf145c-08c8-43b1-a38b-cb6cee616583', 'f6a78b6a-291b-42d7-9c79-8a1001111225', 'search', '{"text":"1J1941017","brand":"","is_new":false,"carBrand":"","carModel":"","in_stock":false,"low_stock":false,"is_campaign":false}'::jsonb, '2026-05-02T12:59:52.59326+00:00'),
('da0880b8-ec4b-42d0-8000-f5fe31d9caf0', 'f6a78b6a-291b-42d7-9c79-8a1001111225', 'search', '{"text":"1K6941005","brand":"","is_new":false,"carBrand":"","carModel":"","in_stock":false,"low_stock":false,"is_campaign":false}'::jsonb, '2026-05-02T13:02:05.099919+00:00'),
('c42b6d8d-6e17-41e0-8759-2e32c8b2ef65', 'f6a78b6a-291b-42d7-9c79-8a1001111225', 'search', '{"text":"3C0941005AA","brand":"","is_new":false,"carBrand":"","carModel":"","in_stock":false,"low_stock":false,"is_campaign":false}'::jsonb, '2026-05-02T15:03:22.559511+00:00'),
('bf9bb02d-397e-4b77-b767-bb7ac85dc380', 'f6a78b6a-291b-42d7-9c79-8a1001111225', 'search', '{"text":"3C0941005","brand":"","is_new":false,"carBrand":"","carModel":"","in_stock":false,"low_stock":false,"is_campaign":false}'::jsonb, '2026-05-02T15:03:25.928822+00:00'),
('2044365e-1274-4c76-9e52-c67270e0b34b', 'f6a78b6a-291b-42d7-9c79-8a1001111225', 'search', '{"text":"7L1941005B","brand":"","is_new":false,"carBrand":"","carModel":"","in_stock":false,"low_stock":false,"is_campaign":false}'::jsonb, '2026-05-02T15:04:22.232093+00:00'),
('9cdba2fa-cde1-4ee1-a48b-db0a1b36844b', 'f6a78b6a-291b-42d7-9c79-8a1001111225', 'search', '{"text":"2K8941005D","brand":"","is_new":false,"carBrand":"","carModel":"","in_stock":false,"low_stock":false,"is_campaign":false}'::jsonb, '2026-05-02T15:06:55.838252+00:00'),
('bdb33010-841d-444c-b419-ab55b9a4708a', 'f6a78b6a-291b-42d7-9c79-8a1001111225', 'search', '{"text":"2K8941005","brand":"","is_new":false,"carBrand":"","carModel":"","in_stock":false,"low_stock":false,"is_campaign":false}'::jsonb, '2026-05-02T15:06:58.835915+00:00'),
('567377a0-3da6-4821-bc3f-bfbca10f08ac', 'f6a78b6a-291b-42d7-9c79-8a1001111225', 'search', '{"text":"2K1941015","brand":"","is_new":false,"carBrand":"","carModel":"","in_stock":false,"low_stock":false,"is_campaign":false}'::jsonb, '2026-05-02T15:08:23.272324+00:00'),
('dd39032e-796b-40d8-a5d5-b7c197798617', 'f6a78b6a-291b-42d7-9c79-8a1001111225', 'search', '{"text":"2K1941005","brand":"","is_new":false,"carBrand":"","carModel":"","in_stock":false,"low_stock":false,"is_campaign":false}'::jsonb, '2026-05-02T15:09:33.016044+00:00'),
('c4d9deaf-0ddd-4214-b9c8-63cd86970022', 'f6a78b6a-291b-42d7-9c79-8a1001111225', 'search', '{"text":"1T1941005","brand":"","is_new":false,"carBrand":"","carModel":"","in_stock":false,"low_stock":false,"is_campaign":false}'::jsonb, '2026-05-02T15:10:22.564145+00:00'),
('7043ac20-b9ea-4ffe-a9ec-1335d4953175', 'f6a78b6a-291b-42d7-9c79-8a1001111225', 'search', '{"text":"6F1941773A","brand":"","is_new":false,"carBrand":"","carModel":"","in_stock":false,"low_stock":false,"is_campaign":false}'::jsonb, '2026-05-02T15:49:06.622513+00:00'),
('656ccd08-4374-4108-9c9f-8dc459154552', 'f6a78b6a-291b-42d7-9c79-8a1001111225', 'search', '{"text":"2H1941015","brand":"","is_new":false,"carBrand":"","carModel":"","in_stock":false,"low_stock":false,"is_campaign":false}'::jsonb, '2026-05-02T15:53:57.245596+00:00'),
('83fc2c3e-4622-4354-972f-49ee633ceb6a', 'f6a78b6a-291b-42d7-9c79-8a1001111225', 'search', '{"text":"2H1941017","brand":"","is_new":false,"carBrand":"","carModel":"","in_stock":false,"low_stock":false,"is_campaign":false}'::jsonb, '2026-05-02T15:54:55.804394+00:00'),
('b65c8248-4de5-47d8-a9ed-0c0bc4024476', 'f6a78b6a-291b-42d7-9c79-8a1001111225', 'search', '{"text":"2K1941040A","brand":"","is_new":false,"carBrand":"","carModel":"","in_stock":false,"low_stock":false,"is_campaign":false}'::jsonb, '2026-05-02T15:56:13.134004+00:00'),
('e5eb8313-cffb-4e50-b7d8-ea400c55492e', 'f6a78b6a-291b-42d7-9c79-8a1001111225', 'search', '{"text":"2K1941040","brand":"","is_new":false,"carBrand":"","carModel":"","in_stock":false,"low_stock":false,"is_campaign":false}'::jsonb, '2026-05-02T15:56:15.073404+00:00'),
('246afc94-f323-408b-b13a-8bb328fcd1d4', 'f6a78b6a-291b-42d7-9c79-8a1001111225', 'search', '{"text":"6C1941005B","brand":"","is_new":false,"carBrand":"","carModel":"","in_stock":false,"low_stock":false,"is_campaign":false}'::jsonb, '2026-05-02T15:58:42.91426+00:00'),
('9c0d51fe-9709-49ac-a1fb-f62fddbbcbea', 'f6a78b6a-291b-42d7-9c79-8a1001111225', 'search', '{"text":"6R1941007","brand":"","is_new":false,"carBrand":"","carModel":"","in_stock":false,"low_stock":false,"is_campaign":false}'::jsonb, '2026-05-02T15:59:17.582147+00:00'),
('9a0cbb00-70f5-46dc-aa89-cb00b20114bc', 'f6a78b6a-291b-42d7-9c79-8a1001111225', 'search', '{"text":"6R1941015","brand":"","is_new":false,"carBrand":"","carModel":"","in_stock":false,"low_stock":false,"is_campaign":false}'::jsonb, '2026-05-02T16:00:53.567734+00:00'),
('2e28fb7b-8ecd-425b-b30b-e7c735b4087d', 'f6a78b6a-291b-42d7-9c79-8a1001111225', 'search', '{"text":"3G1941035","brand":"","is_new":false,"carBrand":"","carModel":"","in_stock":false,"low_stock":false,"is_campaign":false}'::jsonb, '2026-05-02T16:03:19.170272+00:00'),
('25e8e642-9e4a-4b10-8a03-b96b5fc9fa09', 'f6a78b6a-291b-42d7-9c79-8a1001111225', 'search', '{"text":"5NB941113","brand":"","is_new":false,"carBrand":"","carModel":"","in_stock":false,"low_stock":false,"is_campaign":false}'::jsonb, '2026-05-02T16:04:27.311546+00:00'),
('757a5a29-2663-4993-8dc4-3e7684f3b021', 'f6a78b6a-291b-42d7-9c79-8a1001111225', 'search', '{"text":"5N1941005","brand":"","is_new":false,"carBrand":"","carModel":"","in_stock":false,"low_stock":false,"is_campaign":false}'::jsonb, '2026-05-02T16:08:39.160377+00:00'),
('565e409e-c77e-4e9e-bdd7-281026221f48', 'f6a78b6a-291b-42d7-9c79-8a1001111225', 'search', '{"text":"2H1945095","brand":"","is_new":false,"carBrand":"","carModel":"","in_stock":false,"low_stock":false,"is_campaign":false}'::jsonb, '2026-05-02T16:09:47.624343+00:00'),
('612cd40f-84c8-45db-aef3-75f6d3313105', 'f6a78b6a-291b-42d7-9c79-8a1001111225', 'search', '{"text":"2K7945207E","brand":"","is_new":false,"carBrand":"","carModel":"","in_stock":false,"low_stock":false,"is_campaign":false}'::jsonb, '2026-05-02T16:10:19.388093+00:00'),
('1c6a90bd-6f9b-465b-9fb9-debb05c3c11c', 'f6a78b6a-291b-42d7-9c79-8a1001111225', 'search', '{"text":"2K7945095A","brand":"","is_new":false,"carBrand":"","carModel":"","in_stock":false,"low_stock":false,"is_campaign":false}'::jsonb, '2026-05-02T16:13:12.249787+00:00'),
('2a67d69e-820c-4b1e-8222-9d9997958e50', 'f6a78b6a-291b-42d7-9c79-8a1001111225', 'search', '{"text":"6J4945095","brand":"","is_new":false,"carBrand":"","carModel":"","in_stock":false,"low_stock":false,"is_campaign":false}'::jsonb, '2026-05-02T16:13:54.65202+00:00'),
('45e2a06e-0f65-4285-acbc-e9ae674bfd7c', 'f6a78b6a-291b-42d7-9c79-8a1001111225', 'search', '{"text":"2K5945095","brand":"","is_new":false,"carBrand":"","carModel":"","in_stock":false,"low_stock":false,"is_campaign":false}'::jsonb, '2026-05-02T16:15:27.893632+00:00'),
('8150b8df-1857-4956-b563-fe5a1a6a3325', 'f6a78b6a-291b-42d7-9c79-8a1001111225', 'search', '{"text":"2K1945095","brand":"","is_new":false,"carBrand":"","carModel":"","in_stock":false,"low_stock":false,"is_campaign":false}'::jsonb, '2026-05-02T16:18:41.606535+00:00'),
('74c3ae93-fe5c-4ff2-bbd6-0ef451466c8e', 'f6a78b6a-291b-42d7-9c79-8a1001111225', 'search', '{"text":"6C0945095","brand":"","is_new":false,"carBrand":"","carModel":"","in_stock":false,"low_stock":false,"is_campaign":false}'::jsonb, '2026-05-02T16:19:52.477091+00:00'),
('122f5ec9-1301-438d-bbdd-2eadc607d4c2', 'f6a78b6a-291b-42d7-9c79-8a1001111225', 'search', '{"text":"3G5945095J","brand":"","is_new":false,"carBrand":"","carModel":"","in_stock":false,"low_stock":false,"is_campaign":false}'::jsonb, '2026-05-02T16:24:00.40522+00:00'),
('9699c798-61a4-44b5-8d5e-4bd98fb4d58c', 'f6a78b6a-291b-42d7-9c79-8a1001111225', 'search', '{"text":"3AE945095F","brand":"","is_new":false,"carBrand":"","carModel":"","in_stock":false,"low_stock":false,"is_campaign":false}'::jsonb, '2026-05-02T16:25:11.300999+00:00'),
('58de159e-6a2b-4eaa-ba7a-a11ce4fe14c4', 'f6a78b6a-291b-42d7-9c79-8a1001111225', 'search', '{"text":"2G0945095","brand":"","is_new":false,"carBrand":"","carModel":"","in_stock":false,"low_stock":false,"is_campaign":false}'::jsonb, '2026-05-02T16:26:01.254425+00:00'),
('d5cd09db-f176-4381-8fa0-266f43443b5e', 'f6a78b6a-291b-42d7-9c79-8a1001111225', 'search', '{"text":"2G0945093","brand":"","is_new":false,"carBrand":"","carModel":"","in_stock":false,"low_stock":false,"is_campaign":false}'::jsonb, '2026-05-02T16:27:48.504528+00:00'),
('e157b8a3-ff4d-485c-ac40-523120cc6065', 'f6a78b6a-291b-42d7-9c79-8a1001111225', 'search', '{"text":"7E0941699","brand":"","is_new":false,"carBrand":"","carModel":"","in_stock":false,"low_stock":false,"is_campaign":false}'::jsonb, '2026-05-02T16:37:17.270701+00:00'),
('aeaa7ce1-1c9c-444a-a77a-eb5c1395688e', 'f6a78b6a-291b-42d7-9c79-8a1001111225', 'search', '{"text":"1T0941699","brand":"","is_new":false,"carBrand":"","carModel":"","in_stock":false,"low_stock":false,"is_campaign":false}'::jsonb, '2026-05-02T16:39:31.865063+00:00'),
('53cd4a29-950c-4dfb-ad07-862723ed6ba0', 'f6a78b6a-291b-42d7-9c79-8a1001111225', 'search', '{"text":"3G0941699","brand":"","is_new":false,"carBrand":"","carModel":"","in_stock":false,"low_stock":false,"is_campaign":false}'::jsonb, '2026-05-02T16:40:45.549755+00:00'),
('1d83ac74-2e58-4628-8566-135b9d5b9c46', 'f6a78b6a-291b-42d7-9c79-8a1001111225', 'search', '{"text":"6C0941661","brand":"","is_new":false,"carBrand":"","carModel":"","in_stock":false,"low_stock":false,"is_campaign":false}'::jsonb, '2026-05-02T16:47:08.203558+00:00'),
('289b330f-a8a6-4b5d-a3ac-b658231b6528', 'f6a78b6a-291b-42d7-9c79-8a1001111225', 'search', '{"text":"6C0941661","brand":"","is_new":false,"carBrand":"","carModel":"","in_stock":false,"low_stock":false,"is_campaign":false}'::jsonb, '2026-05-02T16:47:50.463874+00:00'),
('ff6ffd31-9864-46c4-bb9a-22175c5d785d', 'f6a78b6a-291b-42d7-9c79-8a1001111225', 'search', '{"text":"2H6941699","brand":"","is_new":false,"carBrand":"","carModel":"","in_stock":false,"low_stock":false,"is_campaign":false}'::jsonb, '2026-05-02T16:47:52.443695+00:00'),
('4b21049b-aade-4a71-80cc-de07c087ed5f', '6464f1d0-9b24-47d4-ae69-7dfeaa8c894a', 'search', '{"text":"EGEA SOL STOP","brand":"","is_new":false,"carBrand":"","carModel":"","in_stock":false,"low_stock":false,"is_campaign":false}'::jsonb, '2026-05-04T05:53:27.32743+00:00')
ON CONFLICT DO NOTHING;

INSERT INTO public."user_activities" ("id", "company_id", "action_type", "details", "created_at") VALUES
('a9059f01-e2b9-45ef-b16d-48c5fb121ad0', '6464f1d0-9b24-47d4-ae69-7dfeaa8c894a', 'search', '{"text":"EGEA STOP","brand":"","is_new":false,"carBrand":"","carModel":"","in_stock":false,"low_stock":false,"is_campaign":false}'::jsonb, '2026-05-04T05:53:44.727967+00:00'),
('b3550512-15bb-4551-987e-2899736376e8', '21d36240-e51f-4504-bc78-e44933cc1691', 'search', '{"text":"AMAROK FAR","brand":"","is_new":false,"carBrand":"","carModel":"","in_stock":false,"low_stock":false,"is_campaign":false}'::jsonb, '2026-05-04T06:34:13.256216+00:00'),
('f7ee8641-7467-4ad5-9430-359543ef908b', 'ed0ac39f-e76d-4f83-ae31-8bde69780376', 'search', '{"text":"265507297R","brand":"","is_new":false,"carBrand":"","carModel":"","in_stock":false,"low_stock":false,"is_campaign":false}'::jsonb, '2026-05-04T07:31:04.678429+00:00'),
('c6b726ba-c9f2-4f38-9b49-bf54e18af45b', '21d36240-e51f-4504-bc78-e44933cc1691', 'search', '{"text":"FIAT EGEA","brand":"","is_new":false,"carBrand":"","carModel":"","in_stock":false,"low_stock":false,"is_campaign":false}'::jsonb, '2026-05-04T08:14:36.642122+00:00'),
('ac0be65b-a072-46d3-a7ca-638f4757706e', '21d36240-e51f-4504-bc78-e44933cc1691', 'search', '{"text":"EGEA FAR","brand":"","is_new":false,"carBrand":"","carModel":"","in_stock":false,"low_stock":false,"is_campaign":false}'::jsonb, '2026-05-04T08:15:05.621056+00:00'),
('afc29846-17d7-4db5-ae4f-f007fbd03878', '21d36240-e51f-4504-bc78-e44933cc1691', 'search', '{"text":"ICON","brand":"","is_new":false,"carBrand":"","carModel":"","in_stock":false,"low_stock":false,"is_campaign":false}'::jsonb, '2026-05-04T09:28:13.635932+00:00'),
('19a6dacc-13aa-4a1b-8576-e7b45c914c7f', '21d36240-e51f-4504-bc78-e44933cc1691', 'search', '{"text":"LEON FAR","brand":"","is_new":false,"carBrand":"","carModel":"","in_stock":false,"low_stock":false,"is_campaign":false}'::jsonb, '2026-05-04T09:28:32.403347+00:00'),
('123710e2-9b6f-4a19-bbf4-8430693aa4a0', '21d36240-e51f-4504-bc78-e44933cc1691', 'search', '{"text":"DUSTER LED","brand":"","is_new":false,"carBrand":"","carModel":"","in_stock":false,"low_stock":false,"is_campaign":false}'::jsonb, '2026-05-04T09:29:03.089886+00:00'),
('840b1a9a-e531-4cb2-8e52-3912d52281bf', '21d36240-e51f-4504-bc78-e44933cc1691', 'search', '{"text":"DUSTER KROM","brand":"","is_new":false,"carBrand":"","carModel":"","in_stock":false,"low_stock":false,"is_campaign":false}'::jsonb, '2026-05-04T09:44:58.288767+00:00'),
('8ddba4f2-e230-4c2f-805a-2dca3d05e4ff', '684405cc-0ef3-400d-a02f-8dc2f224c155', 'search', '{"text":"JT76 13W029","brand":"","is_new":false,"carBrand":"","carModel":"","in_stock":false,"low_stock":false,"is_campaign":false}'::jsonb, '2026-05-04T10:25:08.836711+00:00'),
('2edf7517-cde7-4af9-9a67-d2fd2258a5de', '21d36240-e51f-4504-bc78-e44933cc1691', 'search', '{"text":"260106624","brand":"","is_new":false,"carBrand":"","carModel":"","in_stock":false,"low_stock":false,"is_campaign":false}'::jsonb, '2026-05-04T11:30:33.589481+00:00'),
('5077901a-180b-41b9-9a16-e34e57d2f7f1', '21fb9815-d071-4390-baf1-79931800714f', 'search', '{"text":"924021G010","brand":"","is_new":false,"carBrand":"","carModel":"","in_stock":false,"low_stock":false,"is_campaign":false}'::jsonb, '2026-05-04T11:50:36.020879+00:00'),
('db161ebd-fe83-4118-a4e8-65ea886bebdf', '6797deb1-459c-42dc-b16f-c2ea4938f847', 'search', '{"text":"A1179060401","brand":"","is_new":false,"carBrand":"","carModel":"","in_stock":false,"low_stock":false,"is_campaign":false}'::jsonb, '2026-05-04T13:21:47.596166+00:00'),
('2c092006-e2d6-4566-94b4-0011aee468ef', '21d36240-e51f-4504-bc78-e44933cc1691', 'search', '{"text":"9816824780","brand":"","is_new":false,"carBrand":"","carModel":"","in_stock":false,"low_stock":false,"is_campaign":false}'::jsonb, '2026-05-04T13:23:22.27602+00:00'),
('b28e0def-2ff2-4fd6-b6b3-1310966e2680', '684405cc-0ef3-400d-a02f-8dc2f224c155', 'search', '{"text":"921011J010","brand":"","is_new":false,"carBrand":"","carModel":"","in_stock":false,"low_stock":false,"is_campaign":false}'::jsonb, '2026-05-04T14:29:09.636243+00:00'),
('72d2d0a2-43c7-424d-9f9c-417f139c0ab2', '684405cc-0ef3-400d-a02f-8dc2f224c155', 'search', '{"text":"BM51 13W029","brand":"","is_new":false,"carBrand":"","carModel":"","in_stock":false,"low_stock":false,"is_campaign":false}'::jsonb, '2026-05-04T14:53:31.075326+00:00'),
('a8307973-1fc9-48c1-81b7-5ac64ef82bbf', '684405cc-0ef3-400d-a02f-8dc2f224c155', 'search', '{"text":"POLO STOP","brand":"","is_new":false,"carBrand":"","carModel":"","in_stock":false,"low_stock":false,"is_campaign":false}'::jsonb, '2026-05-04T14:55:03.102615+00:00'),
('de6128c5-b90b-468f-941f-2390109038c1', '21d36240-e51f-4504-bc78-e44933cc1691', 'payment_init', '{"amount":100,"context":"","orderId":"B2B5AE7B4362643","isShowroom":false}'::jsonb, '2026-05-04T15:30:08.079148+00:00'),
('55bf9f79-27b5-45ee-a67f-a6048cddd5d8', '6797deb1-459c-42dc-b16f-c2ea4938f847', 'search', '{"text":"33101SELY62","brand":"","is_new":false,"carBrand":"","carModel":"","in_stock":false,"low_stock":false,"is_campaign":false}'::jsonb, '2026-05-05T09:34:48.752952+00:00'),
('2db325f1-8232-4fac-8883-3dd2301608b8', '6797deb1-459c-42dc-b16f-c2ea4938f847', 'search', '{"text":"921021E089","brand":"","is_new":false,"carBrand":"","carModel":"","in_stock":false,"low_stock":false,"is_campaign":false}'::jsonb, '2026-05-05T09:35:04.459009+00:00'),
('10581f43-8cee-41fa-9d7e-759dfa67d02f', '6797deb1-459c-42dc-b16f-c2ea4938f847', 'search', '{"text":"921011E089","brand":"","is_new":false,"carBrand":"","carModel":"","in_stock":false,"low_stock":false,"is_campaign":false}'::jsonb, '2026-05-05T09:35:13.051784+00:00'),
('3e47fa3b-7bbf-4291-9c6e-7937313782ef', '6797deb1-459c-42dc-b16f-c2ea4938f847', 'search', '{"text":"5NA998399A","brand":"","is_new":false,"carBrand":"","carModel":"","in_stock":false,"low_stock":false,"is_campaign":false}'::jsonb, '2026-05-05T09:38:37.937603+00:00'),
('5d3c76c6-e465-41af-ae8d-a6e4c19bdeab', '21fb9815-d071-4390-baf1-79931800714f', 'search', '{"text":"8P4945095E","brand":"","is_new":false,"carBrand":"","carModel":"","in_stock":false,"low_stock":false,"is_campaign":false}'::jsonb, '2026-05-05T12:48:47.327131+00:00'),
('63312ce5-42d0-4977-886c-6c6d5c4d8d5f', '21fb9815-d071-4390-baf1-79931800714f', 'search', '{"text":"8P4 945 094 D","brand":"","is_new":false,"carBrand":"","carModel":"","in_stock":false,"low_stock":false,"is_campaign":false}'::jsonb, '2026-05-05T13:01:58.958768+00:00'),
('3f1ce7fc-e2a8-4a62-a141-5d119e083a53', '21fb9815-d071-4390-baf1-79931800714f', 'search', '{"text":"8P4945094D","brand":"","is_new":false,"carBrand":"","carModel":"","in_stock":false,"low_stock":false,"is_campaign":false}'::jsonb, '2026-05-05T13:02:05.445263+00:00'),
('fd7ccecc-289f-48f4-baa7-a0ae04de4367', '21d36240-e51f-4504-bc78-e44933cc1691', 'login', '{}'::jsonb, '2026-05-05T20:34:19.209356+00:00'),
('ed624a00-1193-47fb-a160-d461dc53b2d2', '8eeffda6-e8c5-4d5d-a9a9-dc79c89c5495', 'login', '{}'::jsonb, '2026-05-05T20:34:39.932779+00:00'),
('49ba10cd-acb8-42c1-960f-e583171a3330', '21d36240-e51f-4504-bc78-e44933cc1691', 'logout', '{}'::jsonb, '2026-05-05T20:36:35.598893+00:00'),
('40eca19a-f430-44fd-9d97-4e802d7812bc', '6fe90dfa-91b2-4e35-82df-0292cdaac4a3', 'search', '{"text":"SANDERO PANJUR","brand":"","is_new":false,"carBrand":"","carModel":"","in_stock":false,"low_stock":false,"is_campaign":false}'::jsonb, '2026-05-06T08:05:13.763189+00:00'),
('585c317c-196c-40e3-8e18-3b71e48015b3', '21d36240-e51f-4504-bc78-e44933cc1691', 'login', '{}'::jsonb, '2026-05-06T09:34:09.945312+00:00'),
('3c0f09b4-bb26-420b-a20a-4e129224f65d', '21d36240-e51f-4504-bc78-e44933cc1691', 'search', '{"text":"FAR","brand":"","is_new":false,"carBrand":"","carModel":"","in_stock":false,"low_stock":false,"is_campaign":false}'::jsonb, '2026-05-06T09:34:42.544068+00:00'),
('b51974cf-b5e7-4e1a-ae6d-05b762caed63', 'f37295fe-8ea0-45ff-81d6-b399172d9680', 'search', '{"text":"TALİANT FAR","brand":"","is_new":false,"carBrand":"","carModel":"","in_stock":false,"low_stock":false,"is_campaign":false}'::jsonb, '2026-05-06T09:49:28.555788+00:00'),
('4b8c6262-2670-400d-89b2-2de7f1bc01fc', '21fb9815-d071-4390-baf1-79931800714f', 'search', '{"text":"3C5 945 095 H","brand":"","is_new":false,"carBrand":"","carModel":"","in_stock":false,"low_stock":false,"is_campaign":false}'::jsonb, '2026-05-06T09:50:29.493334+00:00'),
('108aaa22-d101-47d4-bf5e-a17c861b76e5', '8eeffda6-e8c5-4d5d-a9a9-dc79c89c5495', 'login', '{}'::jsonb, '2026-05-06T09:54:41.227932+00:00'),
('210c7cc7-becd-4223-9263-9a04382149a0', '15561659-b05c-4045-b522-3c9a59bb4b84', 'search', '{"text":"AMBLEM","brand":"","is_new":false,"carBrand":"","carModel":"","in_stock":false,"low_stock":false,"is_campaign":false}'::jsonb, '2026-05-06T10:14:22.208681+00:00'),
('d63422b2-2722-4224-86e5-9fc7dda251e3', '15561659-b05c-4045-b522-3c9a59bb4b84', 'search', '{"text":"AMBLEM","brand":"","is_new":false,"carBrand":"","carModel":"","in_stock":false,"low_stock":false,"is_campaign":false}'::jsonb, '2026-05-06T10:14:28.789613+00:00'),
('218c50d7-008b-400b-9762-161765ff4951', '21d36240-e51f-4504-bc78-e44933cc1691', 'login', '{}'::jsonb, '2026-05-06T10:19:09.19848+00:00'),
('9fbeb99e-9fe8-434b-9962-8dd753ec646f', '21d36240-e51f-4504-bc78-e44933cc1691', 'payment_success', '{"amount":1,"orderId":"QNB8063163221"}'::jsonb, '2026-05-06T10:26:44.783536+00:00'),
('2e5c1d63-cf7f-45e6-baba-360c73f55d6b', '21d36240-e51f-4504-bc78-e44933cc1691', 'search', '{"text":"FIESTA","brand":"","is_new":false,"carBrand":"","carModel":"","in_stock":false,"low_stock":false,"is_campaign":false}'::jsonb, '2026-05-06T10:50:58.495116+00:00'),
('bf7178c6-0c2c-435e-9e9c-696c01b702cf', '21d36240-e51f-4504-bc78-e44933cc1691', 'logout', '{}'::jsonb, '2026-05-06T10:56:49.918794+00:00'),
('6df7adad-e196-48e2-8e60-14ec32f8590f', '8eeffda6-e8c5-4d5d-a9a9-dc79c89c5495', 'login', '{}'::jsonb, '2026-05-06T10:57:02.19837+00:00'),
('607713bd-cf42-41c4-b430-4adaded83d6e', '8eeffda6-e8c5-4d5d-a9a9-dc79c89c5495', 'login', '{}'::jsonb, '2026-05-06T10:59:58.190105+00:00'),
('6679d4f5-f38f-4b57-ae17-7de849e6f5b1', '8eeffda6-e8c5-4d5d-a9a9-dc79c89c5495', 'logout', '{}'::jsonb, '2026-05-06T11:04:20.607542+00:00'),
('84e7ac05-a2e5-4f90-9023-a4c1126de7c4', '5b459aee-7500-4ef7-9bd2-1392238f53b9', 'login', '{}'::jsonb, '2026-05-06T11:43:57.390246+00:00'),
('96cb6ea5-f8d7-4559-bb4a-1c2a040f0895', 'b2ccd813-75e7-40b8-80ae-37a67c28994a', 'search', '{"text":"202243","brand":"","is_new":false,"carBrand":"","carModel":"","in_stock":false,"low_stock":false,"is_campaign":false}'::jsonb, '2026-05-06T12:03:01.778962+00:00'),
('f2344ae3-5b4e-4ce0-b629-507af6cadc90', 'b2ccd813-75e7-40b8-80ae-37a67c28994a', 'search', '{"text":"260609987R","brand":"","is_new":false,"carBrand":"","carModel":"","in_stock":false,"low_stock":false,"is_campaign":false}'::jsonb, '2026-05-06T12:03:16.564663+00:00'),
('82d1b99e-a294-4898-a3b5-813eb6f62d93', '1830ccd2-9172-40f4-a4ed-bd97d3a4124d', 'search', '{"text":"CLIO IV FAR","brand":"","is_new":false,"carBrand":"","carModel":"","in_stock":false,"low_stock":false,"is_campaign":false}'::jsonb, '2026-05-06T12:10:03.587547+00:00'),
('27456bab-23fe-471a-91f7-8e6d1fb8ecfb', '1830ccd2-9172-40f4-a4ed-bd97d3a4124d', 'search', '{"text":"CLIO FAR","brand":"","is_new":false,"carBrand":"","carModel":"","in_stock":false,"low_stock":false,"is_campaign":false}'::jsonb, '2026-05-06T12:10:10.084632+00:00'),
('b49726bd-40a4-4fe9-9c00-3df6cc724319', 'aeab2850-86c5-41ef-9c56-d0509ec4686b', 'search', '{"text":"A4708209900","brand":"","is_new":false,"carBrand":"","carModel":"","in_stock":false,"low_stock":false,"is_campaign":false}'::jsonb, '2026-05-06T13:15:34.497595+00:00'),
('6dc245b9-1fdd-4941-8f09-9ad1c1ae5f57', '21d36240-e51f-4504-bc78-e44933cc1691', 'login', '{}'::jsonb, '2026-05-06T13:38:20.542433+00:00'),
('114296a4-c125-4f84-88f5-3999d4562c6c', '21d36240-e51f-4504-bc78-e44933cc1691', 'search', '{"text":"İCON","brand":"","is_new":false,"carBrand":"","carModel":"","in_stock":false,"low_stock":false,"is_campaign":false}'::jsonb, '2026-05-06T13:38:38.383522+00:00'),
('39f8cf64-1a35-42c6-aef4-ecb6deaa5cf3', '21d36240-e51f-4504-bc78-e44933cc1691', 'search', '{"text":"TALIANT","brand":"","is_new":false,"carBrand":"","carModel":"","in_stock":false,"low_stock":false,"is_campaign":false}'::jsonb, '2026-05-06T13:38:57.933475+00:00'),
('79b4f276-7a45-44a4-899a-1ac65fa8a876', '21d36240-e51f-4504-bc78-e44933cc1691', 'search', '{"text":"260100902","brand":"","is_new":false,"carBrand":"","carModel":"","in_stock":false,"low_stock":false,"is_campaign":false}'::jsonb, '2026-05-06T13:39:11.661975+00:00'),
('13db32cf-7bea-4e24-a082-7e077e65222f', '21d36240-e51f-4504-bc78-e44933cc1691', 'search', '{"text":"LEON FAR","brand":"","is_new":false,"carBrand":"","carModel":"","in_stock":false,"low_stock":false,"is_campaign":false}'::jsonb, '2026-05-06T13:41:01.753998+00:00'),
('37cafd61-c0bb-4ee7-b9ae-f28c3b7368ae', '21d36240-e51f-4504-bc78-e44933cc1691', 'search', '{"text":"63217289425","brand":"","is_new":false,"carBrand":"","carModel":"","in_stock":false,"low_stock":false,"is_campaign":false}'::jsonb, '2026-05-06T13:52:01.854967+00:00'),
('8633df3e-489a-4d7f-ade9-3c53d9394e15', '21d36240-e51f-4504-bc78-e44933cc1691', 'search', '{"text":"63217289426","brand":"","is_new":false,"carBrand":"","carModel":"","in_stock":false,"low_stock":false,"is_campaign":false}'::jsonb, '2026-05-06T13:52:18.889501+00:00'),
('91c11d52-d7c7-421f-a09d-df3e4d29c3f9', '8eeffda6-e8c5-4d5d-a9a9-dc79c89c5495', 'login', '{}'::jsonb, '2026-05-06T13:54:16.242885+00:00'),
('4656b49c-de34-4c10-b684-634e894ab53e', '21d36240-e51f-4504-bc78-e44933cc1691', 'search', '{"text":"63217289425","brand":"","is_new":false,"carBrand":"","carModel":"","in_stock":false,"low_stock":false,"is_campaign":false}'::jsonb, '2026-05-06T13:54:20.54131+00:00'),
('fd1e1f4f-d484-4344-a95f-4a044de449d7', '1ad3b2f0-81ac-4b47-a38f-16b1fa83b53f', 'payment_success', '{"amount":4000,"orderId":"QNB8078192854"}'::jsonb, '2026-05-06T14:38:38.362131+00:00'),
('1b586d09-70dd-4734-b8e9-8a784f1048bc', 'aeab2850-86c5-41ef-9c56-d0509ec4686b', 'payment_success', '{"amount":1367,"orderId":"QNB8078541957"}'::jsonb, '2026-05-06T14:43:04.326651+00:00'),
('7a4c397e-e2d1-407e-8a0a-6e792de8321a', 'aeab2850-86c5-41ef-9c56-d0509ec4686b', 'payment_success', '{"amount":2,"orderId":"QNB8078636306"}'::jsonb, '2026-05-06T14:44:07.302557+00:00'),
('73ad92dd-5cc6-4a1d-bdf1-89cd2311bba4', '21d36240-e51f-4504-bc78-e44933cc1691', 'login', '{}'::jsonb, '2026-05-06T17:12:27.577676+00:00'),
('5b197a3a-69a1-46bc-a971-05b1340f7154', '21d36240-e51f-4504-bc78-e44933cc1691', 'logout', '{}'::jsonb, '2026-05-06T17:13:55.413554+00:00'),
('3c548284-2dd4-460e-9734-cb8511ce46f6', '8eeffda6-e8c5-4d5d-a9a9-dc79c89c5495', 'login', '{}'::jsonb, '2026-05-06T17:14:06.343301+00:00'),
('c0ace30d-c8de-492f-bf7d-62ccd8ad06b9', '8eeffda6-e8c5-4d5d-a9a9-dc79c89c5495', 'search', '{"text":"FAR","brand":"","is_new":false,"carBrand":"","carModel":"","in_stock":false,"low_stock":false,"is_campaign":false}'::jsonb, '2026-05-06T17:22:09.238981+00:00'),
('cf681025-407d-4ec4-9ced-79c716aa9643', '8eeffda6-e8c5-4d5d-a9a9-dc79c89c5495', 'search', '{"text":"FAR","brand":"","is_new":false,"carBrand":"","carModel":"","in_stock":false,"low_stock":false,"is_campaign":true}'::jsonb, '2026-05-06T17:22:17.115062+00:00'),
('82997a23-b253-4947-a518-3d011d0fb5a8', '8eeffda6-e8c5-4d5d-a9a9-dc79c89c5495', 'search', '{"text":"FAR","brand":"","is_new":false,"carBrand":"","carModel":"","in_stock":false,"low_stock":false,"is_campaign":true}'::jsonb, '2026-05-06T17:27:33.185054+00:00'),
('90d8b546-b64f-427b-ab98-632fb705e5d1', '21d36240-e51f-4504-bc78-e44933cc1691', 'login', '{}'::jsonb, '2026-05-06T17:47:41.774672+00:00'),
('b744905d-fa7f-4876-80bf-5eaf1a09f50f', '21d36240-e51f-4504-bc78-e44933cc1691', 'search', '{"text":"ARTPAR-HPP-SKOCT027A","brand":"","is_new":false,"carBrand":"","carModel":"","in_stock":false,"low_stock":false,"is_campaign":false}'::jsonb, '2026-05-06T17:47:59.050922+00:00'),
('23771be3-3135-4e10-a892-2bc39ee5d626', '21d36240-e51f-4504-bc78-e44933cc1691', 'search', '{"text":"ARTPAR-HPP-SKOCT027A","brand":"","is_new":false,"carBrand":"","carModel":"","in_stock":false,"low_stock":false,"is_campaign":false}'::jsonb, '2026-05-06T17:48:54.515073+00:00'),
('b7f58d8f-8944-4353-bcc9-3d564e51185e', '8eeffda6-e8c5-4d5d-a9a9-dc79c89c5495', 'login', '{}'::jsonb, '2026-05-06T19:56:17.362706+00:00'),
('ed356335-edd6-4614-a604-638165294e2f', '8eeffda6-e8c5-4d5d-a9a9-dc79c89c5495', 'search', '{"text":"TRANSPORTER T5","brand":"","is_new":false,"carBrand":"","carModel":"","in_stock":false,"low_stock":false,"is_campaign":false}'::jsonb, '2026-05-06T20:04:26.124542+00:00'),
('7ce5ec48-f269-48cb-82d6-dbf62156e1c7', '8eeffda6-e8c5-4d5d-a9a9-dc79c89c5495', 'cart_add', '{"id":"c23601e2-ea18-4eeb-9fb2-5c676888cf3a","qty":1,"code":"ARTPAR-STP-VWTP50096","name":"VOLKSWAGEN TRANSPORTER T5 BEYAZ SİNYALLİS TOP SAĞ","oem_no":"7H0945096"}'::jsonb, '2026-05-06T20:04:32.835535+00:00'),
('e5cb6903-dcbb-4d7c-9b70-ee47c3ccd1db', '8eeffda6-e8c5-4d5d-a9a9-dc79c89c5495', 'cart_add', '{"id":"94644002-b2ca-49b4-8d71-2f7ea6bcbc1c","qty":1,"code":"ARTPAR-STP-VWTP50095","name":"VOLKSWAGEN TRANSPORTER T5 BEYAZ SİNYALLİS TOP SOL","oem_no":"7H0945095"}'::jsonb, '2026-05-06T20:04:33.610213+00:00'),
('a2b1ee9e-26fd-431f-ac86-7bf4b803767d', '8eeffda6-e8c5-4d5d-a9a9-dc79c89c5495', 'search', '{"text":"ARTPAR-STP-PEURF0080G","brand":"","is_new":false,"carBrand":"","carModel":"","in_stock":false,"low_stock":false,"is_campaign":false}'::jsonb, '2026-05-06T20:17:07.087282+00:00'),
('c068c19d-2769-44ed-be46-6bc89c738e59', '8eeffda6-e8c5-4d5d-a9a9-dc79c89c5495', 'cart_add', '{"id":"83679c6f-6a94-440e-9851-abc631e52469","qty":1,"code":"ARTPAR-STP-PEURF0080G","name":"STOP BERLİNGO/RİFTER/COMBO E/DOBLO DUYSUZ SAĞ","oem_no":"9820555080"}'::jsonb, '2026-05-06T20:17:09.006226+00:00'),
('7e1f42d8-6779-4c02-aa96-94890b5d91b9', '21d36240-e51f-4504-bc78-e44933cc1691', 'login', '{}'::jsonb, '2026-05-06T20:27:30.251045+00:00'),
('2f5dd65e-9036-47d2-8956-e8296aa237ed', '21d36240-e51f-4504-bc78-e44933cc1691', 'search', '{"text":"ARTPAR-STP-VWTP50095","brand":"","is_new":false,"carBrand":"","carModel":"","in_stock":false,"low_stock":false,"is_campaign":false}'::jsonb, '2026-05-06T20:27:53.087606+00:00'),
('2ff9f73c-7a9f-43a6-a4d9-3704f630bfbe', '21d36240-e51f-4504-bc78-e44933cc1691', 'search', '{"text":"ARTPAR-STP-VWTP50095","brand":"","is_new":false,"carBrand":"","carModel":"","in_stock":false,"low_stock":false,"is_campaign":false}'::jsonb, '2026-05-06T20:28:44.984332+00:00'),
('8b57882b-5eb5-49e6-8f16-9a48a39c6a51', '21d36240-e51f-4504-bc78-e44933cc1691', 'cart_add', '{"id":"94644002-b2ca-49b4-8d71-2f7ea6bcbc1c","qty":1,"code":"ARTPAR-STP-VWTP50095","name":"VOLKSWAGEN TRANSPORTER T5 BEYAZ SİNYALLİ STOP SOL","oem_no":"7H0945095"}'::jsonb, '2026-05-06T20:28:48.193754+00:00'),
('8d35c03c-c604-4835-96a4-7faeab5b1d90', '21d36240-e51f-4504-bc78-e44933cc1691', 'payment_success', '{"amount":1,"orderId":"QNB8099683325"}'::jsonb, '2026-05-06T20:35:28.025568+00:00'),
('bec38183-e599-402c-b751-0af12e338ef3', 'b2ccd813-75e7-40b8-80ae-37a67c28994a', 'search', '{"text":"52213284","brand":"","is_new":false,"carBrand":"","carModel":"","in_stock":false,"low_stock":false,"is_campaign":false}'::jsonb, '2026-05-07T06:56:15.349851+00:00'),
('1d5d5efb-de75-4f95-908a-b0f685608b9d', 'b2ccd813-75e7-40b8-80ae-37a67c28994a', 'search', '{"text":"52213284","brand":"","is_new":false,"carBrand":"","carModel":"","in_stock":false,"low_stock":false,"is_campaign":false}'::jsonb, '2026-05-07T06:56:16.837004+00:00'),
('08d088ff-2f86-48a1-86d3-9ab3220677be', 'b2ccd813-75e7-40b8-80ae-37a67c28994a', 'search', '{"text":"52247889","brand":"","is_new":false,"carBrand":"","carModel":"","in_stock":false,"low_stock":false,"is_campaign":false}'::jsonb, '2026-05-07T06:56:26.704882+00:00'),
('d9bf3945-d0a0-4763-b080-03191c8a3de6', 'fb4cd70f-3d9c-4018-a0e9-12d3fb4833ab', 'search', '{"text":"86595-AA010","brand":"","is_new":false,"carBrand":"","carModel":"","in_stock":false,"low_stock":false,"is_campaign":false}'::jsonb, '2026-05-07T08:35:04.959349+00:00'),
('f30035f4-f208-4e21-8de0-e2b24772023b', '8eeffda6-e8c5-4d5d-a9a9-dc79c89c5495', 'login', '{}'::jsonb, '2026-05-07T09:20:07.175029+00:00'),
('3957489d-1677-4e19-8768-4c62fa4f9ff0', '8eeffda6-e8c5-4d5d-a9a9-dc79c89c5495', 'search', '{"text":"TALIANT FAR","brand":"","is_new":false,"carBrand":"","carModel":"","in_stock":false,"low_stock":false,"is_campaign":false}'::jsonb, '2026-05-07T09:20:25.477371+00:00'),
('217408ac-b2cf-45d6-9bb4-ddbf1a1fb4f7', 'b2ccd813-75e7-40b8-80ae-37a67c28994a', 'search', '{"text":"52198244","brand":"","is_new":false,"carBrand":"","carModel":"","in_stock":false,"low_stock":false,"is_campaign":false}'::jsonb, '2026-05-07T09:23:24.011925+00:00'),
('433f45f1-c691-4eb8-9245-5efb5a449720', '8eeffda6-e8c5-4d5d-a9a9-dc79c89c5495', 'search', '{"text":"TALIANT FAR","brand":"","is_new":false,"carBrand":"","carModel":"","in_stock":false,"low_stock":false,"is_campaign":false}'::jsonb, '2026-05-07T09:31:19.928491+00:00'),
('816ae480-109e-4e82-8b12-c1efad115cfe', '8eeffda6-e8c5-4d5d-a9a9-dc79c89c5495', 'search', '{"text":"9820555080","brand":"","is_new":false,"carBrand":"","carModel":"","in_stock":false,"low_stock":false,"is_campaign":false}'::jsonb, '2026-05-07T09:34:25.866939+00:00'),
('ff30b790-2f68-45d4-ad7b-06282f7413f7', '21d36240-e51f-4504-bc78-e44933cc1691', 'login', '{}'::jsonb, '2026-05-07T10:28:21.136683+00:00'),
('059a922e-7ac3-438d-a0d6-7b768f0dd621', '21d36240-e51f-4504-bc78-e44933cc1691', 'search', '{"text":"05E127027","brand":"","is_new":false,"carBrand":"","carModel":"","in_stock":false,"low_stock":false,"is_campaign":false}'::jsonb, '2026-05-07T10:28:42.501895+00:00'),
('4a203d20-5081-4a6d-9067-11bbbe286c42', '21d36240-e51f-4504-bc78-e44933cc1691', 'search', '{"text":"EGEA FULL","brand":"","is_new":false,"carBrand":"","carModel":"","in_stock":false,"low_stock":false,"is_campaign":false}'::jsonb, '2026-05-07T10:32:58.989997+00:00'),
('9ab5a903-7f33-48b8-9110-78eca5d91397', '8eeffda6-e8c5-4d5d-a9a9-dc79c89c5495', 'cart_remove', '{"id":"c23601e2-ea18-4eeb-9fb2-5c676888cf3a","code":"ARTPAR-STP-VWTP50096","name":"VOLKSWAGEN TRANSPORTER T5 BEYAZ SİNYALLİ STOP SAĞ"}'::jsonb, '2026-05-07T12:21:06.926195+00:00'),
('93b7e6fd-843c-4c9e-822c-73c2657d81cf', '8eeffda6-e8c5-4d5d-a9a9-dc79c89c5495', 'cart_remove', '{"id":"94644002-b2ca-49b4-8d71-2f7ea6bcbc1c","code":"ARTPAR-STP-VWTP50095","name":"VOLKSWAGEN TRANSPORTER T5 BEYAZ SİNYALLİ STOP SOL"}'::jsonb, '2026-05-07T12:21:06.972102+00:00'),
('16ffea5d-0457-4995-9a0e-0ebe99b5b23c', '1ad3b2f0-81ac-4b47-a38f-16b1fa83b53f', 'cart_add', '{"id":"c23601e2-ea18-4eeb-9fb2-5c676888cf3a","qty":1,"code":"ARTPAR-STP-VWTP50096","name":"VOLKSWAGEN TRANSPORTER T5 BEYAZ SİNYALLİ STOP SAĞ","oem_no":"7H0945096","source":"cart_page"}'::jsonb, '2026-05-07T12:21:11.651778+00:00'),
('4a65f26f-a9dc-4558-a71a-33ebf8372411', '1ad3b2f0-81ac-4b47-a38f-16b1fa83b53f', 'cart_add', '{"id":"94644002-b2ca-49b4-8d71-2f7ea6bcbc1c","qty":1,"code":"ARTPAR-STP-VWTP50095","name":"VOLKSWAGEN TRANSPORTER T5 BEYAZ SİNYALLİ STOP SOL","oem_no":"7H0945095","source":"cart_page"}'::jsonb, '2026-05-07T12:21:28.168612+00:00'),
('4c7034b6-4ab0-4a63-8520-e432adb5311b', '8eeffda6-e8c5-4d5d-a9a9-dc79c89c5495', 'order_placed', '{"note":"","total":3625,"itemCount":3}'::jsonb, '2026-05-07T12:29:07.689895+00:00'),
('5792ed56-f6cb-4467-8a15-b09a30b97c9e', '21d36240-e51f-4504-bc78-e44933cc1691', 'search', '{"text":"63217312845","brand":"","is_new":false,"carBrand":"","carModel":"","in_stock":false,"low_stock":false,"is_campaign":false}'::jsonb, '2026-05-07T13:45:46.593949+00:00'),
('9c029fd7-59fe-42c7-ada5-fdc198c41213', '21d36240-e51f-4504-bc78-e44933cc1691', 'search', '{"text":"63217369117","brand":"","is_new":false,"carBrand":"","carModel":"","in_stock":false,"low_stock":false,"is_campaign":false}'::jsonb, '2026-05-07T13:46:08.480476+00:00')
ON CONFLICT DO NOTHING;

INSERT INTO public."user_activities" ("id", "company_id", "action_type", "details", "created_at") VALUES
('ecdc7e6c-5fa3-4a9d-9230-d60247ed9cae', '21d36240-e51f-4504-bc78-e44933cc1691', 'search', '{"text":"63217203230","brand":"","is_new":false,"carBrand":"","carModel":"","in_stock":false,"low_stock":false,"is_campaign":false}'::jsonb, '2026-05-07T13:46:23.546827+00:00'),
('57c44e7f-8f44-4464-adeb-29caa9a07bba', '21d36240-e51f-4504-bc78-e44933cc1691', 'search', '{"text":"63217306161","brand":"","is_new":false,"carBrand":"","carModel":"","in_stock":false,"low_stock":false,"is_campaign":false}'::jsonb, '2026-05-07T13:46:46.608538+00:00'),
('32c79576-d1ae-4c77-a88b-1aa0e565f6cb', '21d36240-e51f-4504-bc78-e44933cc1691', 'logout', '{}'::jsonb, '2026-05-07T14:29:16.209872+00:00'),
('8756111f-4fa7-489d-a112-19fa5298ba45', '8eeffda6-e8c5-4d5d-a9a9-dc79c89c5495', 'login', '{}'::jsonb, '2026-05-07T14:29:33.482511+00:00'),
('1b45d0bc-4ce1-4144-b8f4-8ee4a418a4e3', '8eeffda6-e8c5-4d5d-a9a9-dc79c89c5495', 'logout', '{}'::jsonb, '2026-05-07T14:43:30.303834+00:00'),
('90ff610f-36f5-4e16-a168-c89a8fe46b2b', '8eeffda6-e8c5-4d5d-a9a9-dc79c89c5495', 'login', '{}'::jsonb, '2026-05-07T14:51:59.366097+00:00'),
('e374a1f5-1272-47d6-9d90-bc6b283aec7c', '0fd3de77-9227-40a6-afa8-0fc221b6b796', 'login', '{}'::jsonb, '2026-05-07T14:52:08.952545+00:00'),
('28fddf40-6312-467c-aa8c-68599a1746cb', '0fd3de77-9227-40a6-afa8-0fc221b6b796', 'login', '{}'::jsonb, '2026-05-07T14:54:02.570101+00:00'),
('227f3543-f9a2-4667-b989-dc639edac0d8', '0fd3de77-9227-40a6-afa8-0fc221b6b796', 'search', '{"text":"PASSAT FAR","brand":"","is_new":false,"carBrand":"","carModel":"","in_stock":false,"low_stock":false,"is_campaign":false}'::jsonb, '2026-05-07T14:54:43.239304+00:00'),
('ca7f8d5d-4436-4340-b201-7150cd656794', '0fd3de77-9227-40a6-afa8-0fc221b6b796', 'search', '{"text":"8V0941043","brand":"","is_new":false,"carBrand":"","carModel":"","in_stock":false,"low_stock":false,"is_campaign":false}'::jsonb, '2026-05-07T14:57:57.166072+00:00'),
('c3c2e71c-6b30-471b-b228-25a613875924', '0fd3de77-9227-40a6-afa8-0fc221b6b796', 'cart_add', '{"id":"4f56d6ce-9ea4-4da2-8ec8-7066f01ad76b","qty":1,"code":"ARTPAR-FR-AUA30043","name":"FAR AUDİ A3 13-16 XENON MOTORLU ÇİFT BEYİNLİ SOL","oem_no":"8V0941043"}'::jsonb, '2026-05-07T14:58:24.433256+00:00'),
('019b1923-0d45-4b94-aa4d-af519accbe48', '0fd3de77-9227-40a6-afa8-0fc221b6b796', 'search', '{"text":"7650U100","brand":"","is_new":false,"carBrand":"","carModel":"","in_stock":false,"low_stock":false,"is_campaign":false}'::jsonb, '2026-05-07T15:01:29.482268+00:00'),
('c93c4542-e981-47e4-ab19-bc908b02c369', '0fd3de77-9227-40a6-afa8-0fc221b6b796', 'search', '{"text":"8V0941043E","brand":"","is_new":false,"carBrand":"","carModel":"","in_stock":false,"low_stock":false,"is_campaign":false}'::jsonb, '2026-05-07T15:02:21.053492+00:00'),
('94b29e99-234e-4fc3-bd4b-c1c9a5b0dbfa', '0fd3de77-9227-40a6-afa8-0fc221b6b796', 'search', '{"text":"8V0941036","brand":"","is_new":false,"carBrand":"","carModel":"","in_stock":false,"low_stock":false,"is_campaign":false}'::jsonb, '2026-05-07T15:02:38.937748+00:00'),
('48229a99-8768-4adc-bdde-29a4610278d1', '0fd3de77-9227-40a6-afa8-0fc221b6b796', 'search', '{"text":"8Y0941033","brand":"","is_new":false,"carBrand":"","carModel":"","in_stock":false,"low_stock":false,"is_campaign":false}'::jsonb, '2026-05-07T15:03:03.076692+00:00'),
('4ad750dc-ccfc-4ba6-a27f-8c154c2c76e6', '0fd3de77-9227-40a6-afa8-0fc221b6b796', 'search', '{"text":"3G1941005B","brand":"","is_new":false,"carBrand":"","carModel":"","in_stock":false,"low_stock":false,"is_campaign":false}'::jsonb, '2026-05-07T15:03:41.075829+00:00'),
('ef442631-a61f-4e1f-8f26-5ee50013cbeb', '0fd3de77-9227-40a6-afa8-0fc221b6b796', 'search', '{"text":"3AB941754","brand":"","is_new":false,"carBrand":"","carModel":"","in_stock":false,"low_stock":false,"is_campaign":false}'::jsonb, '2026-05-07T15:04:01.769094+00:00'),
('43dd8e25-5e86-482c-9430-4106aaf05cfb', '0fd3de77-9227-40a6-afa8-0fc221b6b796', 'search', '{"text":"3C8941754Q","brand":"","is_new":false,"carBrand":"","carModel":"","in_stock":false,"low_stock":false,"is_campaign":false}'::jsonb, '2026-05-07T15:04:50.111491+00:00'),
('61620ddc-f232-437e-b904-00fbf71eb780', '0fd3de77-9227-40a6-afa8-0fc221b6b796', 'search', '{"text":"3C8941753Q","brand":"","is_new":false,"carBrand":"","carModel":"","in_stock":false,"low_stock":false,"is_campaign":false}'::jsonb, '2026-05-07T15:05:31.698829+00:00'),
('95488c2a-7601-450c-a524-665aebf37836', '1e7932bc-60a3-4fb7-966a-ccab096425a3', 'search', '{"text":"TALİANT FAR","brand":"","is_new":false,"carBrand":"","carModel":"","in_stock":false,"low_stock":false,"is_campaign":false}'::jsonb, '2026-05-07T15:17:48.434625+00:00'),
('f8151898-6c90-4f8d-bccb-158707a90d42', '1e7932bc-60a3-4fb7-966a-ccab096425a3', 'cart_add', '{"id":"0904bb5b-01cd-41e6-9477-cae5a539d371","qty":1,"code":"ARTPAR-FR-RNTL000439R","name":"FAR RENAULT TALİANT 22-> LEDLİ MOTORLU SOL","oem_no":"260604439R"}'::jsonb, '2026-05-07T15:17:57.259572+00:00'),
('feb3afe4-83da-4f93-b98c-c5d0e9ce8e75', '1e7932bc-60a3-4fb7-966a-ccab096425a3', 'cart_add', '{"id":"a0a09f66-4b55-4f2a-9fe4-7a170570dbd2","qty":1,"code":"ARTPAR-FR-RNTL00945R","name":"FAR RENAULT TALİANT 22-> LEDLİ MOTORLU SAĞ","oem_no":"260109945R"}'::jsonb, '2026-05-07T15:17:57.938684+00:00'),
('3936f0de-616f-4375-8790-b8a20a2ade5a', '1e7932bc-60a3-4fb7-966a-ccab096425a3', 'search', '{"text":"DUSTER SOL KROM FR","brand":"","is_new":false,"carBrand":"","carModel":"","in_stock":false,"low_stock":false,"is_campaign":false}'::jsonb, '2026-05-07T15:18:11.140482+00:00'),
('68781a3c-a1e5-442e-aed5-5008fb9d5099', '8eeffda6-e8c5-4d5d-a9a9-dc79c89c5495', 'login', '{}'::jsonb, '2026-05-07T20:28:17.671839+00:00'),
('fb5fd527-045b-471e-99cf-12c54c20108a', '8eeffda6-e8c5-4d5d-a9a9-dc79c89c5495', 'logout', '{}'::jsonb, '2026-05-08T08:08:52.507292+00:00'),
('9234e7fe-1c14-4eff-9cff-bfeed6aa19a6', '21d36240-e51f-4504-bc78-e44933cc1691', 'login', '{}'::jsonb, '2026-05-08T08:09:03.457347+00:00'),
('34225d24-6994-4a89-a919-6ef9794bba55', '21d36240-e51f-4504-bc78-e44933cc1691', 'search', '{"text":"LEON FAR","brand":"","is_new":false,"carBrand":"","carModel":"","in_stock":false,"low_stock":false,"is_campaign":false}'::jsonb, '2026-05-08T08:09:16.004229+00:00'),
('a06d6d81-dfb5-45a7-97a3-c9eefad08c41', '21d36240-e51f-4504-bc78-e44933cc1691', 'search', '{"text":"DUSTER 2018","brand":"","is_new":false,"carBrand":"","carModel":"","in_stock":false,"low_stock":false,"is_campaign":false}'::jsonb, '2026-05-08T08:09:47.301675+00:00'),
('cf4accba-f578-4c6b-aa31-22fa3e8d6898', '21d36240-e51f-4504-bc78-e44933cc1691', 'search', '{"text":"TALIANT","brand":"","is_new":false,"carBrand":"","carModel":"","in_stock":false,"low_stock":false,"is_campaign":false}'::jsonb, '2026-05-08T08:10:00.37682+00:00'),
('8d46827b-c94d-472b-bb10-4a83c9bda0dd', '4fbd04f9-dae2-489d-8b46-5b4f32caece1', 'login', '{}'::jsonb, '2026-05-08T08:20:22.946504+00:00'),
('aea8ae6b-b31e-4501-a36a-2980db3d2a12', 'ed0ac39f-e76d-4f83-ae31-8bde69780376', 'search', '{"text":"020ABC040","brand":"","is_new":false,"carBrand":"","carModel":"","in_stock":false,"low_stock":false,"is_campaign":false}'::jsonb, '2026-05-08T09:06:01.795832+00:00'),
('27d777ed-1149-4f6f-8c55-ec18557c9a92', '8eeffda6-e8c5-4d5d-a9a9-dc79c89c5495', 'login', '{}'::jsonb, '2026-05-08T09:23:39.022636+00:00'),
('eed0e704-81ec-4b9d-92e8-83a6cde8ed41', '21d36240-e51f-4504-bc78-e44933cc1691', 'search', '{"text":"020ABC040","brand":"","is_new":false,"carBrand":"","carModel":"","in_stock":false,"low_stock":false,"is_campaign":false}'::jsonb, '2026-05-08T09:24:39.986428+00:00'),
('f76ec60f-d74d-4def-a0b8-4d918535a307', '21d36240-e51f-4504-bc78-e44933cc1691', 'search', '{"text":"CORSA F LEDLI","brand":"","is_new":false,"carBrand":"","carModel":"","in_stock":false,"low_stock":false,"is_campaign":false}'::jsonb, '2026-05-08T12:58:40.853189+00:00'),
('f6881a53-84a4-4860-a938-3418da3c1d5d', '8eeffda6-e8c5-4d5d-a9a9-dc79c89c5495', 'login', '{}'::jsonb, '2026-05-08T13:02:24.541056+00:00'),
('f90fbecc-1728-4f8f-ac2f-3c92d4951936', '8eeffda6-e8c5-4d5d-a9a9-dc79c89c5495', 'login', '{}'::jsonb, '2026-05-08T16:41:02.275262+00:00'),
('22528a05-4239-46c5-b60d-bcba4a7f6c91', '8eeffda6-e8c5-4d5d-a9a9-dc79c89c5495', 'search', '{"text":"CLIO 5.5","brand":"","is_new":false,"carBrand":"","carModel":"","in_stock":false,"low_stock":false,"is_campaign":false}'::jsonb, '2026-05-08T17:12:53.331116+00:00'),
('fe67daf6-8343-4f1a-9bbb-696f667abbe1', '8eeffda6-e8c5-4d5d-a9a9-dc79c89c5495', 'search', '{"text":"CLIO 5.5 GÜNDÜZ","brand":"","is_new":false,"carBrand":"","carModel":"","in_stock":false,"low_stock":false,"is_campaign":false}'::jsonb, '2026-05-08T17:12:57.848161+00:00'),
('6507d38f-96bb-4aeb-860e-eec701f2f641', '8eeffda6-e8c5-4d5d-a9a9-dc79c89c5495', 'cart_add', '{"id":"175cf02d-8e73-4815-ac76-7dab869881d8","qty":1,"code":"ARTPAR-LED-RNCL550410R","name":"GÜNDÜZ LEDİ RENAULT CLİO 5.5 24-> SOL ","oem_no":"266051410R"}'::jsonb, '2026-05-08T17:13:09.528105+00:00'),
('15c48450-9e41-4862-a3d5-a3e10633231c', '8eeffda6-e8c5-4d5d-a9a9-dc79c89c5495', 'cart_remove', '{"id":"175cf02d-8e73-4815-ac76-7dab869881d8","code":"ARTPAR-LED-RNCL550410R","name":"GÜNDÜZ LEDİ RENAULT CLİO 5.5 24-> SOL "}'::jsonb, '2026-05-08T17:13:20.028105+00:00'),
('245bb86f-6cbc-4f32-9788-2466f77ddd76', '8eeffda6-e8c5-4d5d-a9a9-dc79c89c5495', 'search', '{"text":"CLIO 5.5 GÜNDÜZ LEDIŞ","brand":"","is_new":false,"carBrand":"","carModel":"","in_stock":false,"low_stock":false,"is_campaign":false}'::jsonb, '2026-05-08T17:13:29.276847+00:00'),
('e7a3e1e7-ded8-4ae1-9543-8a0e70bb0a7f', '8eeffda6-e8c5-4d5d-a9a9-dc79c89c5495', 'search', '{"text":"CLIO 5.5 GÜNDÜZ LEDI","brand":"","is_new":false,"carBrand":"","carModel":"","in_stock":false,"low_stock":false,"is_campaign":false}'::jsonb, '2026-05-08T17:13:30.386403+00:00'),
('8134f731-9ca4-4088-91e8-fa04b841563f', '8eeffda6-e8c5-4d5d-a9a9-dc79c89c5495', 'cart_add', '{"id":"f26872ec-6c56-43d9-87a8-2a0de94a1619","qty":10,"code":"ARTPAR-LED-RNCL550703R","name":"GÜNDÜZ LEDİ RENAULT CLİO 5.5 24-> SAĞ","oem_no":"266002703R"}'::jsonb, '2026-05-08T17:13:37.183031+00:00'),
('5f60136d-5de9-4d73-b808-a7dba4c6d5e3', '8eeffda6-e8c5-4d5d-a9a9-dc79c89c5495', 'cart_add', '{"id":"175cf02d-8e73-4815-ac76-7dab869881d8","qty":10,"code":"ARTPAR-LED-RNCL550410R","name":"GÜNDÜZ LEDİ RENAULT CLİO 5.5 24-> SOL ","oem_no":"266051410R"}'::jsonb, '2026-05-08T17:13:33.660149+00:00'),
('9d37c902-4e59-492a-9fb8-efbfa54126d4', '8eeffda6-e8c5-4d5d-a9a9-dc79c89c5495', 'order_placed', '{"note":"DİYARBAKIR ÇIKIŞ","total":40000,"itemCount":2}'::jsonb, '2026-05-08T17:13:56.219957+00:00'),
('c108b7f1-cd1e-47bf-b3e9-523142850414', '8eeffda6-e8c5-4d5d-a9a9-dc79c89c5495', 'search', '{"text":"BERLİNGO","brand":"","is_new":false,"carBrand":"","carModel":"","in_stock":false,"low_stock":false,"is_campaign":false}'::jsonb, '2026-05-08T18:23:01.345775+00:00'),
('7b830d56-28e0-44f3-8974-e4de90b1c6d1', '8eeffda6-e8c5-4d5d-a9a9-dc79c89c5495', 'search', '{"text":"BERLİNGO FAR","brand":"","is_new":false,"carBrand":"","carModel":"","in_stock":false,"low_stock":false,"is_campaign":false}'::jsonb, '2026-05-08T18:23:04.224539+00:00'),
('d85f4a53-f18b-4cc2-b92d-74ccf9450af1', '8eeffda6-e8c5-4d5d-a9a9-dc79c89c5495', 'search', '{"text":"MASTER FAR","brand":"","is_new":false,"carBrand":"","carModel":"","in_stock":false,"low_stock":false,"is_campaign":false}'::jsonb, '2026-05-08T18:26:05.144707+00:00'),
('0944f565-e4f2-4122-9e3a-0767e5020f6e', '69cffa05-ea62-40bb-ae14-9fefd982fa13', 'login', '{}'::jsonb, '2026-05-08T19:59:35.280973+00:00'),
('b960d55f-11b7-4d14-9c70-235572c525f0', '684405cc-0ef3-400d-a02f-8dc2f224c155', 'search', '{"text":"TT SOL FAR","brand":"","is_new":false,"carBrand":"","carModel":"","in_stock":false,"low_stock":false,"is_campaign":false}'::jsonb, '2026-05-09T06:45:57.646848+00:00'),
('fe1a55a1-a77b-46eb-83cd-bc3595360b87', '21d36240-e51f-4504-bc78-e44933cc1691', 'login', '{}'::jsonb, '2026-05-09T19:41:36.560592+00:00'),
('1e8fdde6-5955-4cfe-a01f-c4486d597b19', '21d36240-e51f-4504-bc78-e44933cc1691', 'search', '{"text":"WOLSWAGEN","brand":"","is_new":false,"carBrand":"","carModel":"","in_stock":false,"low_stock":false,"is_campaign":false}'::jsonb, '2026-05-09T19:42:27.242133+00:00'),
('6fc1ae77-4b97-482b-8c16-384462997fce', '21d36240-e51f-4504-bc78-e44933cc1691', 'search', '{"text":"VOLSWAGEN","brand":"","is_new":false,"carBrand":"","carModel":"","in_stock":false,"low_stock":false,"is_campaign":false}'::jsonb, '2026-05-09T19:42:33.247083+00:00'),
('bdcbceed-f8be-4d54-b21d-daf7fe995b27', '21d36240-e51f-4504-bc78-e44933cc1691', 'search', '{"text":"VOLKSWAGEN","brand":"","is_new":false,"carBrand":"","carModel":"","in_stock":false,"low_stock":false,"is_campaign":false}'::jsonb, '2026-05-09T19:42:40.28191+00:00'),
('b3c1acdd-16c3-4490-bf87-34352ba10d21', '21d36240-e51f-4504-bc78-e44933cc1691', 'search', '{"text":"VOLKSWAGEN TRANSPORTER T5","brand":"","is_new":false,"carBrand":"","carModel":"","in_stock":false,"low_stock":false,"is_campaign":false}'::jsonb, '2026-05-09T19:42:50.85368+00:00'),
('d52aeac4-4a4c-4f7d-a6ac-4837e271439b', '8eeffda6-e8c5-4d5d-a9a9-dc79c89c5495', 'login', '{}'::jsonb, '2026-05-09T19:43:27.486484+00:00'),
('45a77eda-4138-4fdd-a82b-1978c7a0162b', '21d36240-e51f-4504-bc78-e44933cc1691', 'search', '{"text":"VOLKSWAGEN TRANSPORTER T5","brand":"","is_new":false,"carBrand":"","carModel":"","in_stock":false,"low_stock":false,"is_campaign":false}'::jsonb, '2026-05-09T19:44:30.830934+00:00'),
('539948ca-3c9b-4534-86a5-09d2a4fd6263', '21d36240-e51f-4504-bc78-e44933cc1691', 'search', '{"text":"ARTPAR-FR-OPCR00H580","brand":"","is_new":false,"carBrand":"","carModel":"","in_stock":false,"low_stock":false,"is_campaign":false}'::jsonb, '2026-05-09T19:46:25.438882+00:00'),
('e246eb77-8e30-4360-8a8d-c2d396f2be04', '21d36240-e51f-4504-bc78-e44933cc1691', 'cart_remove', '{"id":"94644002-b2ca-49b4-8d71-2f7ea6bcbc1c","code":"ARTPAR-STP-VWTP50095","name":"VOLKSWAGEN TRANSPORTER T5 BEYAZ SİNYALLİ STOP SOL"}'::jsonb, '2026-05-09T19:46:34.244948+00:00'),
('be7542ee-478e-4784-9ee6-5fa7b6f0e011', '21d36240-e51f-4504-bc78-e44933cc1691', 'search', '{"text":"ARTPAR-FR-OPCR00H580","brand":"","is_new":false,"carBrand":"","carModel":"","in_stock":false,"low_stock":false,"is_campaign":false}'::jsonb, '2026-05-09T19:46:43.363508+00:00'),
('6d7a7008-07fa-4855-8947-6dd086f5fa5a', '21d36240-e51f-4504-bc78-e44933cc1691', 'search', '{"text":"9829465580","brand":"","is_new":false,"carBrand":"","carModel":"","in_stock":false,"low_stock":false,"is_campaign":false}'::jsonb, '2026-05-09T19:46:59.602581+00:00'),
('50786064-a028-4bde-aa27-1cc9581bcd20', '21d36240-e51f-4504-bc78-e44933cc1691', 'cart_add', '{"id":"f1e853ce-1fcd-4bde-9d0d-f0013702fc1c","qty":1,"code":"ARTPAR-FR-OPCR00H580","name":"FAR CORSA F 19-> HALOJEN SOL ","oem_no":"9829465580"}'::jsonb, '2026-05-09T19:47:10.125328+00:00'),
('dede3244-6a73-4452-901e-a990a3d40386', '21d36240-e51f-4504-bc78-e44933cc1691', 'cart_remove', '{"id":"f1e853ce-1fcd-4bde-9d0d-f0013702fc1c","code":"ARTPAR-FR-OPCR00H580","name":"FAR CORSA F 19-> HALOJEN SOL "}'::jsonb, '2026-05-09T19:47:48.959682+00:00'),
('c12e7b58-c42a-461e-ae2c-3cfc1167d2ca', '21d36240-e51f-4504-bc78-e44933cc1691', 'search', '{"text":"9829465580","brand":"","is_new":false,"carBrand":"","carModel":"","in_stock":false,"low_stock":false,"is_campaign":false}'::jsonb, '2026-05-09T19:48:03.52594+00:00'),
('640ba404-46fb-4c21-b1bb-b0021128adc5', '21d36240-e51f-4504-bc78-e44933cc1691', 'search', '{"text":"9829465580","brand":"","is_new":false,"carBrand":"","carModel":"","in_stock":false,"low_stock":false,"is_campaign":false}'::jsonb, '2026-05-09T20:00:41.79297+00:00'),
('e8419b1a-83df-4f48-84ca-b42f5a1dfb1b', '21d36240-e51f-4504-bc78-e44933cc1691', 'search', '{"text":"9829465580","brand":"","is_new":false,"carBrand":"","carModel":"","in_stock":false,"low_stock":false,"is_campaign":false}'::jsonb, '2026-05-09T20:00:56.263968+00:00'),
('1c5f9b22-64fb-4804-b074-a81aeb8f9c40', '21d36240-e51f-4504-bc78-e44933cc1691', 'search', '{"text":"9829465580","brand":"","is_new":false,"carBrand":"","carModel":"","in_stock":false,"low_stock":false,"is_campaign":false}'::jsonb, '2026-05-09T20:01:23.2342+00:00'),
('1622d425-7573-422a-b7a6-54c624b7df32', '21d36240-e51f-4504-bc78-e44933cc1691', 'search', '{"text":"9820555080","brand":"","is_new":false,"carBrand":"","carModel":"","in_stock":false,"low_stock":false,"is_campaign":false}'::jsonb, '2026-05-09T20:03:43.510563+00:00'),
('e59a6fa2-9258-47d9-a661-6a90725393be', '21d36240-e51f-4504-bc78-e44933cc1691', 'cart_add', '{"id":"83679c6f-6a94-440e-9851-abc631e52469","qty":1,"code":"ARTPAR-STP-PEURF0080G","name":"STOP BERLİNGO/RİFTER/COMBO E/DOBLO DUYSUZ SAĞ","oem_no":"9820555080"}'::jsonb, '2026-05-09T20:03:56.102078+00:00'),
('fa6aa864-5819-4b2c-9f3e-2250c5891308', '21d36240-e51f-4504-bc78-e44933cc1691', 'cart_add', '{"id":"83679c6f-6a94-440e-9851-abc631e52469","qty":1,"code":"ARTPAR-STP-PEURF0080G","name":"STOP BERLİNGO/RİFTER/COMBO E/DOBLO DUYSUZ SAĞ","oem_no":"9820555080"}'::jsonb, '2026-05-09T20:03:56.145043+00:00'),
('06367dee-0ab6-45d0-9538-213718170b25', '21d36240-e51f-4504-bc78-e44933cc1691', 'search', '{"text":"9820555080","brand":"","is_new":false,"carBrand":"","carModel":"","in_stock":false,"low_stock":false,"is_campaign":false}'::jsonb, '2026-05-09T20:04:16.039637+00:00'),
('c7daad5f-3f4f-424b-af7c-55fc08dcde20', '21d36240-e51f-4504-bc78-e44933cc1691', 'cart_add', '{"id":"83679c6f-6a94-440e-9851-abc631e52469","qty":1,"code":"ARTPAR-STP-PEURF0080G","name":"STOP BERLİNGO/RİFTER/COMBO E/DOBLO DUYSUZ SAĞ","oem_no":"9820555080"}'::jsonb, '2026-05-09T20:04:20.085989+00:00'),
('98fc84b9-a587-4bc5-8ea8-eeb6c8dca909', '21d36240-e51f-4504-bc78-e44933cc1691', 'cart_add', '{"id":"83679c6f-6a94-440e-9851-abc631e52469","qty":1,"code":"ARTPAR-STP-PEURF0080G","name":"STOP BERLİNGO/RİFTER/COMBO E/DOBLO DUYSUZ SAĞ","oem_no":"9820555080"}'::jsonb, '2026-05-09T20:04:20.186727+00:00'),
('80a6a5e9-c8b1-4168-a2d5-ac710c737c5e', '21d36240-e51f-4504-bc78-e44933cc1691', 'cart_add', '{"id":"83679c6f-6a94-440e-9851-abc631e52469","qty":1,"code":"ARTPAR-STP-PEURF0080G","name":"STOP BERLİNGO/RİFTER/COMBO E/DOBLO DUYSUZ SAĞ","oem_no":"9820555080"}'::jsonb, '2026-05-09T20:04:20.539298+00:00'),
('d3365db6-81a0-4ffc-ab7f-4a5be2fc5d3a', '21d36240-e51f-4504-bc78-e44933cc1691', 'cart_remove', '{"id":"83679c6f-6a94-440e-9851-abc631e52469","code":"ARTPAR-STP-PEURF0080G","name":"STOP BERLİNGO/RİFTER/COMBO E/DOBLO DUYSUZ SAĞ"}'::jsonb, '2026-05-09T20:04:59.134323+00:00'),
('620c4b38-f576-4cf6-9fc6-784c26881ab1', '21d36240-e51f-4504-bc78-e44933cc1691', 'cart_add', '{"id":"3f42ceb6-db73-4512-af84-5bd4ee257cd8","qty":1,"code":" ARTPAR-FR-VWPS006J","name":"FAR VOLKSWAGEN PASSAT B6 MOTORLU 2006-2010 SAĞ","oem_no":"3C0941006J ","source":"cart_page"}'::jsonb, '2026-05-09T20:05:02.04033+00:00'),
('1299a755-afac-42bc-9c44-ee3581ef723a', '21d36240-e51f-4504-bc78-e44933cc1691', 'cart_remove', '{"id":"3f42ceb6-db73-4512-af84-5bd4ee257cd8","code":" ARTPAR-FR-VWPS006J","name":"FAR VOLKSWAGEN PASSAT B6 MOTORLU 2006-2010 SAĞ"}'::jsonb, '2026-05-09T20:05:38.897356+00:00'),
('c50f8139-2b20-479f-b156-987403229d53', '21d36240-e51f-4504-bc78-e44933cc1691', 'search', '{"text":"FAR","brand":"","is_new":false,"carBrand":"","carModel":"","in_stock":false,"low_stock":false,"is_campaign":false}'::jsonb, '2026-05-09T20:05:47.790398+00:00'),
('87191b05-d2ad-4147-a467-35b511319d98', '21d36240-e51f-4504-bc78-e44933cc1691', 'search', '{"text":"9820555080","brand":"","is_new":false,"carBrand":"","carModel":"","in_stock":false,"low_stock":false,"is_campaign":false}'::jsonb, '2026-05-09T20:05:49.082791+00:00'),
('3e378d78-10ea-43f4-a3af-1d90cad7446d', '21d36240-e51f-4504-bc78-e44933cc1691', 'cart_add', '{"id":"83679c6f-6a94-440e-9851-abc631e52469","qty":1,"code":"ARTPAR-STP-PEURF0080G","name":"STOP BERLİNGO/RİFTER/COMBO E/DOBLO DUYSUZ SAĞ","oem_no":"9820555080"}'::jsonb, '2026-05-09T20:05:50.423349+00:00'),
('783224c8-cceb-4f7b-80b6-b4fdf14e4769', '21d36240-e51f-4504-bc78-e44933cc1691', 'login', '{}'::jsonb, '2026-05-11T13:46:06.782335+00:00'),
('41dea7ee-3e62-476b-a4c1-9f52cafde88d', '8eeffda6-e8c5-4d5d-a9a9-dc79c89c5495', 'logout', '{}'::jsonb, '2026-05-12T22:59:46.970901+00:00'),
('b85c94a1-79f7-4ff5-9064-843b92be5664', '21d36240-e51f-4504-bc78-e44933cc1691', 'cart_add', '{"id":"83679c6f-6a94-440e-9851-abc631e52469","qty":1,"code":"ARTPAR-STP-PEURF0080G","name":"STOP BERLİNGO/RİFTER/COMBO E/DOBLO DUYSUZ SAĞ","oem_no":"9820555080"}'::jsonb, '2026-05-09T20:05:50.477951+00:00'),
('31149d6a-2cdd-42be-9366-b760da6bf16b', '21d36240-e51f-4504-bc78-e44933cc1691', 'cart_add', '{"id":"eed1ab3d-bf64-438b-849c-a19d3cf5242c","qty":1,"code":"ARTPAR-STP-PEBR00080","name":"STOP BERLİNGO/RİFTER/COMBO E/DOBLO DUYSUZ SAĞ","oem_no":"9820555080","source":"cart_page"}'::jsonb, '2026-05-09T20:06:30.369293+00:00'),
('a14bec31-9267-4e93-b295-63199218b8f1', '21d36240-e51f-4504-bc78-e44933cc1691', 'cart_add', '{"id":"83679c6f-6a94-440e-9851-abc631e52469","qty":1,"code":"ARTPAR-STP-PEURF0080G","name":"STOP BERLİNGO/RİFTER/COMBO E/DOBLO DUYSUZ SAĞ","oem_no":"9820555080","source":"cart_page"}'::jsonb, '2026-05-09T20:06:39.520396+00:00'),
('3010f1fb-d40e-466b-aae0-f6a9e03a1298', '21d36240-e51f-4504-bc78-e44933cc1691', 'cart_add', '{"id":"83679c6f-6a94-440e-9851-abc631e52469","qty":1,"code":"ARTPAR-STP-PEURF0080G","name":"STOP BERLİNGO/RİFTER/COMBO E/DOBLO DUYSUZ SAĞ","oem_no":"9820555080"}'::jsonb, '2026-05-09T20:05:50.792517+00:00'),
('d0288170-d869-44a3-b711-b264699f8f70', '21d36240-e51f-4504-bc78-e44933cc1691', 'cart_remove', '{"id":"83679c6f-6a94-440e-9851-abc631e52469","code":"ARTPAR-STP-PEURF0080G","name":"STOP BERLİNGO/RİFTER/COMBO E/DOBLO DUYSUZ SAĞ"}'::jsonb, '2026-05-09T20:06:25.703827+00:00'),
('468b02c1-b37b-4bb5-927b-ee51c4303cc2', '21d36240-e51f-4504-bc78-e44933cc1691', 'cart_remove', '{"id":"eed1ab3d-bf64-438b-849c-a19d3cf5242c","code":"ARTPAR-STP-PEBR00080","name":"STOP BERLİNGO/RİFTER/COMBO E/DOBLO DUYSUZ SAĞ"}'::jsonb, '2026-05-09T20:06:35.090775+00:00'),
('d813ee49-2919-44fc-a14f-331869006f4a', '21d36240-e51f-4504-bc78-e44933cc1691', 'search', '{"text":"9820555080","brand":"","is_new":false,"carBrand":"","carModel":"","in_stock":false,"low_stock":false,"is_campaign":false}'::jsonb, '2026-05-09T20:06:03.888707+00:00'),
('a7b0845b-d639-4cc9-b733-b3b9df229e32', '21d36240-e51f-4504-bc78-e44933cc1691', 'logout', '{}'::jsonb, '2026-05-09T21:36:49.498559+00:00'),
('4342ff1c-8f2d-45e5-8b37-7ff35975a72c', '8eeffda6-e8c5-4d5d-a9a9-dc79c89c5495', 'login', '{}'::jsonb, '2026-05-09T21:36:58.690895+00:00'),
('164275b7-58b5-4c7f-8d50-b135fc9e972c', '8eeffda6-e8c5-4d5d-a9a9-dc79c89c5495', 'logout', '{}'::jsonb, '2026-05-10T11:34:08.475932+00:00'),
('809d02c4-81bf-438e-ad37-844908b493a1', '8eeffda6-e8c5-4d5d-a9a9-dc79c89c5495', 'login', '{}'::jsonb, '2026-05-10T11:59:02.02114+00:00'),
('c4385200-09d6-4fbd-98a8-ea5f0888f6b8', '8eeffda6-e8c5-4d5d-a9a9-dc79c89c5495', 'logout', '{}'::jsonb, '2026-05-10T17:01:19.682569+00:00'),
('718112df-5f1c-4fca-b0a5-cabbfa9b26d4', '8eeffda6-e8c5-4d5d-a9a9-dc79c89c5495', 'login', '{}'::jsonb, '2026-05-11T00:27:35.908563+00:00'),
('9132942f-77ca-47f3-aaa8-f0c573dd33db', '21d36240-e51f-4504-bc78-e44933cc1691', 'login', '{}'::jsonb, '2026-05-11T07:34:12.164108+00:00'),
('c80332db-8561-4ca9-8cf5-ce3326809a01', '21d36240-e51f-4504-bc78-e44933cc1691', 'search', '{"text":"AMAROK FAR","brand":"","is_new":false,"carBrand":"","carModel":"","in_stock":false,"low_stock":false,"is_campaign":false}'::jsonb, '2026-05-11T07:34:32.362637+00:00'),
('7ec581c8-b5b9-4409-98fa-819e0e08ebd4', '21d36240-e51f-4504-bc78-e44933cc1691', 'search', '{"text":"İCON","brand":"","is_new":false,"carBrand":"","carModel":"","in_stock":false,"low_stock":false,"is_campaign":false}'::jsonb, '2026-05-11T07:35:12.097558+00:00'),
('0fc54a10-9304-475f-946f-18134d435da3', '21d36240-e51f-4504-bc78-e44933cc1691', 'search', '{"text":"MAYBACH","brand":"","is_new":false,"carBrand":"","carModel":"","in_stock":false,"low_stock":false,"is_campaign":false}'::jsonb, '2026-05-11T07:35:28.580766+00:00'),
('74f19c1e-7039-421b-9395-fb87b6c3a34c', '0fe851e5-b4e1-420a-991d-8552142a44ef', 'login', '{}'::jsonb, '2026-05-11T07:37:37.764425+00:00')
ON CONFLICT DO NOTHING;

INSERT INTO public."user_activities" ("id", "company_id", "action_type", "details", "created_at") VALUES
('c80aad1a-c4d7-4e02-b27a-5fe8a4378af4', '0fe851e5-b4e1-420a-991d-8552142a44ef', 'search', '{"text":"KANGOO STOP","brand":"","is_new":false,"carBrand":"","carModel":"","in_stock":false,"low_stock":false,"is_campaign":false}'::jsonb, '2026-05-11T07:38:23.822147+00:00'),
('dd298c6f-1118-4218-9fee-00c54890e883', '0fe851e5-b4e1-420a-991d-8552142a44ef', 'search', '{"text":"KANGO","brand":"","is_new":false,"carBrand":"","carModel":"","in_stock":false,"low_stock":false,"is_campaign":false}'::jsonb, '2026-05-11T07:38:31.275581+00:00'),
('b25cc3ad-c591-4af4-8ca5-e160349dafe4', '0fe851e5-b4e1-420a-991d-8552142a44ef', 'search', '{"text":"KANGO STOP","brand":"","is_new":false,"carBrand":"","carModel":"","in_stock":false,"low_stock":false,"is_campaign":false}'::jsonb, '2026-05-11T07:38:45.943268+00:00'),
('19085e9d-504c-4e6e-ad8e-9734d6a163ec', '21d36240-e51f-4504-bc78-e44933cc1691', 'search', '{"text":"MEGANE BEYIN","brand":"","is_new":false,"carBrand":"","carModel":"","in_stock":false,"low_stock":false,"is_campaign":false}'::jsonb, '2026-05-11T07:47:36.082563+00:00'),
('1aaf269e-5987-48bd-be88-79ef2110e89c', '21d36240-e51f-4504-bc78-e44933cc1691', 'search', '{"text":"MEGANE BEYNI","brand":"","is_new":false,"carBrand":"","carModel":"","in_stock":false,"low_stock":false,"is_campaign":false}'::jsonb, '2026-05-11T07:47:41.253425+00:00'),
('dfe8cf87-193b-4be8-ab81-cf5ba11ea085', '945e7a03-30bd-416c-98ef-935dfbbb40ea', 'login', '{}'::jsonb, '2026-05-11T07:52:59.060824+00:00'),
('c8f867ba-4ef1-4167-a786-9f40fc36d895', '945e7a03-30bd-416c-98ef-935dfbbb40ea', 'search', '{"text":"9858560180","brand":"","is_new":false,"carBrand":"","carModel":"","in_stock":false,"low_stock":false,"is_campaign":false}'::jsonb, '2026-05-11T07:53:33.654531+00:00'),
('850cc643-c9a5-4dbd-bf37-35d617f4f2ec', '945e7a03-30bd-416c-98ef-935dfbbb40ea', 'search', '{"text":"9858560280","brand":"","is_new":false,"carBrand":"","carModel":"","in_stock":false,"low_stock":false,"is_campaign":false}'::jsonb, '2026-05-11T07:53:40.494857+00:00'),
('6900def1-48c7-4257-ad03-e5926f73af51', '945e7a03-30bd-416c-98ef-935dfbbb40ea', 'logout', '{}'::jsonb, '2026-05-11T07:53:48.848019+00:00'),
('bd5bb5e4-8695-4ded-875f-98edbecc1c85', '21d36240-e51f-4504-bc78-e44933cc1691', 'search', '{"text":"TALIANT","brand":"","is_new":false,"carBrand":"","carModel":"","in_stock":false,"low_stock":false,"is_campaign":false}'::jsonb, '2026-05-11T08:41:28.275992+00:00'),
('dbfa398a-a025-4e9f-957e-dae260ed37ce', '21d36240-e51f-4504-bc78-e44933cc1691', 'search', '{"text":"TALIANT","brand":"","is_new":false,"carBrand":"","carModel":"","in_stock":false,"low_stock":false,"is_campaign":false}'::jsonb, '2026-05-11T08:41:28.550734+00:00'),
('1065f924-a028-4653-b7f5-1337ca1ccb6f', '1e7932bc-60a3-4fb7-966a-ccab096425a3', 'search', '{"text":"7701048931","brand":"","is_new":false,"carBrand":"","carModel":"","in_stock":false,"low_stock":false,"is_campaign":false}'::jsonb, '2026-05-11T09:34:19.274146+00:00'),
('ea01a7f7-5164-41ac-a170-1b83771067ac', '1e7932bc-60a3-4fb7-966a-ccab096425a3', 'search', '{"text":"LAGUNA FAR","brand":"","is_new":false,"carBrand":"","carModel":"","in_stock":false,"low_stock":false,"is_campaign":false}'::jsonb, '2026-05-11T09:34:28.968514+00:00'),
('59d64e1a-d3dc-4ae6-a550-6ae3549c747d', 'fb4cd70f-3d9c-4018-a0e9-12d3fb4833ab', 'search', '{"text":"STOP","brand":"","is_new":false,"carBrand":"","carModel":"","in_stock":false,"low_stock":false,"is_campaign":false}'::jsonb, '2026-05-11T09:36:21.293216+00:00'),
('903aa764-c58e-4b44-a1fd-fb8cd750838b', 'fb4cd70f-3d9c-4018-a0e9-12d3fb4833ab', 'search', '{"text":"STOP","brand":"","is_new":false,"carBrand":"","carModel":"","in_stock":true,"low_stock":false,"is_campaign":false}'::jsonb, '2026-05-11T09:36:49.849478+00:00'),
('ea211e31-2c5f-4e8f-b72d-ba3578387220', '5b459aee-7500-4ef7-9bd2-1392238f53b9', 'search', '{"text":"622562901R","brand":"","is_new":false,"carBrand":"","carModel":"","in_stock":false,"low_stock":false,"is_campaign":false}'::jsonb, '2026-05-11T09:57:05.868822+00:00'),
('0e5bf6d7-3017-47bf-91c5-6f5d307dc2fd', '5b459aee-7500-4ef7-9bd2-1392238f53b9', 'search', '{"text":"260600373R","brand":"","is_new":false,"carBrand":"","carModel":"","in_stock":false,"low_stock":false,"is_campaign":false}'::jsonb, '2026-05-11T09:57:20.586506+00:00'),
('3877f053-9219-41f3-b77e-b1cdc15d6064', '5b459aee-7500-4ef7-9bd2-1392238f53b9', 'search', '{"text":"214992066R","brand":"","is_new":false,"carBrand":"","carModel":"","in_stock":false,"low_stock":false,"is_campaign":false}'::jsonb, '2026-05-11T09:59:49.866053+00:00'),
('514a0246-20a2-41ef-b9f7-a6055493dfd3', '8eeffda6-e8c5-4d5d-a9a9-dc79c89c5495', 'logout', '{}'::jsonb, '2026-05-11T10:39:35.232476+00:00'),
('7f9b4f88-6297-4e03-94fa-c59e5d4e86ad', '21d36240-e51f-4504-bc78-e44933cc1691', 'login', '{}'::jsonb, '2026-05-11T10:39:44.843185+00:00'),
('0d219bd0-f87a-49f4-9367-d6f91ab7e81d', '21d36240-e51f-4504-bc78-e44933cc1691', 'logout', '{}'::jsonb, '2026-05-11T10:43:28.707446+00:00'),
('2d26f00c-ba61-4d67-89fd-84d02a383b40', '21d36240-e51f-4504-bc78-e44933cc1691', 'login', '{}'::jsonb, '2026-05-11T10:54:29.483422+00:00'),
('e4e7ad45-3bfa-433c-86c6-f360b8a143ce', '21d36240-e51f-4504-bc78-e44933cc1691', 'logout', '{}'::jsonb, '2026-05-11T10:54:35.128114+00:00'),
('a51e3efb-505e-47a7-9458-891bb0370a51', '8eeffda6-e8c5-4d5d-a9a9-dc79c89c5495', 'login', '{}'::jsonb, '2026-05-11T10:54:43.225791+00:00'),
('800ac1a9-bd59-4b0e-b84e-a64ba513336c', '8eeffda6-e8c5-4d5d-a9a9-dc79c89c5495', 'logout', '{}'::jsonb, '2026-05-11T10:55:10.255689+00:00'),
('8abd02c7-1dd5-416e-92b4-2d8c65678a5c', '21d36240-e51f-4504-bc78-e44933cc1691', 'login', '{}'::jsonb, '2026-05-11T10:55:21.161486+00:00'),
('12e6dab8-378d-479b-acb6-69575b2ee3d2', '21d36240-e51f-4504-bc78-e44933cc1691', 'logout', '{}'::jsonb, '2026-05-11T10:55:56.766374+00:00'),
('b8c0ca67-3bc9-4631-ae23-8ad1f23aefc9', '8eeffda6-e8c5-4d5d-a9a9-dc79c89c5495', 'login', '{}'::jsonb, '2026-05-11T10:56:04.002562+00:00'),
('d31aa24d-6efc-41dd-93bf-ea187073fa6b', '8eeffda6-e8c5-4d5d-a9a9-dc79c89c5495', 'search', '{"text":"TALIANT","brand":"","is_new":false,"carBrand":"","carModel":"","in_stock":false,"low_stock":false,"is_campaign":false}'::jsonb, '2026-05-11T10:56:21.715576+00:00'),
('db6f9f18-6aa9-484e-8db5-e368637832b1', 'a9be0dc6-62e0-416a-8c43-30d2213ba023', 'login', '{}'::jsonb, '2026-05-11T11:46:55.09998+00:00'),
('75b5035d-25b0-4ee4-b82e-915c92966910', 'a9be0dc6-62e0-416a-8c43-30d2213ba023', 'search', '{"text":"","brand":"","is_new":false,"carBrand":"AUDI","carModel":"","in_stock":false,"low_stock":false,"is_campaign":false}'::jsonb, '2026-05-11T11:47:38.68803+00:00'),
('4664a4b7-06d2-4170-8b4c-cda09ac0c3b3', 'a9be0dc6-62e0-416a-8c43-30d2213ba023', 'search', '{"text":"FAR","brand":"","is_new":false,"carBrand":"AUDI","carModel":"","in_stock":false,"low_stock":false,"is_campaign":false}'::jsonb, '2026-05-11T11:47:50.481845+00:00'),
('ac6f8e67-b0eb-4040-a7c0-c518466c19fa', 'a9be0dc6-62e0-416a-8c43-30d2213ba023', 'search', '{"text":"STOP","brand":"","is_new":false,"carBrand":"AUDI","carModel":"","in_stock":false,"low_stock":false,"is_campaign":false}'::jsonb, '2026-05-11T11:48:31.327108+00:00'),
('76af021b-896c-4940-acfd-7ed2ce58764d', 'a9be0dc6-62e0-416a-8c43-30d2213ba023', 'search', '{"text":"A180 STOP","brand":"","is_new":false,"carBrand":"AUDI","carModel":"","in_stock":false,"low_stock":false,"is_campaign":false}'::jsonb, '2026-05-11T11:48:46.156094+00:00'),
('13afa3e3-e759-4698-afd4-3f88c3cb64c9', 'a9be0dc6-62e0-416a-8c43-30d2213ba023', 'search', '{"text":"A180 STOP","brand":"","is_new":false,"carBrand":"AUDI","carModel":"","in_stock":false,"low_stock":false,"is_campaign":false}'::jsonb, '2026-05-11T11:48:46.983554+00:00'),
('2569dd2e-c601-4bce-8852-a38271592cc5', 'a9be0dc6-62e0-416a-8c43-30d2213ba023', 'search', '{"text":"A180 STOP","brand":"","is_new":false,"carBrand":"AUDI","carModel":"","in_stock":false,"low_stock":false,"is_campaign":false}'::jsonb, '2026-05-11T11:49:59.363623+00:00'),
('a7a66f77-e9e4-40d3-9080-aaa943b0cda1', '21fb9815-d071-4390-baf1-79931800714f', 'search', '{"text":"FAR","brand":"","is_new":false,"carBrand":"","carModel":"","in_stock":false,"low_stock":false,"is_campaign":false}'::jsonb, '2026-05-11T12:07:42.882853+00:00'),
('3b7110d8-bd16-4e7f-ba6b-373e53eae24c', '539a73a4-5dce-41ae-a986-c46176c3ef6c', 'search', '{"text":"92101B9300","brand":"","is_new":false,"carBrand":"","carModel":"","in_stock":false,"low_stock":false,"is_campaign":false}'::jsonb, '2026-05-11T13:05:35.622407+00:00'),
('37a9d3cd-0550-44ee-a932-f6124b75dabb', '684405cc-0ef3-400d-a02f-8dc2f224c155', 'search', '{"text":"265559487R","brand":"","is_new":false,"carBrand":"","carModel":"","in_stock":false,"low_stock":false,"is_campaign":false}'::jsonb, '2026-05-11T13:46:10.405791+00:00'),
('1bb8aa2a-79cc-4d9d-948f-40cbd83de087', '21d36240-e51f-4504-bc78-e44933cc1691', 'search', '{"text":"3G5945095","brand":"","is_new":false,"carBrand":"","carModel":"","in_stock":false,"low_stock":false,"is_campaign":false}'::jsonb, '2026-05-11T13:46:38.091246+00:00'),
('9b46aac0-2645-485b-b02b-7a0e5c7cc895', '21d36240-e51f-4504-bc78-e44933cc1691', 'search', '{"text":"3G0","brand":"","is_new":false,"carBrand":"","carModel":"","in_stock":false,"low_stock":false,"is_campaign":false}'::jsonb, '2026-05-11T13:46:27.563262+00:00'),
('74290596-36b1-4779-b6e8-be8693199b8c', '6797deb1-459c-42dc-b16f-c2ea4938f847', 'search', '{"text":"5N1941005","brand":"","is_new":false,"carBrand":"","carModel":"","in_stock":false,"low_stock":false,"is_campaign":false}'::jsonb, '2026-05-11T14:05:03.507407+00:00'),
('2000fbb8-30a5-48e1-be1c-63dbdc060667', '6797deb1-459c-42dc-b16f-c2ea4938f847', 'search', '{"text":"03L105021A","brand":"","is_new":false,"carBrand":"","carModel":"","in_stock":false,"low_stock":false,"is_campaign":false}'::jsonb, '2026-05-11T14:07:02.873797+00:00'),
('faa490da-37df-424a-9396-9a724476f786', '6797deb1-459c-42dc-b16f-c2ea4938f847', 'search', '{"text":"5N0825235C","brand":"","is_new":false,"carBrand":"","carModel":"","in_stock":false,"low_stock":false,"is_campaign":false}'::jsonb, '2026-05-11T14:07:07.977022+00:00'),
('bb9d42d6-b19d-46db-b924-e7c41a3780c0', '6797deb1-459c-42dc-b16f-c2ea4938f847', 'search', '{"text":"02E325201D","brand":"","is_new":false,"carBrand":"","carModel":"","in_stock":false,"low_stock":false,"is_campaign":false}'::jsonb, '2026-05-11T14:07:16.480546+00:00'),
('8ec2bc29-92e4-4c0b-b68d-1952af187149', '6797deb1-459c-42dc-b16f-c2ea4938f847', 'search', '{"text":"654953507IGI","brand":"","is_new":false,"carBrand":"","carModel":"","in_stock":false,"low_stock":false,"is_campaign":false}'::jsonb, '2026-05-11T14:07:26.119611+00:00'),
('99b5ff38-0a47-4f47-b853-72a3a1d1b054', '6797deb1-459c-42dc-b16f-c2ea4938f847', 'search', '{"text":"5NA998399A","brand":"","is_new":false,"carBrand":"","carModel":"","in_stock":false,"low_stock":false,"is_campaign":false}'::jsonb, '2026-05-11T14:07:38.080892+00:00'),
('c02a943d-3ac4-4c81-9d6b-f293e98d49bd', '6797deb1-459c-42dc-b16f-c2ea4938f847', 'search', '{"text":"6J1941006N","brand":"","is_new":false,"carBrand":"","carModel":"","in_stock":false,"low_stock":false,"is_campaign":false}'::jsonb, '2026-05-11T14:16:23.557206+00:00'),
('409fc38a-3ac4-4c12-9b72-4dd0192fd951', '6797deb1-459c-42dc-b16f-c2ea4938f847', 'search', '{"text":"6J1941006N","brand":"","is_new":false,"carBrand":"","carModel":"","in_stock":false,"low_stock":false,"is_campaign":false}'::jsonb, '2026-05-11T14:16:25.405115+00:00'),
('e0b7290c-09b1-4457-a1ae-a5bd7a1cae9b', '8eeffda6-e8c5-4d5d-a9a9-dc79c89c5495', 'logout', '{}'::jsonb, '2026-05-11T15:46:25.652475+00:00'),
('1cc28b9c-76ee-450c-858a-38ef47dc60b8', '21d36240-e51f-4504-bc78-e44933cc1691', 'login', '{}'::jsonb, '2026-05-11T15:46:33.648272+00:00'),
('330b57e5-7cef-45e6-af52-4728bf4aa9d5', '5b459aee-7500-4ef7-9bd2-1392238f53b9', 'search', '{"text":"265554288R","brand":"","is_new":false,"carBrand":"","carModel":"","in_stock":false,"low_stock":false,"is_campaign":false}'::jsonb, '2026-05-11T16:07:48.918439+00:00'),
('1f9bef67-5f3c-426a-bd17-bd6d892ae797', '5b459aee-7500-4ef7-9bd2-1392238f53b9', 'search', '{"text":"265554288R","brand":"","is_new":false,"carBrand":"","carModel":"","in_stock":false,"low_stock":false,"is_campaign":false}'::jsonb, '2026-05-11T16:07:52.331422+00:00'),
('20fbfdc9-e6f0-445d-b7e5-b78a1cd8a0dd', '21d36240-e51f-4504-bc78-e44933cc1691', 'cart_remove', '{"id":"83679c6f-6a94-440e-9851-abc631e52469","code":"ARTPAR-STP-PEURF0080G","name":"STOP BERLİNGO/RİFTER/COMBO E/DOBLO DUYSUZ SAĞ"}'::jsonb, '2026-05-11T16:14:25.20631+00:00'),
('90f4c704-0072-49ef-90c9-e2e7f2e863d1', '5b459aee-7500-4ef7-9bd2-1392238f53b9', 'search', '{"text":"260101133","brand":"","is_new":false,"carBrand":"","carModel":"","in_stock":false,"low_stock":false,"is_campaign":false}'::jsonb, '2026-05-11T16:28:57.67982+00:00'),
('fe1ea324-5c27-42f5-bfbd-93de9cdafbc0', '5b459aee-7500-4ef7-9bd2-1392238f53b9', 'search', '{"text":"260609367R","brand":"","is_new":false,"carBrand":"","carModel":"","in_stock":false,"low_stock":false,"is_campaign":false}'::jsonb, '2026-05-11T16:29:22.263+00:00'),
('440e3098-7b71-420d-918a-4bae05c8473e', '5b459aee-7500-4ef7-9bd2-1392238f53b9', 'search', '{"text":"260101133R","brand":"","is_new":false,"carBrand":"","carModel":"","in_stock":false,"low_stock":false,"is_campaign":false}'::jsonb, '2026-05-11T16:32:45.607053+00:00'),
('c8c80cfc-3b87-4fe5-a6ae-8d2543df3e1f', '21d36240-e51f-4504-bc78-e44933cc1691', 'search', '{"text":"İBIZA STOP","brand":"","is_new":false,"carBrand":"","carModel":"","in_stock":false,"low_stock":false,"is_campaign":false}'::jsonb, '2026-05-11T16:37:41.789989+00:00'),
('721c45e4-ebed-438b-b8fe-5321fda9c6da', '5b459aee-7500-4ef7-9bd2-1392238f53b9', 'search', '{"text":"620228952R","brand":"","is_new":false,"carBrand":"","carModel":"","in_stock":false,"low_stock":false,"is_campaign":false}'::jsonb, '2026-05-11T16:42:30.505477+00:00'),
('2c3c27bf-7b5d-4f8c-8582-e7aae62cd1f4', '1e7932bc-60a3-4fb7-966a-ccab096425a3', 'search', '{"text":"6J4945095L","brand":"","is_new":false,"carBrand":"","carModel":"","in_stock":false,"low_stock":false,"is_campaign":false}'::jsonb, '2026-05-11T16:46:22.615236+00:00'),
('343420d7-8ee8-40a4-b872-9189678bc699', '5b459aee-7500-4ef7-9bd2-1392238f53b9', 'search', '{"text":"963023958R","brand":"","is_new":false,"carBrand":"","carModel":"","in_stock":false,"low_stock":false,"is_campaign":false}'::jsonb, '2026-05-11T17:05:42.768346+00:00'),
('9e78dfc4-b64d-4190-93f8-c562177875f8', '5b459aee-7500-4ef7-9bd2-1392238f53b9', 'search', '{"text":"7701055146","brand":"","is_new":false,"carBrand":"","carModel":"","in_stock":false,"low_stock":false,"is_campaign":false}'::jsonb, '2026-05-11T17:10:28.844415+00:00'),
('41f220b0-3a83-4c8f-bef6-689c58054592', '21d36240-e51f-4504-bc78-e44933cc1691', 'login', '{}'::jsonb, '2026-05-11T17:11:13.295028+00:00'),
('d8f7cc1a-b566-4fb9-afab-31da3dc98d5e', '21d36240-e51f-4504-bc78-e44933cc1691', 'logout', '{}'::jsonb, '2026-05-11T17:29:31.607282+00:00'),
('5b00c22d-78ed-40ca-8b57-15561ef76dd8', '6797deb1-459c-42dc-b16f-c2ea4938f847', 'search', '{"text":"","brand":"","is_new":false,"carBrand":"","carModel":"","in_stock":false,"low_stock":false,"is_campaign":true}'::jsonb, '2026-05-11T18:16:52.770481+00:00'),
('89aeb578-a430-441f-90e7-e0bfd29f1177', '6797deb1-459c-42dc-b16f-c2ea4938f847', 'search', '{"text":"33500-TR0-E01","brand":"","is_new":false,"carBrand":"","carModel":"","in_stock":false,"low_stock":false,"is_campaign":false}'::jsonb, '2026-05-11T18:47:04.401874+00:00'),
('7ad1bdf2-9fe4-4078-bfd4-3b0c756d1300', '6797deb1-459c-42dc-b16f-c2ea4938f847', 'search', '{"text":"26155-8995A","brand":"","is_new":false,"carBrand":"","carModel":"","in_stock":false,"low_stock":false,"is_campaign":false}'::jsonb, '2026-05-11T18:47:59.145085+00:00'),
('4d1abe4d-0bed-4a8e-9bb2-13c6bf5e2b27', '6797deb1-459c-42dc-b16f-c2ea4938f847', 'search', '{"text":"92102-C8100","brand":"","is_new":false,"carBrand":"","carModel":"","in_stock":false,"low_stock":false,"is_campaign":false}'::jsonb, '2026-05-11T18:49:57.773688+00:00'),
('22620337-866b-456f-adb0-22451f409bf3', '6797deb1-459c-42dc-b16f-c2ea4938f847', 'search', '{"text":"8P0941030R","brand":"","is_new":false,"carBrand":"","carModel":"","in_stock":false,"low_stock":false,"is_campaign":false}'::jsonb, '2026-05-11T19:02:34.314259+00:00'),
('90eb3935-baeb-472d-bb96-c28df64efd7a', '6797deb1-459c-42dc-b16f-c2ea4938f847', 'search', '{"text":"8P0941030R","brand":"","is_new":false,"carBrand":"","carModel":"","in_stock":false,"low_stock":false,"is_campaign":false}'::jsonb, '2026-05-11T19:02:39.931824+00:00'),
('c531f541-ffd2-40a8-8552-de0b3228d42d', '8eeffda6-e8c5-4d5d-a9a9-dc79c89c5495', 'login', '{}'::jsonb, '2026-05-11T19:32:11.344042+00:00'),
('f9ff4e86-0231-454d-b7c3-7e6e170cdccb', '8eeffda6-e8c5-4d5d-a9a9-dc79c89c5495', 'order_placed', '{"note":"","total":26947.761448156416,"itemCount":2}'::jsonb, '2026-05-11T19:37:00.403446+00:00'),
('d0e9638e-87e0-4eb2-94e4-2e21d0ef35c9', '21d36240-e51f-4504-bc78-e44933cc1691', 'search', '{"text":"MAZOT","brand":"","is_new":false,"carBrand":"","carModel":"","in_stock":false,"low_stock":false,"is_campaign":false}'::jsonb, '2026-05-11T19:38:53.670477+00:00'),
('6246ed8d-a079-430a-bc44-d1407bb46f81', '21d36240-e51f-4504-bc78-e44933cc1691', 'search', '{"text":"YÜKSEK","brand":"","is_new":false,"carBrand":"","carModel":"","in_stock":false,"low_stock":false,"is_campaign":false}'::jsonb, '2026-05-11T19:38:57.542655+00:00'),
('428be1bc-4a40-4569-87fd-f1ed021023aa', '21d36240-e51f-4504-bc78-e44933cc1691', 'login', '{}'::jsonb, '2026-05-12T06:16:35.025314+00:00'),
('36e6b69d-04d0-4e6a-91e7-d367e0d1d098', '21d36240-e51f-4504-bc78-e44933cc1691', 'search', '{"text":"CLIO 5.5","brand":"","is_new":false,"carBrand":"","carModel":"","in_stock":false,"low_stock":false,"is_campaign":false}'::jsonb, '2026-05-12T06:16:57.881563+00:00'),
('86c36bed-44c4-4a08-9db2-20f9e9e0c76e', '21d36240-e51f-4504-bc78-e44933cc1691', 'search', '{"text":"IBIZA STOP","brand":"","is_new":false,"carBrand":"","carModel":"","in_stock":false,"low_stock":false,"is_campaign":false}'::jsonb, '2026-05-12T06:37:52.614868+00:00'),
('6df98c97-02a2-4843-97de-8a0b50f2c18e', '684405cc-0ef3-400d-a02f-8dc2f224c155', 'search', '{"text":"6J9941702A","brand":"","is_new":false,"carBrand":"","carModel":"","in_stock":false,"low_stock":false,"is_campaign":false}'::jsonb, '2026-05-12T07:12:46.150676+00:00'),
('3bef88d0-5eac-4b0e-b25e-913d8cc21366', '0fd3de77-9227-40a6-afa8-0fc221b6b796', 'search', '{"text":"BYD FAR","brand":"","is_new":false,"carBrand":"","carModel":"","in_stock":false,"low_stock":false,"is_campaign":false}'::jsonb, '2026-05-12T07:44:34.043621+00:00'),
('75b130fa-4f37-4ad0-a2b0-92b3c7ea8fe6', '2830e63e-62f2-4b69-b905-2863b0b52597', 'search', '{"text":"8200073239","brand":"","is_new":false,"carBrand":"","carModel":"","in_stock":false,"low_stock":false,"is_campaign":false}'::jsonb, '2026-05-12T07:58:28.764152+00:00'),
('b2c75f64-8b94-4247-8b6f-08645056a9ce', '21d36240-e51f-4504-bc78-e44933cc1691', 'search', '{"text":"TALIANT","brand":"","is_new":false,"carBrand":"","carModel":"","in_stock":false,"low_stock":false,"is_campaign":false}'::jsonb, '2026-05-12T08:21:16.224225+00:00'),
('1a045215-9ba3-47ea-ae8d-a8284e0601f5', '21d36240-e51f-4504-bc78-e44933cc1691', 'search', '{"text":"CLIO LED","brand":"","is_new":false,"carBrand":"","carModel":"","in_stock":false,"low_stock":false,"is_campaign":false}'::jsonb, '2026-05-12T09:08:46.703201+00:00'),
('f866adcd-c02c-48bf-a0ba-561d4d1363db', 'a2a7e92a-ed73-4caf-8faf-d590fb835d31', 'search', '{"text":"3AB941005","brand":"","is_new":false,"carBrand":"","carModel":"","in_stock":false,"low_stock":false,"is_campaign":false}'::jsonb, '2026-05-12T10:05:02.434285+00:00'),
('259f6bde-de3a-4514-a472-a505682367be', '21d36240-e51f-4504-bc78-e44933cc1691', 'search', '{"text":"DUSTER 2018 LEDLI","brand":"","is_new":false,"carBrand":"","carModel":"","in_stock":false,"low_stock":false,"is_campaign":false}'::jsonb, '2026-05-12T10:29:48.016989+00:00'),
('1eee21a1-75ce-48d2-b9b2-3aded30d6d46', '21d36240-e51f-4504-bc78-e44933cc1691', 'search', '{"text":"SYMBOL LEDLŞ","brand":"","is_new":false,"carBrand":"","carModel":"","in_stock":false,"low_stock":false,"is_campaign":false}'::jsonb, '2026-05-12T10:30:04.569673+00:00'),
('839bbbbd-37cd-4286-92d8-2c8d0cdb246e', '21d36240-e51f-4504-bc78-e44933cc1691', 'search', '{"text":"SYMBOL LEDLI","brand":"","is_new":false,"carBrand":"","carModel":"","in_stock":false,"low_stock":false,"is_campaign":false}'::jsonb, '2026-05-12T10:30:06.201938+00:00'),
('8e7d8340-f57e-4cf7-ac88-7be2f7ed63f3', '21d36240-e51f-4504-bc78-e44933cc1691', 'search', '{"text":"YÜKSEK","brand":"","is_new":false,"carBrand":"","carModel":"","in_stock":false,"low_stock":false,"is_campaign":false}'::jsonb, '2026-05-12T10:31:39.277288+00:00'),
('80c20d09-8f90-4519-9e54-4967c7cec285', '684405cc-0ef3-400d-a02f-8dc2f224c155', 'search', '{"text":"2K7945207E","brand":"","is_new":false,"carBrand":"","carModel":"","in_stock":false,"low_stock":false,"is_campaign":false}'::jsonb, '2026-05-12T11:00:13.709403+00:00'),
('d3de9ec1-1ab2-450e-b407-94ef46bdc538', '8eeffda6-e8c5-4d5d-a9a9-dc79c89c5495', 'login', '{}'::jsonb, '2026-05-12T11:15:12.279872+00:00'),
('7f4b74d0-8e4f-49bb-920c-aa7a56a0f644', 'a2a7e92a-ed73-4caf-8faf-d590fb835d31', 'search', '{"text":"A2308200721","brand":"","is_new":false,"carBrand":"","carModel":"","in_stock":false,"low_stock":false,"is_campaign":false}'::jsonb, '2026-05-12T13:48:40.705729+00:00'),
('c6cee763-1fe1-4cbc-acf4-9c4d05d89a45', '21d36240-e51f-4504-bc78-e44933cc1691', 'search', '{"text":"TALIANT","brand":"","is_new":false,"carBrand":"","carModel":"","in_stock":false,"low_stock":false,"is_campaign":false}'::jsonb, '2026-05-12T13:57:21.418026+00:00'),
('9ba2eeef-e444-4093-a57e-1835619c6979', '21d36240-e51f-4504-bc78-e44933cc1691', 'search', '{"text":"AMAROK XENON","brand":"","is_new":false,"carBrand":"","carModel":"","in_stock":false,"low_stock":false,"is_campaign":false}'::jsonb, '2026-05-12T13:58:08.260358+00:00'),
('dc9e4a23-d8d7-4388-975c-54ccf9babb70', '21d36240-e51f-4504-bc78-e44933cc1691', 'search', '{"text":"2H1941018","brand":"","is_new":false,"carBrand":"","carModel":"","in_stock":false,"low_stock":false,"is_campaign":false}'::jsonb, '2026-05-12T13:58:19.76873+00:00'),
('b299ac60-4f6b-4171-84fa-f1edb1ff3cbb', '21d36240-e51f-4504-bc78-e44933cc1691', 'search', '{"text":"2H1941016","brand":"","is_new":false,"carBrand":"","carModel":"","in_stock":false,"low_stock":false,"is_campaign":false}'::jsonb, '2026-05-12T13:58:37.4148+00:00'),
('f1cf5f44-95ed-429c-8157-411c33e5b40c', '21d36240-e51f-4504-bc78-e44933cc1691', 'search', '{"text":"5F1941008","brand":"","is_new":false,"carBrand":"","carModel":"","in_stock":false,"low_stock":false,"is_campaign":false}'::jsonb, '2026-05-12T13:59:00.845659+00:00'),
('a7814ee5-2a81-4390-ae57-a37fcbe81614', '21d36240-e51f-4504-bc78-e44933cc1691', 'search', '{"text":"5F1941006","brand":"","is_new":false,"carBrand":"","carModel":"","in_stock":false,"low_stock":false,"is_campaign":false}'::jsonb, '2026-05-12T13:59:29.155263+00:00'),
('cce49e7e-12c8-4da2-b52f-68614c4c9e06', '8eeffda6-e8c5-4d5d-a9a9-dc79c89c5495', 'login', '{}'::jsonb, '2026-05-12T14:55:19.032374+00:00'),
('e38ef2f0-dfc3-4645-a9fa-fd599a0b946b', '21d36240-e51f-4504-bc78-e44933cc1691', 'cart_add', '{"id":"5a4dd51d-a36e-40e2-a04a-c1bd3c868150","qty":1,"code":"ARTPAR-FR-DCDUK0001","name":"FAR DUSTER 2023 XJD LEDLİ KROM ÇİZGİLİ MOTORLU SOL","oem_no":"260602287R - 260602515R","source":"cart_page"}'::jsonb, '2026-05-12T14:55:58.941874+00:00'),
('cafbe344-2ddb-4f23-8d30-50c7e9020f47', '21d36240-e51f-4504-bc78-e44933cc1691', 'login', '{}'::jsonb, '2026-05-12T14:56:18.955884+00:00'),
('ba70cbcb-e5c9-462f-8d51-2c5c32102a36', '8eeffda6-e8c5-4d5d-a9a9-dc79c89c5495', 'cart_remove', '{"id":"5a4dd51d-a36e-40e2-a04a-c1bd3c868150","code":"ARTPAR-FR-DCDUK0001","name":"FAR DUSTER 2023 XJD LEDLİ KROM ÇİZGİLİ MOTORLU SOL"}'::jsonb, '2026-05-12T14:59:07.216126+00:00')
ON CONFLICT DO NOTHING;

INSERT INTO public."user_activities" ("id", "company_id", "action_type", "details", "created_at") VALUES
('0e80fb50-e1b5-41d9-b535-7b4f3f1fa57d', '21d36240-e51f-4504-bc78-e44933cc1691', 'cart_add', '{"id":"5a4dd51d-a36e-40e2-a04a-c1bd3c868150","qty":1,"code":"ARTPAR-FR-DCDUK0001","name":"FAR DUSTER 2023 XJD LEDLİ KROM ÇİZGİLİ MOTORLU SOL","oem_no":"260602287R - 260602515R","source":"cart_page"}'::jsonb, '2026-05-12T14:59:09.402367+00:00'),
('25229e0f-04b3-4129-89ea-36c08661d480', '8eeffda6-e8c5-4d5d-a9a9-dc79c89c5495', 'cart_remove', '{"id":"5a4dd51d-a36e-40e2-a04a-c1bd3c868150","code":"ARTPAR-FR-DCDUK0001","name":"FAR DUSTER 2023 XJD LEDLİ KROM ÇİZGİLİ MOTORLU SOL"}'::jsonb, '2026-05-12T14:59:38.995627+00:00'),
('18463fbf-649e-4565-9c3c-945e156a6655', '21d36240-e51f-4504-bc78-e44933cc1691', 'cart_add', '{"id":"daab0f8e-6fee-4eb3-b83c-bd6f44be8287","qty":1,"code":"ARTPAR-DENEME","name":"DENEME SATIN ALMA","oem_no":"1234567890","source":"cart_page"}'::jsonb, '2026-05-12T14:59:42.398653+00:00'),
('a5312361-65da-448b-8c8a-53b9aaebe494', '8eeffda6-e8c5-4d5d-a9a9-dc79c89c5495', 'order_placed', '{"note":"","total":500,"itemCount":1}'::jsonb, '2026-05-12T14:59:53.801609+00:00'),
('97257dcd-9829-4d51-8ed8-1d68f528358a', '21d36240-e51f-4504-bc78-e44933cc1691', 'cart_add', '{"id":"5a4dd51d-a36e-40e2-a04a-c1bd3c868150","qty":1,"code":"ARTPAR-FR-DCDUK0001","name":"FAR DUSTER 2023 XJD LEDLİ KROM ÇİZGİLİ MOTORLU SOL","oem_no":"260602287R - 260602515R","source":"cart_page"}'::jsonb, '2026-05-12T15:00:39.48455+00:00'),
('886fedee-8756-409f-80e4-f26def2892d1', '21d36240-e51f-4504-bc78-e44933cc1691', 'order_placed', '{"note":"","total":7591.8152016,"itemCount":1}'::jsonb, '2026-05-12T15:01:05.602928+00:00'),
('3a7f85f0-0a6c-4ed1-b82b-9ae3dd083a6b', '4fbd04f9-dae2-489d-8b46-5b4f32caece1', 'search', '{"text":"TIGGO 8 STOP","brand":"","is_new":false,"carBrand":"","carModel":"","in_stock":false,"low_stock":false,"is_campaign":false}'::jsonb, '2026-05-12T15:49:25.140194+00:00'),
('39ec48b2-a15f-4114-aa50-768960d20de9', '21d36240-e51f-4504-bc78-e44933cc1691', 'login', '{}'::jsonb, '2026-05-12T15:55:39.81376+00:00'),
('f1641e70-bed4-4a1b-a220-4355430a6847', '21d36240-e51f-4504-bc78-e44933cc1691', 'cart_add', '{"id":"3f42ceb6-db73-4512-af84-5bd4ee257cd8","qty":1,"code":" ARTPAR-FR-VWPS006J","name":"FAR VOLKSWAGEN PASSAT B6 MOTORLU 2006-2010 SAĞ","oem_no":"3C0941006J ","source":"cart_page"}'::jsonb, '2026-05-12T15:56:01.631415+00:00'),
('32d3eba3-ae8d-43a6-8be3-3b1dc63e86f8', '21d36240-e51f-4504-bc78-e44933cc1691', 'login', '{}'::jsonb, '2026-05-12T16:07:48.010102+00:00'),
('489f3c5e-b714-45f6-9f5e-27395615267b', '69cffa05-ea62-40bb-ae14-9fefd982fa13', 'cart_add', '{"id":"3f42ceb6-db73-4512-af84-5bd4ee257cd8","qty":1,"code":" ARTPAR-FR-VWPS006J","name":"FAR VOLKSWAGEN PASSAT B6 MOTORLU 2006-2010 SAĞ","oem_no":"3C0941006J ","source":"cart_page"}'::jsonb, '2026-05-12T16:08:01.09114+00:00'),
('ce3c7d1a-64ab-4910-9ac5-1d6539d767a5', '8eeffda6-e8c5-4d5d-a9a9-dc79c89c5495', 'search', '{"text":"FAR","brand":"","is_new":false,"carBrand":"","carModel":"","in_stock":false,"low_stock":false,"is_campaign":false}'::jsonb, '2026-05-12T16:08:37.469878+00:00'),
('247ce51a-b20e-4279-81b7-cd912f93aa86', '8eeffda6-e8c5-4d5d-a9a9-dc79c89c5495', 'cart_add', '{"id":"4e3dcce6-ca2d-4de6-9a1e-6674890eb1ed","qty":1,"code":"ARTPAR-FR-HYAC22300L","name":"FAR HYUNDAI ACCENT 1998-1999 SOL","oem_no":"92101-22300"}'::jsonb, '2026-05-12T16:08:40.115085+00:00'),
('f5a0cdd2-3b3b-4392-ab84-ebbaef1a5844', '8eeffda6-e8c5-4d5d-a9a9-dc79c89c5495', 'cart_remove', '{"id":"4e3dcce6-ca2d-4de6-9a1e-6674890eb1ed","code":"ARTPAR-FR-HYAC22300L","name":"FAR HYUNDAI ACCENT 1998-1999 SOL"}'::jsonb, '2026-05-12T16:41:58.47064+00:00'),
('1f85512e-c547-482a-b53d-375d7097d76f', 'fed03adb-2014-4d3c-8db6-7f9c47f1b783', 'cart_add', '{"id":"4e3dcce6-ca2d-4de6-9a1e-6674890eb1ed","qty":1,"code":"ARTPAR-FR-HYAC22300L","name":"FAR HYUNDAI ACCENT 1998-1999 SOL","oem_no":"92101-22300","source":"cart_page"}'::jsonb, '2026-05-12T16:42:03.638761+00:00'),
('1fe0e3f1-53db-45e1-94b8-3cbe063598ea', '21d36240-e51f-4504-bc78-e44933cc1691', 'login', '{}'::jsonb, '2026-05-12T17:11:49.569972+00:00'),
('64095e3f-e9a6-48f8-970c-bb5329a92c21', '6797deb1-459c-42dc-b16f-c2ea4938f847', 'search', '{"text":"13188045","brand":"","is_new":false,"carBrand":"","carModel":"","in_stock":false,"low_stock":false,"is_campaign":false}'::jsonb, '2026-05-12T17:58:53.525663+00:00'),
('510f8226-74a3-4977-8c6c-dab7b1fa2df5', '8eeffda6-e8c5-4d5d-a9a9-dc79c89c5495', 'login', '{}'::jsonb, '2026-05-12T18:01:56.635155+00:00'),
('9898517a-f393-4c21-ae3e-5a911f3aaa48', '9e659b51-99e8-48e7-ac3f-05a637872a83', 'login', '{}'::jsonb, '2026-05-12T18:28:55.241376+00:00'),
('8128880a-f40e-4dc6-a428-3a83feac2a33', '9e659b51-99e8-48e7-ac3f-05a637872a83', 'search', '{"text":"FAR","brand":"","is_new":false,"carBrand":"","carModel":"","in_stock":false,"low_stock":false,"is_campaign":false}'::jsonb, '2026-05-12T18:30:07.350903+00:00'),
('3629836b-a713-45eb-8341-ae6b19aaa50d', '9e659b51-99e8-48e7-ac3f-05a637872a83', 'search', '{"text":"508","brand":"","is_new":false,"carBrand":"","carModel":"","in_stock":false,"low_stock":false,"is_campaign":false}'::jsonb, '2026-05-12T18:31:13.924559+00:00'),
('2d60573d-ed4b-4276-840c-31f4d2baab83', '9e659b51-99e8-48e7-ac3f-05a637872a83', 'search', '{"text":"VİTES ÇUBUĞU","brand":"","is_new":false,"carBrand":"","carModel":"","in_stock":false,"low_stock":false,"is_campaign":false}'::jsonb, '2026-05-12T18:32:06.455335+00:00'),
('c06f05db-f338-4482-b16b-347e230f09f7', '9e659b51-99e8-48e7-ac3f-05a637872a83', 'search', '{"text":"RADYATÖR","brand":"","is_new":false,"carBrand":"","carModel":"","in_stock":false,"low_stock":false,"is_campaign":false}'::jsonb, '2026-05-12T18:32:56.547127+00:00'),
('0a842faf-7dee-433d-9922-a45997e8583d', '9e659b51-99e8-48e7-ac3f-05a637872a83', 'search', '{"text":"DİSK","brand":"","is_new":false,"carBrand":"","carModel":"","in_stock":false,"low_stock":false,"is_campaign":false}'::jsonb, '2026-05-12T18:38:06.163782+00:00'),
('135d5cc9-ead6-4ddd-9a4e-6c90dd2ceae1', '9e659b51-99e8-48e7-ac3f-05a637872a83', 'search', '{"text":"DISK","brand":"","is_new":false,"carBrand":"","carModel":"","in_stock":false,"low_stock":false,"is_campaign":false}'::jsonb, '2026-05-12T18:38:13.136955+00:00'),
('519c4d62-e7e1-4d1b-a0dd-20ea119985ca', '9e659b51-99e8-48e7-ac3f-05a637872a83', 'search', '{"text":"FREN","brand":"","is_new":false,"carBrand":"","carModel":"","in_stock":false,"low_stock":false,"is_campaign":false}'::jsonb, '2026-05-12T18:38:17.117554+00:00'),
('1fe45c1c-6797-4a0e-b11d-b30e1f741c07', '9e659b51-99e8-48e7-ac3f-05a637872a83', 'search', '{"text":"AYNA","brand":"","is_new":false,"carBrand":"","carModel":"","in_stock":false,"low_stock":false,"is_campaign":false}'::jsonb, '2026-05-12T18:38:22.182198+00:00'),
('1b849410-711d-4199-9908-1072d5ac7f4a', '9e659b51-99e8-48e7-ac3f-05a637872a83', 'search', '{"text":"BALATA","brand":"","is_new":false,"carBrand":"","carModel":"","in_stock":false,"low_stock":false,"is_campaign":false}'::jsonb, '2026-05-12T18:38:29.235899+00:00'),
('e1f6e573-2f06-4351-a976-683d879b0e25', '9e659b51-99e8-48e7-ac3f-05a637872a83', 'search', '{"text":"KAMPANA","brand":"","is_new":false,"carBrand":"","carModel":"","in_stock":false,"low_stock":false,"is_campaign":false}'::jsonb, '2026-05-12T18:38:36.693628+00:00'),
('088597c9-da06-42c4-917a-6cce9d3e908a', '9e659b51-99e8-48e7-ac3f-05a637872a83', 'search', '{"text":"FAR","brand":"","is_new":false,"carBrand":"","carModel":"","in_stock":false,"low_stock":false,"is_campaign":false}'::jsonb, '2026-05-12T18:39:00.894809+00:00'),
('f30fbd38-678c-45d3-af2e-8662a78e85ba', '9e659b51-99e8-48e7-ac3f-05a637872a83', 'search', '{"text":"FAR","brand":"","is_new":false,"carBrand":"","carModel":"","in_stock":false,"low_stock":false,"is_campaign":false}'::jsonb, '2026-05-12T18:39:03.079627+00:00'),
('d9dfc8ae-4b0f-4d4d-8752-e897873bb99d', '9e659b51-99e8-48e7-ac3f-05a637872a83', 'search', '{"text":"NGK","brand":"","is_new":false,"carBrand":"","carModel":"","in_stock":false,"low_stock":false,"is_campaign":false}'::jsonb, '2026-05-12T18:39:31.998636+00:00'),
('e322a90d-a568-4ff1-ba2b-1a8e26590dc7', '9e659b51-99e8-48e7-ac3f-05a637872a83', 'search', '{"text":"BUJI","brand":"","is_new":false,"carBrand":"","carModel":"","in_stock":false,"low_stock":false,"is_campaign":false}'::jsonb, '2026-05-12T18:39:37.274901+00:00'),
('80b1f90e-252c-4d3c-bf4f-dcff59c75b6f', '9e659b51-99e8-48e7-ac3f-05a637872a83', 'search', '{"text":"DEPO","brand":"","is_new":false,"carBrand":"","carModel":"","in_stock":false,"low_stock":false,"is_campaign":false}'::jsonb, '2026-05-12T18:39:52.559438+00:00'),
('733249c5-a4b1-4f0b-935a-b993e88725a1', '9e659b51-99e8-48e7-ac3f-05a637872a83', 'search', '{"text":"VALEO","brand":"","is_new":false,"carBrand":"","carModel":"","in_stock":false,"low_stock":false,"is_campaign":false}'::jsonb, '2026-05-12T18:40:20.90681+00:00'),
('3162311b-6931-48fe-8a0b-bba29bd16eb9', '9e659b51-99e8-48e7-ac3f-05a637872a83', 'search', '{"text":"AYFAR","brand":"","is_new":false,"carBrand":"","carModel":"","in_stock":false,"low_stock":false,"is_campaign":false}'::jsonb, '2026-05-12T18:40:38.939447+00:00'),
('a0a976b9-285e-4d08-99c4-e22d16127852', '9e659b51-99e8-48e7-ac3f-05a637872a83', 'search', '{"text":"BOSCH","brand":"","is_new":false,"carBrand":"","carModel":"","in_stock":false,"low_stock":false,"is_campaign":false}'::jsonb, '2026-05-12T18:40:51.951691+00:00'),
('5824d7a8-c2f6-4c2e-8f63-7d2737bd6336', '9e659b51-99e8-48e7-ac3f-05a637872a83', 'search', '{"text":"DENSO","brand":"","is_new":false,"carBrand":"","carModel":"","in_stock":false,"low_stock":false,"is_campaign":false}'::jsonb, '2026-05-12T18:41:06.895254+00:00'),
('81aa925b-6b1f-44be-9150-fa7190e534a0', '9e659b51-99e8-48e7-ac3f-05a637872a83', 'search', '{"text":"FAG","brand":"","is_new":false,"carBrand":"","carModel":"","in_stock":false,"low_stock":false,"is_campaign":false}'::jsonb, '2026-05-12T18:41:18.484305+00:00'),
('feb1e356-92f1-4578-8470-2e0b9c6dda57', '9e659b51-99e8-48e7-ac3f-05a637872a83', 'search', '{"text":"FOMOCO","brand":"","is_new":false,"carBrand":"","carModel":"","in_stock":false,"low_stock":false,"is_campaign":false}'::jsonb, '2026-05-12T18:41:35.304867+00:00'),
('820c5248-c1ff-4e80-94d3-3318f2de7067', '9e659b51-99e8-48e7-ac3f-05a637872a83', 'search', '{"text":"GOETZE","brand":"","is_new":false,"carBrand":"","carModel":"","in_stock":false,"low_stock":false,"is_campaign":false}'::jsonb, '2026-05-12T18:41:47.423721+00:00'),
('34a504bb-d646-43ba-a164-78be950ab761', '9e659b51-99e8-48e7-ac3f-05a637872a83', 'search', '{"text":"TRW","brand":"","is_new":false,"carBrand":"","carModel":"","in_stock":false,"low_stock":false,"is_campaign":false}'::jsonb, '2026-05-12T18:42:02.5488+00:00'),
('0501f225-2a9d-4af7-b2e5-eae1718369cc', '9e659b51-99e8-48e7-ac3f-05a637872a83', 'search', '{"text":"KALE","brand":"","is_new":false,"carBrand":"","carModel":"","in_stock":false,"low_stock":false,"is_campaign":false}'::jsonb, '2026-05-12T18:42:13.180347+00:00'),
('39d264e7-77f3-4a57-846c-40c515b08e13', '9e659b51-99e8-48e7-ac3f-05a637872a83', 'search', '{"text":"TYC","brand":"","is_new":false,"carBrand":"","carModel":"","in_stock":false,"low_stock":false,"is_campaign":false}'::jsonb, '2026-05-12T18:43:15.287633+00:00'),
('0d0221e1-2d47-464d-95de-438d2a1ffd10', '9e659b51-99e8-48e7-ac3f-05a637872a83', 'search', '{"text":"SACSH","brand":"","is_new":false,"carBrand":"","carModel":"","in_stock":false,"low_stock":false,"is_campaign":false}'::jsonb, '2026-05-12T18:43:42.302281+00:00'),
('1b52842c-5e87-4baf-a066-6f5aebc2d195', '9e659b51-99e8-48e7-ac3f-05a637872a83', 'search', '{"text":"UNICORE","brand":"","is_new":false,"carBrand":"","carModel":"","in_stock":false,"low_stock":false,"is_campaign":false}'::jsonb, '2026-05-12T18:44:00.542192+00:00'),
('a86ed289-6701-4681-8282-176042661b36', '9e659b51-99e8-48e7-ac3f-05a637872a83', 'search', '{"text":"YEKSAN","brand":"","is_new":false,"carBrand":"","carModel":"","in_stock":false,"low_stock":false,"is_campaign":false}'::jsonb, '2026-05-12T18:44:17.204843+00:00'),
('e9945b0d-e367-4863-aaae-a4e439f7811f', '9e659b51-99e8-48e7-ac3f-05a637872a83', 'search', '{"text":"DELPHI","brand":"","is_new":false,"carBrand":"","carModel":"","in_stock":false,"low_stock":false,"is_campaign":false}'::jsonb, '2026-05-12T18:44:32.806681+00:00'),
('cee1d31c-3d1c-4318-b7d9-18206fe624a3', '9e659b51-99e8-48e7-ac3f-05a637872a83', 'search', '{"text":"DAYCO","brand":"","is_new":false,"carBrand":"","carModel":"","in_stock":false,"low_stock":false,"is_campaign":false}'::jsonb, '2026-05-12T18:44:42.894646+00:00'),
('794bda03-e9cd-4643-a167-f9eb6932a588', '9e659b51-99e8-48e7-ac3f-05a637872a83', 'search', '{"text":"DAYKO","brand":"","is_new":false,"carBrand":"","carModel":"","in_stock":false,"low_stock":false,"is_campaign":false}'::jsonb, '2026-05-12T18:44:46.89381+00:00'),
('c0378217-f04c-4ae6-8565-ef82b2479ed1', '9e659b51-99e8-48e7-ac3f-05a637872a83', 'search', '{"text":"PIERBURG","brand":"","is_new":false,"carBrand":"","carModel":"","in_stock":false,"low_stock":false,"is_campaign":false}'::jsonb, '2026-05-12T18:45:00.73393+00:00'),
('8ca390a6-78ce-41e8-a090-83d430a66de3', '9e659b51-99e8-48e7-ac3f-05a637872a83', 'search', '{"text":"KORNA","brand":"","is_new":false,"carBrand":"","carModel":"","in_stock":false,"low_stock":false,"is_campaign":false}'::jsonb, '2026-05-12T18:49:15.203174+00:00'),
('8033e5b6-1083-4393-9ecd-38cf7c909d23', '8eeffda6-e8c5-4d5d-a9a9-dc79c89c5495', 'logout', '{}'::jsonb, '2026-05-12T20:01:41.478194+00:00'),
('a482eb4f-4f5e-4557-a40a-5fa0286c72ea', '8eeffda6-e8c5-4d5d-a9a9-dc79c89c5495', 'login', '{}'::jsonb, '2026-05-12T20:43:47.341409+00:00'),
('03c66fba-0a76-49bf-871e-e88868fb29a9', '8eeffda6-e8c5-4d5d-a9a9-dc79c89c5495', 'logout', '{}'::jsonb, '2026-05-12T20:43:53.391105+00:00'),
('01f08e13-a5cb-4a2d-b30a-70e120822b2f', '8eeffda6-e8c5-4d5d-a9a9-dc79c89c5495', 'login', '{}'::jsonb, '2026-05-12T21:32:29.437808+00:00'),
('959b03d8-8299-4b76-b721-2b97ac9a0769', '8eeffda6-e8c5-4d5d-a9a9-dc79c89c5495', 'login', '{}'::jsonb, '2026-05-12T21:37:59.099611+00:00'),
('3daedb08-7fef-4a56-a072-9182189d132e', '8eeffda6-e8c5-4d5d-a9a9-dc79c89c5495', 'logout', '{}'::jsonb, '2026-05-12T22:48:14.862667+00:00'),
('5ead7b70-4d0a-42ec-a6ac-3aa0d9b781bb', '21d36240-e51f-4504-bc78-e44933cc1691', 'login', '{}'::jsonb, '2026-05-12T22:48:24.130705+00:00'),
('13679edb-962d-487a-99e2-8121896c2764', '21d36240-e51f-4504-bc78-e44933cc1691', 'logout', '{}'::jsonb, '2026-05-12T22:50:35.963949+00:00'),
('3bef2383-d526-4f8d-ba6f-09e3a57749a3', '21d36240-e51f-4504-bc78-e44933cc1691', 'login', '{}'::jsonb, '2026-05-12T22:50:56.160342+00:00'),
('bdcd86c1-8812-4a34-9937-c35ab125993d', '21d36240-e51f-4504-bc78-e44933cc1691', 'logout', '{}'::jsonb, '2026-05-12T22:51:01.01754+00:00'),
('25805f90-fa6e-4009-b426-24273e6b0108', '8eeffda6-e8c5-4d5d-a9a9-dc79c89c5495', 'login', '{}'::jsonb, '2026-05-12T22:51:07.914978+00:00'),
('c1383b7b-7292-481b-82cc-9d145f323386', '8eeffda6-e8c5-4d5d-a9a9-dc79c89c5495', 'logout', '{}'::jsonb, '2026-05-12T22:52:54.474018+00:00'),
('46d86eb1-23da-4ef2-be8d-91a6976ae14b', '21d36240-e51f-4504-bc78-e44933cc1691', 'login', '{}'::jsonb, '2026-05-12T22:53:02.640027+00:00'),
('35911a67-1365-4f98-a6fa-be749551d962', '21d36240-e51f-4504-bc78-e44933cc1691', 'logout', '{}'::jsonb, '2026-05-12T22:54:24.627857+00:00'),
('6a6c12f2-94d0-4720-8439-9cf6c8a2df31', '8eeffda6-e8c5-4d5d-a9a9-dc79c89c5495', 'login', '{}'::jsonb, '2026-05-12T22:54:33.440925+00:00'),
('3c87bc4a-649d-4628-a76a-b15c47999410', '8eeffda6-e8c5-4d5d-a9a9-dc79c89c5495', 'logout', '{}'::jsonb, '2026-05-12T22:59:20.789197+00:00'),
('23c26e14-8310-4d9d-87d1-cc9a4b432f7b', '8eeffda6-e8c5-4d5d-a9a9-dc79c89c5495', 'login', '{}'::jsonb, '2026-05-12T22:59:26.897711+00:00'),
('f660e8e5-9387-4238-ae5a-7cb8ae34c2a8', '21d36240-e51f-4504-bc78-e44933cc1691', 'login', '{}'::jsonb, '2026-05-12T22:59:53.585476+00:00'),
('1415db8a-3f1e-40f7-b91b-c13104894966', '21d36240-e51f-4504-bc78-e44933cc1691', 'search', '{"text":"A","brand":"","is_new":false,"carBrand":"","carModel":"","in_stock":false,"low_stock":false,"is_campaign":false}'::jsonb, '2026-05-12T23:00:01.486885+00:00'),
('b9bb04ed-64d2-4c91-b126-ea839dc101e3', '21d36240-e51f-4504-bc78-e44933cc1691', 'search', '{"text":"A","brand":"a","is_new":false,"carBrand":"","carModel":"","in_stock":false,"low_stock":false,"is_campaign":false}'::jsonb, '2026-05-12T23:00:42.046751+00:00'),
('93cc739a-ee2b-4b28-ab3d-9e0d1fd5fccf', '21d36240-e51f-4504-bc78-e44933cc1691', 'search', '{"text":"","brand":"a","is_new":false,"carBrand":"","carModel":"","in_stock":false,"low_stock":false,"is_campaign":false}'::jsonb, '2026-05-12T23:00:49.600557+00:00'),
('2b36255e-56fc-47db-a0a3-f5fdca7ff16b', '21d36240-e51f-4504-bc78-e44933cc1691', 'search', '{"text":"","brand":"a","is_new":false,"carBrand":"","carModel":"","in_stock":false,"low_stock":false,"is_campaign":true}'::jsonb, '2026-05-12T23:01:19.421071+00:00'),
('73ff0919-049e-4fd6-851a-07e30afd8660', '21d36240-e51f-4504-bc78-e44933cc1691', 'search', '{"text":"","brand":"a","is_new":false,"carBrand":"BMC ","carModel":"","in_stock":false,"low_stock":false,"is_campaign":true}'::jsonb, '2026-05-12T23:01:29.509757+00:00'),
('ce241497-371e-426e-b997-4efa77e9236e', '21d36240-e51f-4504-bc78-e44933cc1691', 'logout', '{}'::jsonb, '2026-05-12T23:04:27.74933+00:00'),
('546ebedb-58e8-4847-955e-c4e119ffe609', '8eeffda6-e8c5-4d5d-a9a9-dc79c89c5495', 'login', '{}'::jsonb, '2026-05-12T23:04:39.684713+00:00'),
('3c169c5d-0530-42cb-b560-0f615afbda49', '8eeffda6-e8c5-4d5d-a9a9-dc79c89c5495', 'logout', '{}'::jsonb, '2026-05-12T23:05:04.04761+00:00'),
('b8d0bb89-0b79-41a0-8434-f6798a41595b', '21d36240-e51f-4504-bc78-e44933cc1691', 'login', '{}'::jsonb, '2026-05-12T23:05:13.078733+00:00'),
('852d65da-7685-4317-92a0-81b3b7b39586', '21d36240-e51f-4504-bc78-e44933cc1691', 'search', '{"text":"ABCDEFGĞHIIJKLMNOÖPRS","brand":"","is_new":false,"carBrand":"","carModel":"","in_stock":false,"low_stock":false,"is_campaign":false}'::jsonb, '2026-05-12T23:05:18.874433+00:00'),
('393996eb-de96-4146-88f4-ae82266ad00c', '21d36240-e51f-4504-bc78-e44933cc1691', 'search', '{"text":"ABCDEFGĞHIIJKLMNOÖPRS","brand":"","is_new":false,"carBrand":"","carModel":"","in_stock":false,"low_stock":false,"is_campaign":false}'::jsonb, '2026-05-12T23:05:20.516018+00:00'),
('0218e00e-603a-4405-8863-75b46d5784ba', '21d36240-e51f-4504-bc78-e44933cc1691', 'search', '{"text":"ABCDEFG","brand":"","is_new":false,"carBrand":"","carModel":"","in_stock":false,"low_stock":false,"is_campaign":false}'::jsonb, '2026-05-12T23:05:29.139047+00:00'),
('fcea6f50-3216-41f0-b43a-5718a68f1b7c', '8eeffda6-e8c5-4d5d-a9a9-dc79c89c5495', 'login', '{}'::jsonb, '2026-05-13T08:36:45.106331+00:00'),
('5e0bfae4-28d2-4057-8c99-be44d974e458', '21d36240-e51f-4504-bc78-e44933cc1691', 'login', '{}'::jsonb, '2026-05-13T08:38:41.359217+00:00'),
('d663dcd8-fc11-4a85-aae8-8c19d56eb5b4', 'a2a7e92a-ed73-4caf-8faf-d590fb835d31', 'search', '{"text":"EGEA FAR","brand":"","is_new":false,"carBrand":"","carModel":"","in_stock":false,"low_stock":false,"is_campaign":false}'::jsonb, '2026-05-13T08:42:05.187602+00:00'),
('fa3d2ce4-2bf0-4381-9344-4495d491434d', '21d36240-e51f-4504-bc78-e44933cc1691', 'search', '{"text":"DUSTER XJD BEYAZ","brand":"","is_new":false,"carBrand":"","carModel":"","in_stock":false,"low_stock":false,"is_campaign":false}'::jsonb, '2026-05-13T09:06:53.476478+00:00'),
('bf27d9c4-6ea6-4aa3-93d0-8b215586910e', '4fbd04f9-dae2-489d-8b46-5b4f32caece1', 'search', '{"text":"TIGGO","brand":"","is_new":false,"carBrand":"","carModel":"","in_stock":false,"low_stock":false,"is_campaign":false}'::jsonb, '2026-05-13T09:49:31.249703+00:00'),
('cbcf0af1-e3b1-42c5-bc03-d794d5941e63', '21d36240-e51f-4504-bc78-e44933cc1691', 'search', '{"text":"260106194","brand":"","is_new":false,"carBrand":"","carModel":"","in_stock":false,"low_stock":false,"is_campaign":false}'::jsonb, '2026-05-13T09:58:28.797742+00:00'),
('8daa017a-c864-4593-beb9-b1b6ce28faa6', '21d36240-e51f-4504-bc78-e44933cc1691', 'search', '{"text":"260106194","brand":"","is_new":false,"carBrand":"","carModel":"","in_stock":false,"low_stock":false,"is_campaign":false}'::jsonb, '2026-05-13T09:58:59.279973+00:00'),
('02f1e83c-ea08-4abc-b313-da399fc79ddf', '21d36240-e51f-4504-bc78-e44933cc1691', 'search', '{"text":"260106194","brand":"","is_new":false,"carBrand":"","carModel":"","in_stock":false,"low_stock":false,"is_campaign":false}'::jsonb, '2026-05-13T09:59:40.668541+00:00'),
('00bc6f84-357b-4f71-a8b1-04c4e4b71534', '21d36240-e51f-4504-bc78-e44933cc1691', 'search', '{"text":"260106194","brand":"","is_new":false,"carBrand":"","carModel":"","in_stock":false,"low_stock":false,"is_campaign":false}'::jsonb, '2026-05-13T10:00:31.923478+00:00'),
('c22a8951-93a8-48e3-a0ed-d2ce85169863', '21d36240-e51f-4504-bc78-e44933cc1691', 'logout', '{}'::jsonb, '2026-05-13T10:00:43.124186+00:00'),
('507c9404-808c-477f-ab2f-52139fb0b064', '8eeffda6-e8c5-4d5d-a9a9-dc79c89c5495', 'login', '{}'::jsonb, '2026-05-13T10:00:50.076584+00:00'),
('16890548-9a7e-43fe-a94b-7c83ed88ec02', '21d36240-e51f-4504-bc78-e44933cc1691', 'login', '{}'::jsonb, '2026-05-13T10:06:38.66944+00:00'),
('018a29e1-42c1-4a71-ba07-a37b63864f4a', '21d36240-e51f-4504-bc78-e44933cc1691', 'search', '{"text":"260106194","brand":"","is_new":false,"carBrand":"","carModel":"","in_stock":false,"low_stock":false,"is_campaign":false}'::jsonb, '2026-05-13T10:06:54.282663+00:00'),
('13b90c67-7a92-4b9a-b20a-719c3b691c94', '21d36240-e51f-4504-bc78-e44933cc1691', 'search', '{"text":"260106194","brand":"","is_new":false,"carBrand":"","carModel":"","in_stock":false,"low_stock":false,"is_campaign":false}'::jsonb, '2026-05-13T10:07:40.03538+00:00')
ON CONFLICT DO NOTHING;

-- 5. CONSTRAINTS
ALTER TABLE public."price_groups" ADD CONSTRAINT "price_groups_pkey" PRIMARY KEY (id);
ALTER TABLE public."companies" ADD CONSTRAINT "companies_status_check" CHECK ((status = ANY (ARRAY['pending'::text, 'approved'::text, 'rejected'::text])));
ALTER TABLE public."companies" ADD CONSTRAINT "companies_pkey" PRIMARY KEY (id);
ALTER TABLE public."companies" ADD CONSTRAINT "companies_tax_number_key" UNIQUE (tax_number);
ALTER TABLE public."companies" ADD CONSTRAINT "companies_price_group_id_fkey" FOREIGN KEY (price_group_id) REFERENCES price_groups(id);
ALTER TABLE public."profiles" ADD CONSTRAINT "profiles_pkey" PRIMARY KEY (id);
ALTER TABLE public."profiles" ADD CONSTRAINT "profiles_id_fkey" FOREIGN KEY (id) REFERENCES auth.users(id) ON DELETE CASCADE;
ALTER TABLE public."profiles" ADD CONSTRAINT "profiles_company_id_fkey" FOREIGN KEY (company_id) REFERENCES companies(id);
ALTER TABLE public."products" ADD CONSTRAINT "products_pkey" PRIMARY KEY (id);
ALTER TABLE public."products" ADD CONSTRAINT "products_code_key" UNIQUE (code);
ALTER TABLE public."product_prices" ADD CONSTRAINT "product_prices_pkey" PRIMARY KEY (id);
ALTER TABLE public."product_prices" ADD CONSTRAINT "product_prices_product_id_price_group_id_key" UNIQUE (product_id, price_group_id);
ALTER TABLE public."product_prices" ADD CONSTRAINT "product_prices_product_id_fkey" FOREIGN KEY (product_id) REFERENCES products(id) ON DELETE CASCADE;
ALTER TABLE public."product_prices" ADD CONSTRAINT "product_prices_price_group_id_fkey" FOREIGN KEY (price_group_id) REFERENCES price_groups(id) ON DELETE CASCADE;
ALTER TABLE public."stock_movements" ADD CONSTRAINT "stock_movements_type_check" CHECK ((type = ANY (ARRAY['in'::text, 'out'::text, 'adjustment'::text])));
ALTER TABLE public."stock_movements" ADD CONSTRAINT "stock_movements_pkey" PRIMARY KEY (id);
ALTER TABLE public."stock_movements" ADD CONSTRAINT "stock_movements_product_id_fkey" FOREIGN KEY (product_id) REFERENCES products(id) ON DELETE CASCADE;
ALTER TABLE public."stock_movements" ADD CONSTRAINT "stock_movements_created_by_fkey" FOREIGN KEY (created_by) REFERENCES profiles(id);
ALTER TABLE public."site_settings" ADD CONSTRAINT "site_settings_pkey" PRIMARY KEY (setting_key);
ALTER TABLE public."orders" ADD CONSTRAINT "orders_status_check" CHECK ((status = ANY (ARRAY['pending'::text, 'confirmed'::text, 'preparing'::text, 'shipped'::text, 'delivered'::text, 'cancelled'::text])));
ALTER TABLE public."orders" ADD CONSTRAINT "orders_pkey" PRIMARY KEY (id);
ALTER TABLE public."orders" ADD CONSTRAINT "orders_company_id_fkey" FOREIGN KEY (company_id) REFERENCES companies(id) ON DELETE CASCADE;
ALTER TABLE public."order_items" ADD CONSTRAINT "order_items_pkey" PRIMARY KEY (id);
ALTER TABLE public."order_items" ADD CONSTRAINT "order_items_order_id_fkey" FOREIGN KEY (order_id) REFERENCES orders(id) ON DELETE CASCADE;
ALTER TABLE public."order_items" ADD CONSTRAINT "order_items_product_id_fkey" FOREIGN KEY (product_id) REFERENCES products(id);
ALTER TABLE public."invoices" ADD CONSTRAINT "invoices_status_check" CHECK ((status = ANY (ARRAY['unpaid'::text, 'paid'::text, 'partial'::text])));
ALTER TABLE public."invoices" ADD CONSTRAINT "invoices_pkey" PRIMARY KEY (id);
ALTER TABLE public."invoices" ADD CONSTRAINT "invoices_invoice_number_key" UNIQUE (invoice_number);
ALTER TABLE public."invoices" ADD CONSTRAINT "invoices_company_id_fkey" FOREIGN KEY (company_id) REFERENCES companies(id) ON DELETE CASCADE;
ALTER TABLE public."invoices" ADD CONSTRAINT "invoices_order_id_fkey" FOREIGN KEY (order_id) REFERENCES orders(id);
ALTER TABLE public."invoice_items" ADD CONSTRAINT "invoice_items_pkey" PRIMARY KEY (id);
ALTER TABLE public."invoice_items" ADD CONSTRAINT "invoice_items_invoice_id_fkey" FOREIGN KEY (invoice_id) REFERENCES invoices(id) ON DELETE CASCADE;
ALTER TABLE public."invoice_items" ADD CONSTRAINT "invoice_items_product_id_fkey" FOREIGN KEY (product_id) REFERENCES products(id);
ALTER TABLE public."product_follows" ADD CONSTRAINT "product_follows_pkey" PRIMARY KEY (id);
ALTER TABLE public."product_follows" ADD CONSTRAINT "product_follows_user_id_product_id_key" UNIQUE (user_id, product_id);
ALTER TABLE public."product_follows" ADD CONSTRAINT "product_follows_user_id_fkey" FOREIGN KEY (user_id) REFERENCES auth.users(id) ON DELETE CASCADE;
ALTER TABLE public."product_follows" ADD CONSTRAINT "product_follows_product_id_fkey" FOREIGN KEY (product_id) REFERENCES products(id) ON DELETE CASCADE;
ALTER TABLE public."account_transactions" ADD CONSTRAINT "account_transactions_pkey" PRIMARY KEY (id);
ALTER TABLE public."account_transactions" ADD CONSTRAINT "account_transactions_company_id_fkey" FOREIGN KEY (company_id) REFERENCES companies(id) ON DELETE CASCADE;
ALTER TABLE public."user_activities" ADD CONSTRAINT "user_activities_pkey" PRIMARY KEY (id);
ALTER TABLE public."user_activities" ADD CONSTRAINT "user_activities_company_id_fkey" FOREIGN KEY (company_id) REFERENCES companies(id) ON DELETE CASCADE;
ALTER TABLE public."suggestions" ADD CONSTRAINT "suggestions_pkey" PRIMARY KEY (id);
ALTER TABLE public."suggestions" ADD CONSTRAINT "suggestions_company_id_fkey" FOREIGN KEY (company_id) REFERENCES companies(id) ON DELETE CASCADE;
ALTER TABLE public."suggestions" ADD CONSTRAINT "suggestions_user_id_fkey" FOREIGN KEY (user_id) REFERENCES auth.users(id) ON DELETE SET NULL;
ALTER TABLE public."cart_items" ADD CONSTRAINT "cart_items_pkey" PRIMARY KEY (id);
ALTER TABLE public."cart_items" ADD CONSTRAINT "cart_items_company_id_fkey" FOREIGN KEY (company_id) REFERENCES companies(id) ON DELETE CASCADE;
ALTER TABLE public."cart_items" ADD CONSTRAINT "cart_items_product_id_fkey" FOREIGN KEY (product_id) REFERENCES products(id) ON DELETE CASCADE;
ALTER TABLE public."banners" ADD CONSTRAINT "banners_pkey" PRIMARY KEY (id);
ALTER TABLE public."cart_items" ADD CONSTRAINT "cart_items_company_id_product_id_key" UNIQUE (company_id, product_id);
ALTER TABLE public."account_transactions" ADD CONSTRAINT "account_transactions_order_id_fkey" FOREIGN KEY (order_id) REFERENCES orders(id);
ALTER TABLE public."customer_representatives" ADD CONSTRAINT "customer_representatives_position_check" CHECK (("position" = ANY (ARRAY['SATIŞ MÜDÜRÜ'::text, 'BÖLGE MÜDÜRÜ'::text, 'SATIŞ TEMSİLCİSİ'::text])));
ALTER TABLE public."customer_representatives" ADD CONSTRAINT "customer_representatives_pkey" PRIMARY KEY (id);
ALTER TABLE public."customer_representatives" ADD CONSTRAINT "customer_representatives_tc_no_key" UNIQUE (tc_no);
ALTER TABLE public."representative_assignments" ADD CONSTRAINT "representative_assignments_pkey" PRIMARY KEY (id);
ALTER TABLE public."representative_assignments" ADD CONSTRAINT "representative_assignments_representative_id_company_id_key" UNIQUE (representative_id, company_id);
ALTER TABLE public."representative_assignments" ADD CONSTRAINT "representative_assignments_representative_id_fkey" FOREIGN KEY (representative_id) REFERENCES customer_representatives(id) ON DELETE CASCADE;
ALTER TABLE public."representative_assignments" ADD CONSTRAINT "representative_assignments_company_id_fkey" FOREIGN KEY (company_id) REFERENCES companies(id) ON DELETE CASCADE;
ALTER TABLE public."customer_representatives" ADD CONSTRAINT "customer_representatives_dealer_code_key" UNIQUE (dealer_code);
ALTER TABLE public."company_extra_discounts" ADD CONSTRAINT "company_extra_discounts_pkey" PRIMARY KEY (id);
ALTER TABLE public."company_extra_discounts" ADD CONSTRAINT "company_extra_discounts_company_id_product_id_key" UNIQUE (company_id, product_id);
ALTER TABLE public."company_extra_discounts" ADD CONSTRAINT "company_extra_discounts_company_id_fkey" FOREIGN KEY (company_id) REFERENCES companies(id) ON DELETE CASCADE;
ALTER TABLE public."company_extra_discounts" ADD CONSTRAINT "company_extra_discounts_product_id_fkey" FOREIGN KEY (product_id) REFERENCES products(id) ON DELETE CASCADE;

-- 6. INDEXES
CREATE UNIQUE INDEX IF NOT EXISTS cart_items_company_id_product_id_key ON public.cart_items USING btree (company_id, product_id);
CREATE UNIQUE INDEX IF NOT EXISTS products_code_key ON public.products USING btree (code);
CREATE UNIQUE INDEX IF NOT EXISTS product_prices_product_id_price_group_id_key ON public.product_prices USING btree (product_id, price_group_id);
CREATE UNIQUE INDEX IF NOT EXISTS invoices_invoice_number_key ON public.invoices USING btree (invoice_number);
CREATE UNIQUE INDEX IF NOT EXISTS product_follows_user_id_product_id_key ON public.product_follows USING btree (user_id, product_id);
CREATE UNIQUE INDEX IF NOT EXISTS companies_tax_number_key ON public.companies USING btree (tax_number);
CREATE UNIQUE INDEX IF NOT EXISTS representative_assignments_representative_id_company_id_key ON public.representative_assignments USING btree (representative_id, company_id);
CREATE UNIQUE INDEX IF NOT EXISTS customer_representatives_tc_no_key ON public.customer_representatives USING btree (tc_no);
CREATE UNIQUE INDEX IF NOT EXISTS customer_representatives_dealer_code_key ON public.customer_representatives USING btree (dealer_code);
CREATE UNIQUE INDEX IF NOT EXISTS company_extra_discounts_company_id_product_id_key ON public.company_extra_discounts USING btree (company_id, product_id);

-- 7. FUNCTIONS
DROP FUNCTION IF EXISTS public."is_admin_user" CASCADE;
CREATE OR REPLACE FUNCTION public.is_admin_user()
 RETURNS boolean
 LANGUAGE sql
 SECURITY DEFINER
AS $function$
  SELECT EXISTS (
    SELECT 1 FROM profiles WHERE id = auth.uid() AND is_admin = true
  );
$function$
;

DROP FUNCTION IF EXISTS public."trg_set_document_no" CASCADE;
CREATE OR REPLACE FUNCTION public.trg_set_document_no()
 RETURNS trigger
 LANGUAGE plpgsql
AS $function$
BEGIN
    -- Eğer gelen document_no bir UUID formatındaysa (36 karakter ve tireler içeriyorsa)
    -- veya bu bir TOPTAN SATIŞ ise ve biz bunun bir UUID olduğunu tahmin ediyorsak
    IF NEW.transaction_type = 'TOPTAN SATIŞ' AND NEW.document_no IS NOT NULL AND length(NEW.document_no) = 36 THEN
        NEW.order_id := NEW.document_no::UUID;
    END IF;

    -- Şimdi document_no'yu OMG formatına çevir (Eğer zaten OMG değilse)
    IF NEW.document_no IS NULL OR NEW.document_no = '' OR LEFT(NEW.document_no, 3) != 'OMG' THEN
        NEW.document_no := get_next_document_no();
    END IF;
    
    RETURN NEW;
END;
$function$
;

DROP FUNCTION IF EXISTS public."get_next_document_no" CASCADE;
CREATE OR REPLACE FUNCTION public.get_next_document_no()
 RETURNS text
 LANGUAGE plpgsql
AS $function$
DECLARE
    v_seq INTEGER;
BEGIN
    v_seq := nextval('document_no_seq');
    RETURN 'OMG' || LPAD(v_seq::text, 7, '0');
END;
$function$
;

DROP FUNCTION IF EXISTS public."update_updated_at_column" CASCADE;
CREATE OR REPLACE FUNCTION public.update_updated_at_column()
 RETURNS trigger
 LANGUAGE plpgsql
AS $function$
BEGIN
    NEW.updated_at = NOW();
    RETURN NEW;
END;
$function$
;

DROP FUNCTION IF EXISTS public."process_tosla_payment" CASCADE;
CREATE OR REPLACE FUNCTION public.process_tosla_payment(p_api_secret text, p_company_id uuid, p_amount numeric, p_transaction_id text)
 RETURNS jsonb
 LANGUAGE plpgsql
 SECURITY DEFINER
AS $function$
DECLARE
    v_new_balance NUMERIC(15,2);
BEGIN
    -- Verify custom secret key
    IF p_api_secret != 'b2b_secret_omi_12345!@#' THEN
        RAISE EXCEPTION 'Invalid Internal API Secret';
    END IF;
    -- Add to Balance (Tahsilat)
    UPDATE public.companies SET current_balance = COALESCE(current_balance, 0) + p_amount
    WHERE id = p_company_id RETURNING current_balance INTO v_new_balance;
    -- Log Transaction (Evrak No = Banka Transaction ID)
    INSERT INTO public.account_transactions (company_id, transaction_type, document_no, description, debt, credit, balance_after) 
    VALUES (p_company_id, 'KREDİ KARTI', p_transaction_id, 'Tosla Online Ödeme', 0, p_amount, v_new_balance);
    RETURN jsonb_build_object('success', true, 'new_balance', v_new_balance);
END;
$function$
;

DROP FUNCTION IF EXISTS public."get_all_logic" CASCADE;
CREATE OR REPLACE FUNCTION public.get_all_logic()
 RETURNS TABLE(type text, name text, definition text)
 LANGUAGE plpgsql
 SECURITY DEFINER
AS $function$
            BEGIN
                RETURN QUERY 
                SELECT 'FUNCTION'::text, proname::text, pg_get_functiondef(oid)::text 
                FROM pg_proc WHERE pronamespace = 'public'::regnamespace AND proname NOT IN ('exec_sql', 'get_all_logic');
                
                RETURN QUERY
                SELECT 'TRIGGER'::text, tgname::text, pg_get_triggerdef(oid)::text 
                FROM pg_trigger WHERE tgisinternal = false;
            END; $function$
;

DROP FUNCTION IF EXISTS public."place_b2b_order" CASCADE;
CREATE OR REPLACE FUNCTION public.place_b2b_order(p_company_id uuid, p_shipping_address text, p_note text, p_total_amount numeric, p_items jsonb)
 RETURNS jsonb
 LANGUAGE plpgsql
 SECURITY DEFINER
AS $function$
DECLARE
    v_order_id UUID;
    v_new_balance NUMERIC(15,2);
    v_item JSONB;
    v_is_locked BOOLEAN;
    v_current_balance NUMERIC(15,2);
    v_risk_limit NUMERIC(15,2);
    v_user_id UUID := auth.uid();
    v_user_role TEXT := auth.role();
BEGIN
    -- 1. YETKİ KONTROLÜ
    IF v_user_role <> 'service_role' THEN
        IF NOT EXISTS (
            SELECT 1 FROM public.profiles 
            WHERE id = v_user_id AND (is_admin = true OR company_id = p_company_id)
        ) AND NOT EXISTS (
            SELECT 1 FROM public.customer_representatives
            WHERE id = v_user_id AND is_active = true
        ) THEN
            RAISE EXCEPTION 'Unauthorized company order';
        END IF;
    END IF;

    -- 2. BAKİYE VE LİMİT BİLGİLERİNİ ÇEK
    SELECT is_prepayment_locked, COALESCE(current_balance, 0), COALESCE(risk_limit, 0) 
    INTO v_is_locked, v_current_balance, v_risk_limit 
    FROM public.companies WHERE id = p_company_id;
    
    -- 3. KONTROL MEKANİZMASI
    IF v_is_locked IS TRUE THEN
        -- Ön ödemeli (kilitli) hesap: Bakiyesi yetmeli
        IF v_current_balance < p_total_amount THEN
            RAISE EXCEPTION 'Yetersiz Bakiye: Ön ödemeli hesaplarda bakiye sipariş tutarını karşılamalıdır.';
        END IF;
    ELSE
        -- Standart hesap: Risk Limiti Kontrolü
        -- ÖNEMLİ: Eğer v_risk_limit 0 ise, bu kontrol tamamen atlanır (SINIRSIZ BORÇ)
        IF v_risk_limit > 0 THEN
            IF (v_current_balance - p_total_amount) < -v_risk_limit THEN
                RAISE EXCEPTION 'Risk Limiti Aşıldı: Sipariş tutarı tanımlı risk limitinizi aşmaktadır.';
            END IF;
        END IF;
    END IF;

    -- 4. SİPARİŞ OLUŞTURMA
    INSERT INTO public.orders (company_id, shipping_address, note, total_amount, status, created_at)
    VALUES (p_company_id, p_shipping_address, p_note, p_total_amount, 'pending', NOW())
    RETURNING id INTO v_order_id;

    -- 5. SİPARİŞ KALEMLERİNİ EKLEME
    FOR v_item IN SELECT * FROM jsonb_array_elements(p_items)
    LOOP
        INSERT INTO public.order_items (order_id, product_id, quantity, unit_price, total_price)
        VALUES (
            v_order_id, 
            (v_item->>'product_id')::UUID, 
            (v_item->>'quantity')::INT,
            (v_item->>'unit_price')::NUMERIC(15,2), 
            (v_item->>'total_price')::NUMERIC(15,2)
        );
    END LOOP;

    -- 6. BAKİYE DÜŞME VE HAREKET KAYDI
    UPDATE public.companies SET current_balance = COALESCE(current_balance, 0) - p_total_amount
    WHERE id = p_company_id RETURNING current_balance INTO v_new_balance;

    INSERT INTO public.account_transactions (company_id, transaction_type, document_no, description, debt, credit, balance_after) 
    VALUES (p_company_id, 'TOPTAN SATIŞ', v_order_id::text, 'Sipariş Tutarı', p_total_amount, 0, v_new_balance);

    RETURN jsonb_build_object(
        'success', true, 
        'order_id', v_order_id, 
        'new_balance', v_new_balance
    );
END;
$function$
;

DROP FUNCTION IF EXISTS public."place_b2b_order" CASCADE;
CREATE OR REPLACE FUNCTION public.place_b2b_order(p_company_id uuid, p_shipping_address text, p_note text, p_total_amount numeric, p_items jsonb, p_bypass_prepayment boolean DEFAULT false, p_bypass_risk_limit boolean DEFAULT false)
 RETURNS jsonb
 LANGUAGE plpgsql
 SECURITY DEFINER
AS $function$
DECLARE
    v_order_id UUID;
    v_new_balance NUMERIC(15,2);
    v_item JSONB;
    v_is_locked BOOLEAN;
    v_current_balance NUMERIC(15,2);
    v_risk_limit NUMERIC(15,2);
    v_user_id UUID := auth.uid();
    v_user_role TEXT := auth.role();
    v_is_privileged BOOLEAN := FALSE;
BEGIN
    -- 1. YETKİ KONTROLÜ
    IF v_user_role = 'service_role' THEN
        v_is_privileged := TRUE;
    ELSE
        -- Admin veya Müşteri Temsilcisi mi?
        SELECT EXISTS (
            SELECT 1 FROM public.profiles 
            WHERE id = v_user_id AND is_admin = true
        ) OR EXISTS (
            SELECT 1 FROM public.customer_representatives
            WHERE id = v_user_id AND is_active = true
        ) INTO v_is_privileged;

        -- Eğer yetkisizse sadece kendi firmasına sipariş verebilir
        IF NOT v_is_privileged THEN
            IF NOT EXISTS (
                SELECT 1 FROM public.profiles 
                WHERE id = v_user_id AND company_id = p_company_id
            ) THEN
                RAISE EXCEPTION 'Unauthorized company order';
            END IF;
            -- Yetkisiz kullanıcı bypass parametrelerini kullanamaz
            p_bypass_prepayment := FALSE;
            p_bypass_risk_limit := FALSE;
        END IF;
    END IF;

    -- 2. BAKİYE VE LİMİT BİLGİLERİNİ ÇEK
    SELECT is_prepayment_locked, COALESCE(current_balance, 0), COALESCE(risk_limit, 0) 
    INTO v_is_locked, v_current_balance, v_risk_limit 
    FROM public.companies WHERE id = p_company_id;
    
    -- 3. KONTROL MEKANİZMASI
    IF v_is_locked IS TRUE AND NOT p_bypass_prepayment THEN
        -- Ön ödemeli (kilitli) hesap: Bakiyesi yetmeli (Bypass edilmediyse)
        IF v_current_balance < p_total_amount THEN
            RAISE EXCEPTION 'Yetersiz Bakiye: Ön ödemeli hesaplarda bakiye sipariş tutarını karşılamalıdır.';
        END IF;
    ELSIF NOT p_bypass_risk_limit THEN
        -- Standart hesap: Risk Limiti Kontrolü (Bypass edilmediyse)
        -- ÖNEMLİ: Eğer v_risk_limit 0 ise, bu kontrol tamamen atlanır (SINIRSIZ BORÇ)
        IF v_risk_limit > 0 THEN
            IF (v_current_balance - p_total_amount) < -v_risk_limit THEN
                RAISE EXCEPTION 'Risk Limiti Aşıldı: Sipariş tutarı tanımlı risk limitinizi aşmaktadır.';
            END IF;
        END IF;
    END IF;

    -- 4. SİPARİŞ OLUŞTURMA
    INSERT INTO public.orders (company_id, shipping_address, note, total_amount, status, created_at)
    VALUES (p_company_id, p_shipping_address, p_note, p_total_amount, 'pending', NOW())
    RETURNING id INTO v_order_id;

    -- 5. SİPARİŞ KALEMLERİNİ EKLEME
    FOR v_item IN SELECT * FROM jsonb_array_elements(p_items)
    LOOP
        INSERT INTO public.order_items (order_id, product_id, quantity, unit_price, total_price)
        VALUES (
            v_order_id, 
            (v_item->>'product_id')::UUID, 
            (v_item->>'quantity')::INT,
            (v_item->>'unit_price')::NUMERIC(15,2), 
            (v_item->>'total_price')::NUMERIC(15,2)
        );
    END LOOP;

    -- 6. BAKİYE DÜŞME VE HAREKET KAYDI
    UPDATE public.companies SET current_balance = COALESCE(current_balance, 0) - p_total_amount
    WHERE id = p_company_id RETURNING current_balance INTO v_new_balance;

    INSERT INTO public.account_transactions (company_id, transaction_type, document_no, description, debt, credit, balance_after) 
    VALUES (p_company_id, 'TOPTAN SATIŞ', v_order_id::text, 'Sipariş Tutarı', p_total_amount, 0, v_new_balance);

    RETURN jsonb_build_object(
        'success', true, 
        'order_id', v_order_id, 
        'new_balance', v_new_balance
    );
END;
$function$
;

DROP FUNCTION IF EXISTS public."handle_new_user" CASCADE;
CREATE OR REPLACE FUNCTION public.handle_new_user()
 RETURNS trigger
 LANGUAGE plpgsql
 SECURITY DEFINER
AS $function$
begin
  insert into profiles (id, full_name, is_admin)
  values (
    new.id, 
    coalesce(new.raw_user_meta_data->>'full_name', 'New User'),
    false
  );
  return new;
exception when others then
  return new;
end;
$function$
;

DROP FUNCTION IF EXISTS public."is_admin" CASCADE;
CREATE OR REPLACE FUNCTION public.is_admin()
 RETURNS boolean
 LANGUAGE sql
 SECURITY DEFINER
AS $function$ SELECT COALESCE(is_admin, false) FROM profiles WHERE id = auth.uid(); $function$
;

DROP FUNCTION IF EXISTS public."get_db_intelligence" CASCADE;
CREATE OR REPLACE FUNCTION public.get_db_intelligence()
 RETURNS TABLE(obj_type text, obj_name text, obj_def text)
 LANGUAGE plpgsql
 SECURITY DEFINER
AS $function$
            BEGIN
                -- Fetch Functions
                RETURN QUERY 
                SELECT 'FUNCTION'::text, proname::text, pg_get_functiondef(oid)::text 
                FROM pg_proc WHERE pronamespace = 'public'::regnamespace AND proname NOT IN ('exec_sql', 'get_db_intelligence');
                
                -- Fetch Triggers
                RETURN QUERY
                SELECT 'TRIGGER'::text, tgname::text, pg_get_triggerdef(oid)::text 
                FROM pg_trigger WHERE tgisinternal = false;
            END; $function$
;

-- 8. RLS POLICIES
ALTER TABLE public."cart_items" ENABLE ROW LEVEL SECURITY;
ALTER TABLE public."products" ENABLE ROW LEVEL SECURITY;
ALTER TABLE public."account_transactions" ENABLE ROW LEVEL SECURITY;
ALTER TABLE public."site_settings" ENABLE ROW LEVEL SECURITY;
ALTER TABLE public."profiles" ENABLE ROW LEVEL SECURITY;
ALTER TABLE public."suggestions" ENABLE ROW LEVEL SECURITY;
ALTER TABLE public."user_activities" ENABLE ROW LEVEL SECURITY;
ALTER TABLE public."product_prices" ENABLE ROW LEVEL SECURITY;
ALTER TABLE public."stock_movements" ENABLE ROW LEVEL SECURITY;
ALTER TABLE public."price_groups" ENABLE ROW LEVEL SECURITY;
ALTER TABLE public."invoice_items" ENABLE ROW LEVEL SECURITY;
ALTER TABLE public."orders" ENABLE ROW LEVEL SECURITY;
ALTER TABLE public."invoices" ENABLE ROW LEVEL SECURITY;
ALTER TABLE public."product_follows" ENABLE ROW LEVEL SECURITY;
ALTER TABLE public."order_items" ENABLE ROW LEVEL SECURITY;
ALTER TABLE public."companies" ENABLE ROW LEVEL SECURITY;
ALTER TABLE public."banners" ENABLE ROW LEVEL SECURITY;
ALTER TABLE public."representative_assignments" ENABLE ROW LEVEL SECURITY;
ALTER TABLE public."customer_representatives" ENABLE ROW LEVEL SECURITY;
ALTER TABLE public."company_extra_discounts" ENABLE ROW LEVEL SECURITY;
CREATE POLICY "Authenticated can view products" ON public."products" FOR SELECT TO public USING (((auth.uid() IS NOT NULL) AND (is_active = true)));
CREATE POLICY "Admins manage products" ON public."products" FOR ALL TO public USING ((EXISTS ( SELECT 1
   FROM profiles
  WHERE ((profiles.id = auth.uid()) AND (profiles.is_admin = true)))));
CREATE POLICY "Company sees own orders" ON public."orders" FOR SELECT TO public USING ((company_id = ( SELECT profiles.company_id
   FROM profiles
  WHERE (profiles.id = auth.uid()))));
CREATE POLICY "Company creates orders" ON public."orders" FOR INSERT TO public WITH CHECK ((company_id = ( SELECT profiles.company_id
   FROM profiles
  WHERE (profiles.id = auth.uid()))));
CREATE POLICY "Admins manage orders" ON public."orders" FOR ALL TO public USING ((EXISTS ( SELECT 1
   FROM profiles
  WHERE ((profiles.id = auth.uid()) AND (profiles.is_admin = true)))));
CREATE POLICY "Company sees own invoices" ON public."invoices" FOR SELECT TO public USING ((company_id = ( SELECT profiles.company_id
   FROM profiles
  WHERE (profiles.id = auth.uid()))));
CREATE POLICY "Admins manage invoices" ON public."invoices" FOR ALL TO public USING ((EXISTS ( SELECT 1
   FROM profiles
  WHERE ((profiles.id = auth.uid()) AND (profiles.is_admin = true)))));
CREATE POLICY "Users read own profile" ON public."profiles" FOR SELECT TO public USING ((auth.uid() = id));
CREATE POLICY "Admins read all profiles" ON public."profiles" FOR SELECT TO public USING (is_admin());
CREATE POLICY "Users can view their own company" ON public."companies" FOR SELECT TO authenticated USING ((id IN ( SELECT profiles.company_id
   FROM profiles
  WHERE (profiles.id = auth.uid()))));
CREATE POLICY "Admins can view all companies" ON public."companies" FOR SELECT TO authenticated USING ((EXISTS ( SELECT 1
   FROM profiles
  WHERE ((profiles.id = auth.uid()) AND (profiles.is_admin = true)))));
CREATE POLICY "Users can read own profile" ON public."profiles" FOR SELECT TO public USING ((auth.uid() = id));
CREATE POLICY "Admins can read all profiles" ON public."profiles" FOR SELECT TO public USING (is_admin_user());
CREATE POLICY "Users can update own profile" ON public."profiles" FOR UPDATE TO public USING ((auth.uid() = id));
CREATE POLICY "Users can read their own company" ON public."companies" FOR SELECT TO public USING ((id IN ( SELECT profiles.company_id
   FROM profiles
  WHERE (profiles.id = auth.uid()))));
CREATE POLICY "Admins can read all companies" ON public."companies" FOR ALL TO public USING (is_admin_user());
CREATE POLICY "Authenticated users can view products" ON public."products" FOR SELECT TO public USING ((auth.role() = 'authenticated'::text));
CREATE POLICY "Admins can manage products" ON public."products" FOR ALL TO public USING (is_admin_user());
CREATE POLICY "Users can view own company invoices" ON public."invoices" FOR SELECT TO public USING ((company_id IN ( SELECT profiles.company_id
   FROM profiles
  WHERE (profiles.id = auth.uid()))));
CREATE POLICY "Admins can manage all invoices" ON public."invoices" FOR ALL TO public USING (is_admin_user());
CREATE POLICY "Users manage own follows" ON public."product_follows" FOR ALL TO public USING ((auth.uid() = user_id));
CREATE POLICY "Users can insert order items" ON public."order_items" FOR INSERT TO public WITH CHECK ((auth.uid() IN ( SELECT p.id
   FROM (profiles p
     JOIN orders o ON ((o.company_id = p.company_id)))
  WHERE (o.id = order_items.order_id))));
CREATE POLICY "Users view own transactions" ON public."account_transactions" FOR SELECT TO public USING ((company_id IN ( SELECT profiles.company_id
   FROM profiles
  WHERE (profiles.id = auth.uid()))));
CREATE POLICY "Bayiler kendi siparişlerinin içeriklerini görebilir" ON public."order_items" FOR SELECT TO public USING ((EXISTS ( SELECT 1
   FROM (orders o
     JOIN profiles p ON ((o.company_id = p.company_id)))
  WHERE ((o.id = order_items.order_id) AND (p.id = auth.uid())))));
CREATE POLICY "Adminler tüm sipariş içeriklerini görebilir" ON public."order_items" FOR SELECT TO public USING ((EXISTS ( SELECT 1
   FROM profiles
  WHERE ((profiles.id = auth.uid()) AND (profiles.is_admin = true)))));
CREATE POLICY "Adminler tüm hareketleri görebilir" ON public."user_activities" FOR SELECT TO public USING ((EXISTS ( SELECT 1
   FROM profiles
  WHERE ((profiles.id = auth.uid()) AND (profiles.is_admin = true)))));
CREATE POLICY "Admins view all transactions" ON public."account_transactions" FOR ALL TO public USING ((EXISTS ( SELECT 1
   FROM profiles
  WHERE ((profiles.id = auth.uid()) AND (profiles.is_admin = true)))));
CREATE POLICY "Admins can view all suggestions" ON public."suggestions" FOR SELECT TO public USING ((EXISTS ( SELECT 1
   FROM profiles
  WHERE ((profiles.id = auth.uid()) AND (profiles.is_admin = true)))));
CREATE POLICY "Users can insert their own suggestions" ON public."suggestions" FOR INSERT TO public WITH CHECK (true);
CREATE POLICY "Users view company cart" ON public."cart_items" FOR SELECT TO public USING ((EXISTS ( SELECT 1
   FROM profiles
  WHERE ((profiles.id = auth.uid()) AND (profiles.company_id = cart_items.company_id)))));
CREATE POLICY "Users manage company cart" ON public."cart_items" FOR ALL TO public USING ((EXISTS ( SELECT 1
   FROM profiles
  WHERE ((profiles.id = auth.uid()) AND (profiles.company_id = cart_items.company_id)))));
CREATE POLICY "Admins manage all carts" ON public."cart_items" FOR ALL TO public USING ((EXISTS ( SELECT 1
   FROM profiles
  WHERE ((profiles.id = auth.uid()) AND (profiles.is_admin = true)))));
CREATE POLICY "Allow public read" ON public."banners" FOR SELECT TO public USING (true);
CREATE POLICY "Allow admin all" ON public."banners" FOR ALL TO public USING (true);
CREATE POLICY "Users can manage their company cart items" ON public."cart_items" FOR ALL TO authenticated USING ((EXISTS ( SELECT 1
   FROM profiles
  WHERE ((profiles.id = auth.uid()) AND (profiles.company_id = cart_items.company_id))))) WITH CHECK ((EXISTS ( SELECT 1
   FROM profiles
  WHERE ((profiles.id = auth.uid()) AND (profiles.company_id = cart_items.company_id)))));
CREATE POLICY "Admins can manage all cart items" ON public."cart_items" FOR ALL TO authenticated USING ((EXISTS ( SELECT 1
   FROM profiles
  WHERE ((profiles.id = auth.uid()) AND (profiles.is_admin = true)))));
CREATE POLICY "Admins can manage representatives" ON public."customer_representatives" FOR ALL TO authenticated USING ((EXISTS ( SELECT 1
   FROM profiles
  WHERE ((profiles.id = auth.uid()) AND (profiles.is_admin = true)))));
CREATE POLICY "Admins can manage assignments" ON public."representative_assignments" FOR ALL TO authenticated USING ((EXISTS ( SELECT 1
   FROM profiles
  WHERE ((profiles.id = auth.uid()) AND (profiles.is_admin = true)))));
CREATE POLICY "Representatives can view own record" ON public."customer_representatives" FOR SELECT TO authenticated USING ((auth.uid() = id));
CREATE POLICY "Representatives can view own assignments" ON public."representative_assignments" FOR SELECT TO authenticated USING ((auth.uid() = representative_id));
CREATE POLICY "Allow all for service role" ON public."company_extra_discounts" FOR ALL TO public USING (true) WITH CHECK (true);
CREATE POLICY "Herkes ayarları görebilir" ON public."site_settings" FOR SELECT TO public USING (true);
CREATE POLICY "Sadece adminler güncelleyebilir" ON public."site_settings" FOR UPDATE TO public USING ((EXISTS ( SELECT 1
   FROM profiles
  WHERE ((profiles.id = auth.uid()) AND (profiles.is_admin = true)))));
CREATE POLICY "Sadece adminler ekleyebilir" ON public."site_settings" FOR INSERT TO public WITH CHECK ((EXISTS ( SELECT 1
   FROM profiles
  WHERE ((profiles.id = auth.uid()) AND (profiles.is_admin = true)))));

-- 9. TRIGGERS
CREATE TRIGGER set_document_no_trigger BEFORE INSERT ON public.account_transactions FOR EACH ROW EXECUTE FUNCTION trg_set_document_no();
CREATE TRIGGER update_cart_items_updated_at BEFORE UPDATE ON public.cart_items FOR EACH ROW EXECUTE FUNCTION update_updated_at_column();
CREATE TRIGGER update_representatives_updated_at BEFORE UPDATE ON public.customer_representatives FOR EACH ROW EXECUTE FUNCTION update_updated_at_column();

-- 🟢 Re-enable integrity checks
SET session_replication_role = 'origin';

COMMIT;
